ISO-10303-21;
HEADER;
FILE_DESCRIPTION (( 'STEP AP203' ),
    '1' );
FILE_NAME ('4668K107_Permanently Lubricated 440C Stainless Steel Ball Bearing.STEP',
    '2026-01-18T22:24:15',
    ( 'McMaster Carr Supply' ),
    ( 'McMaster Carr Supply' ),
    'SwSTEP 2.0',
    'SolidWorks 2024',
    '' );
FILE_SCHEMA (( 'CONFIG_CONTROL_DESIGN' ));
ENDSEC;

DATA;
#1 = ORIENTED_EDGE ( 'NONE', *, *, #175, .T. ) ;
#2 = DIRECTION ( 'NONE',  ( 1.000000000000000000, 0.000000000000000000, 0.000000000000000000 ) ) ;
#3 = FACE_BOUND ( 'NONE', #326, .T. ) ;
#4 = VERTEX_POINT ( 'NONE', #1159 ) ;
#5 = DIRECTION ( 'NONE',  ( -1.000000000000000000, 0.000000000000000000, -0.000000000000000000 ) ) ;
#6 = EDGE_CURVE ( 'NONE', #573, #325, #582, .T. ) ;
#7 = VECTOR ( 'NONE', #914, 1000.000000000000000 ) ;
#8 = FACE_OUTER_BOUND ( 'NONE', #99, .T. ) ;
#9 = EDGE_CURVE ( 'NONE', #843, #615, #711, .T. ) ;
#10 = CARTESIAN_POINT ( 'NONE',  ( 0.000000000000000000, -5.510910596163089556E-16, 1.470000000000000417 ) ) ;
#11 = CARTESIAN_POINT ( 'NONE',  ( 4.224687619454577714, 0.9642573804773217905, -3.390884520634789236E-16 ) ) ;
#12 = ORIENTED_EDGE ( 'NONE', *, *, #844, .F. ) ;
#13 = CYLINDRICAL_SURFACE ( 'NONE', #150, 1.499999999999999778 ) ;
#14 = AXIS2_PLACEMENT_3D ( 'NONE', #632, #735, #34 ) ;
#15 = CARTESIAN_POINT ( 'NONE',  ( 1.499999999999999778, -5.510910596163089556E-16, -1.275000000000000133 ) ) ;
#16 = DIRECTION ( 'NONE',  ( -0.000000000000000000, -0.000000000000000000, 1.000000000000000000 ) ) ;
#17 = DIRECTION ( 'NONE',  ( -0.4999999999999793499, 0.000000000000000000, -0.8660254037844505870 ) ) ;
#18 = AXIS2_PLACEMENT_3D ( 'NONE', #490, #961, #578 ) ;
#19 = ORIENTED_EDGE ( 'NONE', *, *, #619, .F. ) ;
#20 = EDGE_CURVE ( 'NONE', #1029, #524, #1296, .T. ) ;
#21 = AXIS2_PLACEMENT_3D ( 'NONE', #778, #297, #404 ) ;
#22 = EDGE_LOOP ( 'NONE', ( #1098, #200, #572, #753 ) ) ;
#23 = CARTESIAN_POINT ( 'NONE',  ( 2.250000000000000000, -5.510910596163089556E-16, 1.500000000000000000 ) ) ;
#24 = CARTESIAN_POINT ( 'NONE',  ( -4.326794919243119431, -5.510910596163089556E-16, 1.500000000000000888 ) ) ;
#25 = CARTESIAN_POINT ( 'NONE',  ( 3.999999999999999112, -5.510910596163089556E-16, -0.8333333333333330373 ) ) ;
#26 = SPHERICAL_SURFACE ( 'NONE', #344, 1.208333333333333037 ) ;
#27 = ORIENTED_EDGE ( 'NONE', *, *, #503, .T. ) ;
#28 = AXIS2_PLACEMENT_3D ( 'NONE', #31, #1298, #852 ) ;
#29 = ADVANCED_FACE ( 'NONE', ( #708 ), #1343, .T. ) ;
#30 = ORIENTED_EDGE ( 'NONE', *, *, #889, .F. ) ;
#31 = CARTESIAN_POINT ( 'NONE',  ( 0.000000000000000000, -5.510910596163089556E-16, -0.8333333333333330373 ) ) ;
#32 = EDGE_CURVE ( 'NONE', #1030, #318, #822, .T. ) ;
#33 = TOROIDAL_SURFACE ( 'NONE', #1393, 3.124999999999999556, 1.208333333333333259 ) ;
#34 = DIRECTION ( 'NONE',  ( 1.000000000000000000, 0.000000000000000000, 0.000000000000000000 ) ) ;
#35 = AXIS2_PLACEMENT_3D ( 'NONE', #986, #1363, #327 ) ;
#36 = EDGE_LOOP ( 'NONE', ( #1354, #964 ) ) ;
#37 = VERTEX_POINT ( 'NONE', #244 ) ;
#38 = DIRECTION ( 'NONE',  ( 1.000000000000000000, 0.000000000000000000, 0.000000000000000000 ) ) ;
#39 = AXIS2_PLACEMENT_3D ( 'NONE', #974, #995, #165 ) ;
#40 = CARTESIAN_POINT ( 'NONE',  ( -2.250000000000000000, -2.755455298081545271E-16, 1.500000000000000000 ) ) ;
#41 = ORIENTED_EDGE ( 'NONE', *, *, #1336, .T. ) ;
#42 = VECTOR ( 'NONE', #1432, 1000.000000000000000 ) ;
#43 = DATE_AND_TIME ( #395, #1425 ) ;
#44 = ORIENTED_EDGE ( 'NONE', *, *, #1162, .F. ) ;
#45 = CARTESIAN_POINT ( 'NONE',  ( 2.219999999999999751, -2.792194702055965539E-16, 1.500000000000000000 ) ) ;
#46 = AXIS2_PLACEMENT_3D ( 'NONE', #265, #577, #1050 ) ;
#47 = DIRECTION ( 'NONE',  ( 0.4999999999999793499, 0.000000000000000000, 0.8660254037844505870 ) ) ;
#48 = EDGE_CURVE ( 'NONE', #816, #1295, #295, .T. ) ;
#49 = DIRECTION ( 'NONE',  ( -0.9749279121818228422, 0.2225209339563181399, 0.000000000000000000 ) ) ;
#50 = CIRCLE ( 'NONE', #734, 3.999999999999999112 ) ;
#51 = APPROVAL_DATE_TIME ( #1220, #537 ) ;
#52 = CLOSED_SHELL ( 'NONE', ( #938, #712, #756, #127, #565, #777, #258, #633, #1033, #247, #1318, #1299, #991, #891, #856, #1124, #1132, #825 ) ) ;
#53 = ORIENTED_EDGE ( 'NONE', *, *, #1074, .F. ) ;
#54 = DIRECTION ( 'NONE',  ( -1.000000000000000000, 4.720941227246149414E-32, -1.224646799147353207E-16 ) ) ;
#55 = CARTESIAN_POINT ( 'NONE',  ( -3.999999999999998224, -6.123233995736790688E-17, 1.500000000000000000 ) ) ;
#56 = CIRCLE ( 'NONE', #1103, 2.250000000000000000 ) ;
#57 = DIRECTION ( 'NONE',  ( 1.000000000000000000, 0.000000000000000000, 0.000000000000000000 ) ) ;
#58 = CONICAL_SURFACE ( 'NONE', #378, 2.250000000000000000, 0.7853981633974554954 ) ;
#59 = EDGE_CURVE ( 'NONE', #1090, #318, #224, .T. ) ;
#60 = PERSON_AND_ORGANIZATION_ROLE ( 'creator' ) ;
#61 = VERTEX_POINT ( 'NONE', #715 ) ;
#62 = FACE_OUTER_BOUND ( 'NONE', #1297, .T. ) ;
#63 = DIRECTION ( 'NONE',  ( -0.2225209339563182231, -0.9749279121818227312, -1.232595164407830946E-32 ) ) ;
#64 = ORIENTED_EDGE ( 'NONE', *, *, #546, .T. ) ;
#65 = MANIFOLD_SOLID_BREP ( 'Revolve3', #272 ) ;
#66 = CARTESIAN_POINT ( 'NONE',  ( -4.224687619454565279, 0.9642573804773789670, -3.390884520634789236E-16 ) ) ;
#67 = EDGE_CURVE ( 'NONE', #1295, #1029, #810, .T. ) ;
#68 = EDGE_LOOP ( 'NONE', ( #1426, #312, #782, #1289 ) ) ;
#69 = DIRECTION ( 'NONE',  ( -0.000000000000000000, -0.000000000000000000, 1.000000000000000000 ) ) ;
#70 = CIRCLE ( 'NONE', #1356, 1.208333333333333481 ) ;
#71 = MANIFOLD_SOLID_BREP ( 'CirPattern1[2]', #249 ) ;
#72 = DIRECTION ( 'NONE',  ( -0.6234898018587320401, 0.7818314824680310249, -1.224646799147352961E-16 ) ) ;
#73 = EDGE_CURVE ( 'NONE', #125, #907, #1458, .T. ) ;
#74 = EDGE_LOOP ( 'NONE', ( #236, #350, #163, #430 ) ) ;
#75 = DIRECTION ( 'NONE',  ( 0.000000000000000000, 0.000000000000000000, -1.000000000000000000 ) ) ;
#76 = EDGE_LOOP ( 'NONE', ( #1066, #1053, #694, #1015 ) ) ;
#77 = CARTESIAN_POINT ( 'NONE',  ( 0.000000000000000000, -5.510910596163089556E-16, 1.500000000000000000 ) ) ;
#78 = ADVANCED_FACE ( 'NONE', ( #3, #1059 ), #491, .T. ) ;
#79 = CIRCLE ( 'NONE', #489, 2.219999999999999751 ) ;
#80 = EDGE_CURVE ( 'NONE', #1391, #701, #758, .T. ) ;
#81 = LINE ( 'NONE', #1380, #627 ) ;
#82 = AXIS2_PLACEMENT_3D ( 'NONE', #83, #453, #921 ) ;
#83 = CARTESIAN_POINT ( 'NONE',  ( 0.000000000000000000, -5.510910596163089556E-16, 1.281249999999999556 ) ) ;
#84 = DIRECTION ( 'NONE',  ( 1.000000000000000000, 0.000000000000000000, 0.000000000000000000 ) ) ;
#85 = VERTEX_POINT ( 'NONE', #11 ) ;
#86 = FACE_OUTER_BOUND ( 'NONE', #499, .T. ) ;
#87 = CYLINDRICAL_SURFACE ( 'NONE', #896, 3.999999999999998224 ) ;
#88 = CC_DESIGN_SECURITY_CLASSIFICATION ( #597, ( #646 ) ) ;
#89 = FACE_OUTER_BOUND ( 'NONE', #74, .T. ) ;
#90 = DIRECTION ( 'NONE',  ( 1.000000000000000000, 0.000000000000000000, 0.000000000000000000 ) ) ;
#91 = ORIENTED_EDGE ( 'NONE', *, *, #608, .T. ) ;
#92 = DIRECTION ( 'NONE',  ( -0.4338837391175651148, -0.9009688679024157043, 0.000000000000000000 ) ) ;
#93 = CARTESIAN_POINT ( 'NONE',  ( 3.999999999999998224, -5.510910596163089556E-16, 1.500000000000000000 ) ) ;
#94 = AXIS2_PLACEMENT_3D ( 'NONE', #1365, #890, #569 ) ;
#95 = AXIS2_PLACEMENT_3D ( 'NONE', #517, #988, #1436 ) ;
#96 = EDGE_CURVE ( 'NONE', #1307, #1090, #1072, .T. ) ;
#97 = CARTESIAN_POINT ( 'NONE',  ( 3.046649725568205458, 0.6953779186134532164, 2.007060031935939615E-16 ) ) ;
#98 = CARTESIAN_POINT ( 'NONE',  ( 1.868611831681833202, 0.4264984567495847534, 5.925223035536950121E-16 ) ) ;
#99 = EDGE_LOOP ( 'NONE', ( #1, #1462 ) ) ;
#100 = VERTEX_POINT ( 'NONE', #953 ) ;
#101 = LINE ( 'NONE', #559, #444 ) ;
#102 = DIRECTION ( 'NONE',  ( 1.794541526872559599E-16, -3.589083053745119197E-16, -1.000000000000000000 ) ) ;
#103 = MANIFOLD_SOLID_BREP ( 'CirPattern1[3]', #933 ) ;
#104 = CIRCLE ( 'NONE', #958, 1.208333333333332815 ) ;
#105 = DIRECTION ( 'NONE',  ( 0.000000000000000000, 3.589083053745119197E-16, -1.000000000000000000 ) ) ;
#106 = ORIENTED_EDGE ( 'NONE', *, *, #731, .F. ) ;
#107 = CARTESIAN_POINT ( 'NONE',  ( 0.000000000000000000, -4.336808689942017736E-16, 0.000000000000000000 ) ) ;
#108 = EDGE_LOOP ( 'NONE', ( #738, #455, #423, #290 ) ) ;
#109 = ORIENTED_EDGE ( 'NONE', *, *, #1101, .F. ) ;
#110 = ADVANCED_FACE ( 'NONE', ( #124 ), #26, .T. ) ;
#111 = CIRCLE ( 'NONE', #965, 1.208333333333333481 ) ;
#112 = CARTESIAN_POINT ( 'NONE',  ( 2.250000000000000000, -5.510910596163089556E-16, 0.8333333333333331483 ) ) ;
#113 = MANIFOLD_SOLID_BREP ( 'CirPattern1[5]', #154 ) ;
#114 = SPHERICAL_SURFACE ( 'NONE', #1092, 1.208333333333333037 ) ;
#115 = VERTEX_POINT ( 'NONE', #723 ) ;
#116 = CARTESIAN_POINT ( 'NONE',  ( 0.000000000000000000, -5.510910596163089556E-16, -1.470000000000000862 ) ) ;
#117 = ORIENTED_EDGE ( 'NONE', *, *, #731, .T. ) ;
#118 = ORIENTED_EDGE ( 'NONE', *, *, #1320, .F. ) ;
#119 = VECTOR ( 'NONE', #174, 1000.000000000000000 ) ;
#120 = DIRECTION ( 'NONE',  ( -0.000000000000000000, -0.000000000000000000, 1.000000000000000000 ) ) ;
#121 = DIRECTION ( 'NONE',  ( 0.000000000000000000, 0.000000000000000000, -1.000000000000000000 ) ) ;
#122 = AXIS2_PLACEMENT_3D ( 'NONE', #707, #482, #1409 ) ;
#123 = CYLINDRICAL_SURFACE ( 'NONE', #18, 3.999999999999998224 ) ;
#124 = FACE_OUTER_BOUND ( 'NONE', #716, .T. ) ;
#125 = VERTEX_POINT ( 'NONE', #579 ) ;
#126 = DIRECTION ( 'NONE',  ( 1.000000000000000000, 0.000000000000000000, 0.000000000000000000 ) ) ;
#127 = ADVANCED_FACE ( 'NONE', ( #1052 ), #357, .F. ) ;
#128 = FACE_OUTER_BOUND ( 'NONE', #253, .T. ) ;
#129 = LINE ( 'NONE', #970, #740 ) ;
#130 = CARTESIAN_POINT ( 'NONE',  ( -4.029999999999997584, -3.738290779320204347E-16, -1.470000000000000862 ) ) ;
#131 = ORIENTED_EDGE ( 'NONE', *, *, #779, .F. ) ;
#132 = CARTESIAN_POINT ( 'NONE',  ( -2.250000000000000000, -1.581353391860473698E-16, -0.8333333333333330373 ) ) ;
#133 = VECTOR ( 'NONE', #1335, 1000.000000000000000 ) ;
#134 = DIRECTION ( 'NONE',  ( 1.000000000000000000, 0.000000000000000000, 0.000000000000000000 ) ) ;
#135 = EDGE_CURVE ( 'NONE', #615, #718, #385, .T. ) ;
#136 = FACE_OUTER_BOUND ( 'NONE', #1459, .T. ) ;
#137 = DIRECTION ( 'NONE',  ( -1.000000000000000000, 1.224646799147361096E-16, 0.000000000000000000 ) ) ;
#138 = EDGE_LOOP ( 'NONE', ( #1433, #1146, #954, #1067 ) ) ;
#139 = ORIENTED_EDGE ( 'NONE', *, *, #348, .T. ) ;
#140 = CARTESIAN_POINT ( 'NONE',  ( 0.000000000000000000, -5.510910596163089556E-16, -0.8333333333333330373 ) ) ;
#141 = CIRCLE ( 'NONE', #1041, 1.725000000000000977 ) ;
#142 = DIRECTION ( 'NONE',  ( 1.000000000000000000, 0.000000000000000000, 0.000000000000000000 ) ) ;
#143 = EDGE_CURVE ( 'NONE', #527, #359, #736, .T. ) ;
#144 = CARTESIAN_POINT ( 'NONE',  ( 0.000000000000000000, -5.510910596163089556E-16, -1.200000000000000178 ) ) ;
#145 = DIRECTION ( 'NONE',  ( 1.000000000000000000, 0.000000000000000000, 0.000000000000000000 ) ) ;
#146 = CIRCLE ( 'NONE', #1241, 1.499999999999999778 ) ;
#147 = EDGE_LOOP ( 'NONE', ( #1308, #607, #849, #436 ) ) ;
#148 = ADVANCED_FACE ( 'NONE', ( #494 ), #418, .F. ) ;
#149 = CIRCLE ( 'NONE', #1472, 0.2250000000000003664 ) ;
#150 = AXIS2_PLACEMENT_3D ( 'NONE', #1447, #1123, #201 ) ;
#151 = VERTEX_POINT ( 'NONE', #132 ) ;
#152 = DIRECTION ( 'NONE',  ( 0.7071067811865526798, 8.659560562354995721E-17, -0.7071067811865424657 ) ) ;
#153 = FACE_OUTER_BOUND ( 'NONE', #1328, .T. ) ;
#154 = CLOSED_SHELL ( 'NONE', ( #1179, #1424 ) ) ;
#155 = CARTESIAN_POINT ( 'NONE',  ( 4.029999999999997584, -8.673617379884035472E-16, 1.500000000000000444 ) ) ;
#156 = AXIS2_PLACEMENT_3D ( 'NONE', #1306, #1281, #585 ) ;
#157 = EDGE_CURVE ( 'NONE', #100, #1021, #104, .T. ) ;
#158 = EDGE_LOOP ( 'NONE', ( #27, #1420, #341, #1024 ) ) ;
#159 = DIRECTION ( 'NONE',  ( 1.000000000000000000, 0.000000000000000000, 0.000000000000000000 ) ) ;
#160 = TOROIDAL_SURFACE ( 'NONE', #662, 3.124999999999999556, 1.208333333333333259 ) ;
#161 = CARTESIAN_POINT ( 'NONE',  ( -2.250000000000000000, -2.755455298081545271E-16, 1.500000000000000444 ) ) ;
#162 = DIRECTION ( 'NONE',  ( -0.000000000000000000, -0.000000000000000000, 1.000000000000000000 ) ) ;
#163 = ORIENTED_EDGE ( 'NONE', *, *, #237, .T. ) ;
#164 = CARTESIAN_POINT ( 'NONE',  ( 0.000000000000000000, -4.336808689942017736E-16, -1.479781548969718099E-16 ) ) ;
#165 = DIRECTION ( 'NONE',  ( 1.000000000000000000, 0.000000000000000000, 0.000000000000000000 ) ) ;
#166 = ORIENTED_EDGE ( 'NONE', *, *, #1379, .F. ) ;
#167 = FACE_OUTER_BOUND ( 'NONE', #308, .T. ) ;
#168 = EDGE_LOOP ( 'NONE', ( #275, #1189, #916, #221 ) ) ;
#169 = AXIS2_PLACEMENT_3D ( 'NONE', #1473, #322, #434 ) ;
#170 = DIRECTION ( 'NONE',  ( 1.000000000000000000, 0.000000000000000000, 0.000000000000000000 ) ) ;
#171 = EDGE_LOOP ( 'NONE', ( #1383, #492, #390, #771 ) ) ;
#172 = DIRECTION ( 'NONE',  ( 1.000000000000000000, 0.000000000000000000, 0.000000000000000000 ) ) ;
#173 = AXIS2_PLACEMENT_3D ( 'NONE', #459, #1056, #1400 ) ;
#174 = DIRECTION ( 'NONE',  ( -0.000000000000000000, -0.000000000000000000, 1.000000000000000000 ) ) ;
#175 = EDGE_CURVE ( 'NONE', #325, #573, #79, .T. ) ;
#176 = LINE ( 'NONE', #1340, #1169 ) ;
#177 = DATE_AND_TIME ( #1104, #746 ) ;
#178 = CIRCLE ( 'NONE', #28, 3.999999999999999112 ) ;
#179 = VERTEX_POINT ( 'NONE', #1195 ) ;
#180 = DIRECTION ( 'NONE',  ( 0.9749279121818257288, 0.2225209339563051503, 0.000000000000000000 ) ) ;
#181 = LINE ( 'NONE', #523, #1262 ) ;
#182 = AXIS2_PLACEMENT_3D ( 'NONE', #1467, #1127, #540 ) ;
#183 = DIRECTION ( 'NONE',  ( 1.000000000000000000, 0.000000000000000000, 0.000000000000000000 ) ) ;
#184 = CIRCLE ( 'NONE', #1254, 3.999999999999998224 ) ;
#185 = PERSON_AND_ORGANIZATION ( #678, #331 ) ;
#186 = ORIENTED_EDGE ( 'NONE', *, *, #546, .F. ) ;
#187 = FACE_OUTER_BOUND ( 'NONE', #1152, .T. ) ;
#188 = CARTESIAN_POINT ( 'NONE',  ( 2.219999999999999751, -5.510910596163089556E-16, -1.500000000000000000 ) ) ;
#189 = LINE ( 'NONE', #1086, #42 ) ;
#190 = CIRCLE ( 'NONE', #1117, 2.250000000000000000 ) ;
#191 = EDGE_CURVE ( 'NONE', #374, #1404, #883, .T. ) ;
#192 = DATE_AND_TIME ( #879, #310 ) ;
#193 = ORIENTED_EDGE ( 'NONE', *, *, #927, .T. ) ;
#194 = EDGE_CURVE ( 'NONE', #573, #718, #600, .T. ) ;
#195 = DIRECTION ( 'NONE',  ( -0.000000000000000000, -0.000000000000000000, 1.000000000000000000 ) ) ;
#196 = CIRCLE ( 'NONE', #602, 2.250000000000000000 ) ;
#197 = FACE_OUTER_BOUND ( 'NONE', #1446, .T. ) ;
#198 = DIRECTION ( 'NONE',  ( 1.000000000000000000, 0.000000000000000000, 0.000000000000000000 ) ) ;
#199 = DIRECTION ( 'NONE',  ( -0.000000000000000000, -0.000000000000000000, 1.000000000000000000 ) ) ;
#200 = ORIENTED_EDGE ( 'NONE', *, *, #1344, .T. ) ;
#201 = DIRECTION ( 'NONE',  ( 1.000000000000000000, 0.000000000000000000, 0.000000000000000000 ) ) ;
#202 = FACE_OUTER_BOUND ( 'NONE', #1045, .T. ) ;
#203 = DIRECTION ( 'NONE',  ( 3.589083053745119197E-16, 1.794541526872559599E-16, -1.000000000000000000 ) ) ;
#204 = DIRECTION ( 'NONE',  ( -0.000000000000000000, -0.000000000000000000, 1.000000000000000000 ) ) ;
#205 = ORIENTED_EDGE ( 'NONE', *, *, #906, .T. ) ;
#206 = CARTESIAN_POINT ( 'NONE',  ( 1.355886684742391157, 2.815527712195049492, 2.007060031935939615E-16 ) ) ;
#207 = DIRECTION ( 'NONE',  ( 1.000000000000000000, 0.000000000000000000, 0.000000000000000000 ) ) ;
#208 = DIRECTION ( 'NONE',  ( -0.000000000000000000, -0.000000000000000000, 1.000000000000000000 ) ) ;
#209 = CIRCLE ( 'NONE', #544, 3.999999999999998224 ) ;
#210 = FACE_OUTER_BOUND ( 'NONE', #947, .T. ) ;
#211 = ORIENTED_EDGE ( 'NONE', *, *, #1362, .F. ) ;
#212 = ORIENTED_EDGE ( 'NONE', *, *, #1273, .T. ) ;
#213 = DIRECTION ( 'NONE',  ( -1.000000000000000000, 1.224646799147352714E-16, 0.000000000000000000 ) ) ;
#214 = ADVANCED_FACE ( 'NONE', ( #739 ), #957, .T. ) ;
#215 = CIRCLE ( 'NONE', #122, 2.250000000000000000 ) ;
#216 = CIRCLE ( 'NONE', #411, 1.499999999999999778 ) ;
#217 = DIRECTION ( 'NONE',  ( -0.000000000000000000, -0.000000000000000000, 1.000000000000000000 ) ) ;
#218 = EDGE_CURVE ( 'NONE', #880, #1040, #178, .T. ) ;
#219 = CARTESIAN_POINT ( 'NONE',  ( 0.000000000000000000, -5.510910596163089556E-16, -1.500000000000000444 ) ) ;
#220 = VERTEX_POINT ( 'NONE', #487 ) ;
#221 = ORIENTED_EDGE ( 'NONE', *, *, #59, .F. ) ;
#222 = CARTESIAN_POINT ( 'NONE',  ( 0.000000000000000000, -4.336808689942017736E-16, 0.000000000000000000 ) ) ;
#223 = DIRECTION ( 'NONE',  ( 1.000000000000000000, 0.000000000000000000, 0.000000000000000000 ) ) ;
#224 = CIRCLE ( 'NONE', #1077, 4.499999999999998224 ) ;
#225 = CARTESIAN_POINT ( 'NONE',  ( 4.029999999999997584, -8.673617379884035472E-16, -1.500000000000000444 ) ) ;
#226 = EDGE_CURVE ( 'NONE', #1040, #880, #372, .T. ) ;
#227 = DIRECTION ( 'NONE',  ( 0.000000000000000000, -1.000000000000000000, 0.000000000000000000 ) ) ;
#228 = ORIENTED_EDGE ( 'NONE', *, *, #479, .F. ) ;
#229 = ORIENTED_EDGE ( 'NONE', *, *, #1206, .F. ) ;
#230 = AXIS2_PLACEMENT_3D ( 'NONE', #144, #260, #233 ) ;
#231 = DIRECTION ( 'NONE',  ( -0.000000000000000000, -0.000000000000000000, 1.000000000000000000 ) ) ;
#232 = FACE_BOUND ( 'NONE', #1413, .T. ) ;
#233 = DIRECTION ( 'NONE',  ( 1.000000000000000000, 0.000000000000000000, 0.000000000000000000 ) ) ;
#234 = DIRECTION ( 'NONE',  ( -0.000000000000000000, -0.000000000000000000, 1.000000000000000000 ) ) ;
#235 = ADVANCED_FACE ( 'NONE', ( #1429 ), #271, .T. ) ;
#236 = ORIENTED_EDGE ( 'NONE', *, *, #226, .F. ) ;
#237 = EDGE_CURVE ( 'NONE', #807, #1136, #50, .T. ) ;
#238 = LINE ( 'NONE', #93, #1461 ) ;
#239 = AXIS2_PLACEMENT_3D ( 'NONE', #664, #1271, #1012 ) ;
#240 = CARTESIAN_POINT ( 'NONE',  ( 0.000000000000000000, -5.510910596163089556E-16, 1.500000000000000000 ) ) ;
#241 = CIRCLE ( 'NONE', #1405, 3.999999999999999112 ) ;
#242 = ORIENTED_EDGE ( 'NONE', *, *, #779, .T. ) ;
#243 = DIRECTION ( 'NONE',  ( 0.6234898018587431423, 0.7818314824680221431, 0.000000000000000000 ) ) ;
#244 = CARTESIAN_POINT ( 'NONE',  ( 1.499999999999999778, -5.510910596163089556E-16, 1.275000000000000133 ) ) ;
#245 = ORIENTED_EDGE ( 'NONE', *, *, #157, .T. ) ;
#246 = CARTESIAN_POINT ( 'NONE',  ( 0.000000000000000000, -5.510910596163089556E-16, 1.281249999999999556 ) ) ;
#247 = ADVANCED_FACE ( 'NONE', ( #979 ), #1407, .T. ) ;
#248 = DIRECTION ( 'NONE',  ( -0.000000000000000000, -0.000000000000000000, 1.000000000000000000 ) ) ;
#249 = CLOSED_SHELL ( 'NONE', ( #618, #846 ) ) ;
#250 = ORIENTED_EDGE ( 'NONE', *, *, #1256, .F. ) ;
#251 = CARTESIAN_POINT ( 'NONE',  ( -3.999999999999999112, 5.617785066473938601E-17, 0.8333333333333331483 ) ) ;
#252 = DIRECTION ( 'NONE',  ( 1.224646799147353207E-16, 1.000000000000000000, 0.000000000000000000 ) ) ;
#253 = EDGE_LOOP ( 'NONE', ( #652, #212, #683, #263 ) ) ;
#254 = ORIENTED_EDGE ( 'NONE', *, *, #1003, .T. ) ;
#255 = DIRECTION ( 'NONE',  ( -0.000000000000000000, -0.000000000000000000, 1.000000000000000000 ) ) ;
#256 = CIRCLE ( 'NONE', #1485, 1.208333333333333259 ) ;
#257 = CIRCLE ( 'NONE', #691, 1.208333333333332815 ) ;
#258 = ADVANCED_FACE ( 'NONE', ( #1202 ), #826, .T. ) ;
#259 = FACE_OUTER_BOUND ( 'NONE', #1170, .T. ) ;
#260 = DIRECTION ( 'NONE',  ( -0.000000000000000000, -0.000000000000000000, 1.000000000000000000 ) ) ;
#261 = DIRECTION ( 'NONE',  ( 0.000000000000000000, 3.589083053745119197E-16, -1.000000000000000000 ) ) ;
#262 = EDGE_LOOP ( 'NONE', ( #820, #41, #1483, #468 ) ) ;
#263 = ORIENTED_EDGE ( 'NONE', *, *, #661, .F. ) ;
#264 = DIRECTION ( 'NONE',  ( 0.4338837391175652258, 0.9009688679024157043, 0.000000000000000000 ) ) ;
#265 = CARTESIAN_POINT ( 'NONE',  ( 0.000000000000000000, -5.510910596163089556E-16, -1.200000000000000178 ) ) ;
#266 = EDGE_CURVE ( 'NONE', #1368, #861, #361, .T. ) ;
#267 = CYLINDRICAL_SURFACE ( 'NONE', #949, 3.999999999999998224 ) ;
#268 = ORIENTED_EDGE ( 'NONE', *, *, #1344, .F. ) ;
#269 = CARTESIAN_POINT ( 'NONE',  ( 0.000000000000000000, -5.510910596163089556E-16, -1.500000000000000444 ) ) ;
#270 = CARTESIAN_POINT ( 'NONE',  ( 0.000000000000000000, -5.510910596163089556E-16, -1.470000000000000417 ) ) ;
#271 = CONICAL_SURFACE ( 'NONE', #808, 2.219999999999999751, 0.7853981633974554954 ) ;
#272 = CLOSED_SHELL ( 'NONE', ( #110, #1084 ) ) ;
#273 = DIRECTION ( 'NONE',  ( -0.000000000000000000, -0.000000000000000000, 1.000000000000000000 ) ) ;
#274 = VECTOR ( 'NONE', #1286, 1000.000000000000000 ) ;
#275 = ORIENTED_EDGE ( 'NONE', *, *, #519, .F. ) ;
#276 = CARTESIAN_POINT ( 'NONE',  ( 0.000000000000000000, -5.510910596163089556E-16, 1.500000000000000000 ) ) ;
#277 = EDGE_CURVE ( 'NONE', #1499, #718, #946, .T. ) ;
#278 = AXIS2_PLACEMENT_3D ( 'NONE', #838, #388, #605 ) ;
#279 = DIRECTION ( 'NONE',  ( 1.000000000000000000, 0.000000000000000000, 0.000000000000000000 ) ) ;
#280 = CARTESIAN_POINT ( 'NONE',  ( 4.326794919243119431, -5.510910596163089556E-16, -1.500000000000000888 ) ) ;
#281 = APPROVAL_ROLE ( '' ) ;
#282 = VERTEX_POINT ( 'NONE', #589 ) ;
#283 = CARTESIAN_POINT ( 'NONE',  ( -3.999999999999999112, -6.123233995736780827E-17, 1.500000000000000444 ) ) ;
#284 = ADVANCED_FACE ( 'NONE', ( #1061 ), #13, .F. ) ;
#285 = APPROVAL_PERSON_ORGANIZATION ( #990, #1502, #760 ) ;
#286 = CARTESIAN_POINT ( 'NONE',  ( -4.326794919243119431, -1.060575238724885837E-17, -1.500000000000000888 ) ) ;
#287 = DIRECTION ( 'NONE',  ( 0.4999999999999793499, 6.123233995736513354E-17, -0.8660254037844505870 ) ) ;
#288 = CIRCLE ( 'NONE', #1430, 2.250000000000000000 ) ;
#289 = PERSON_AND_ORGANIZATION_ROLE ( 'creator' ) ;
#290 = ORIENTED_EDGE ( 'NONE', *, *, #1466, .F. ) ;
#291 = DIRECTION ( 'NONE',  ( 0.2225209339563050392, -0.9749279121818257288, -1.224646799147353207E-16 ) ) ;
#292 = CIRCLE ( 'NONE', #1087, 1.208333333333333037 ) ;
#293 = LINE ( 'NONE', #40, #119 ) ;
#294 = APPROVAL_STATUS ( 'not_yet_approved' ) ;
#295 = CIRCLE ( 'NONE', #611, 4.029999999999997584 ) ;
#296 = EDGE_LOOP ( 'NONE', ( #790, #53, #645, #521 ) ) ;
#297 = DIRECTION ( 'NONE',  ( 1.224646799147353207E-16, 1.000000000000000000, 0.000000000000000000 ) ) ;
#298 = CARTESIAN_POINT ( 'NONE',  ( 0.000000000000000000, -5.510910596163089556E-16, 1.500000000000000222 ) ) ;
#299 = EDGE_CURVE ( 'NONE', #1368, #151, #1148, .T. ) ;
#300 = CIRCLE ( 'NONE', #515, 1.499999999999999778 ) ;
#301 = EDGE_LOOP ( 'NONE', ( #463, #663, #1073, #757 ) ) ;
#302 = DIRECTION ( 'NONE',  ( 1.000000000000000000, 0.000000000000000000, 0.000000000000000000 ) ) ;
#303 = EDGE_CURVE ( 'NONE', #673, #61, #1452, .T. ) ;
#304 = AXIS2_PLACEMENT_3D ( 'NONE', #1329, #745, #1099 ) ;
#305 = PERSON_AND_ORGANIZATION ( #678, #331 ) ;
#306 = ORIENTED_EDGE ( 'NONE', *, *, #959, .T. ) ;
#307 = DIRECTION ( 'NONE',  ( 1.000000000000000000, 0.000000000000000000, 0.000000000000000000 ) ) ;
#308 = EDGE_LOOP ( 'NONE', ( #1481, #1177, #793, #1476 ) ) ;
#309 = CARTESIAN_POINT ( 'NONE',  ( 0.000000000000000000, -5.510910596163089556E-16, -1.500000000000000444 ) ) ;
#310 = LOCAL_TIME ( 16, 24, 15.00000000000000000, #1212 ) ;
#311 = CC_DESIGN_DATE_AND_TIME_ASSIGNMENT ( #43, #1348, ( #897 ) ) ;
#312 = ORIENTED_EDGE ( 'NONE', *, *, #679, .T. ) ;
#313 = CARTESIAN_POINT ( 'NONE',  ( 0.000000000000000000, -5.510910596163089556E-16, 1.275000000000000133 ) ) ;
#314 = TOROIDAL_SURFACE ( 'NONE', #1142, 4.029999999999997584, 0.02999999999999975256 ) ;
#315 = AXIS2_PLACEMENT_3D ( 'NONE', #407, #1325, #302 ) ;
#316 = FACE_OUTER_BOUND ( 'NONE', #791, .T. ) ;
#317 = CARTESIAN_POINT ( 'NONE',  ( 4.326794919243119431, -1.060575238724885837E-17, 1.500000000000000888 ) ) ;
#318 = VERTEX_POINT ( 'NONE', #522 ) ;
#319 = ORIENTED_EDGE ( 'NONE', *, *, #80, .F. ) ;
#320 = DIRECTION ( 'NONE',  ( 1.224646799147353207E-16, 1.000000000000000000, 0.000000000000000000 ) ) ;
#321 = CLOSED_SHELL ( 'NONE', ( #1137, #592 ) ) ;
#322 = DIRECTION ( 'NONE',  ( -0.6234898018587431423, -0.7818314824680221431, -1.224646799147353207E-16 ) ) ;
#323 = AXIS2_PLACEMENT_3D ( 'NONE', #365, #356, #714 ) ;
#324 = CARTESIAN_POINT ( 'NONE',  ( 0.000000000000000000, -5.510910596163089556E-16, 0.8333333333333331483 ) ) ;
#325 = VERTEX_POINT ( 'NONE', #659 ) ;
#326 = EDGE_LOOP ( 'NONE', ( #1075, #972 ) ) ;
#327 = DIRECTION ( 'NONE',  ( 1.000000000000000000, 0.000000000000000000, 0.000000000000000000 ) ) ;
#328 = CARTESIAN_POINT ( 'NONE',  ( 0.000000000000000000, -4.333333333333333037, -3.390884520634789236E-16 ) ) ;
#329 = EDGE_CURVE ( 'NONE', #85, #672, #819, .T. ) ;
#330 = DIRECTION ( 'NONE',  ( 3.589083053745119197E-16, 1.794541526872559599E-16, -1.000000000000000000 ) ) ;
#331 = ORGANIZATION ( 'UNSPECIFIED', 'UNSPECIFIED', '' ) ;
#332 = SPHERICAL_SURFACE ( 'NONE', #983, 1.208333333333333037 ) ;
#333 = ORIENTED_EDGE ( 'NONE', *, *, #869, .T. ) ;
#334 = EDGE_LOOP ( 'NONE', ( #1129, #761, #725, #724 ) ) ;
#335 = DIRECTION ( 'NONE',  ( 0.000000000000000000, 0.000000000000000000, -1.000000000000000000 ) ) ;
#336 = CARTESIAN_POINT ( 'NONE',  ( 0.000000000000000000, -2.220000000000000195, -1.500000000000000222 ) ) ;
#337 = AXIS2_PLACEMENT_3D ( 'NONE', #1133, #442, #1248 ) ;
#338 = ADVANCED_FACE ( 'NONE', ( #62 ), #1130, .T. ) ;
#339 = DIRECTION ( 'NONE',  ( -0.000000000000000000, -0.000000000000000000, 1.000000000000000000 ) ) ;
#340 = DIRECTION ( 'NONE',  ( 0.000000000000000000, 0.000000000000000000, -1.000000000000000000 ) ) ;
#341 = ORIENTED_EDGE ( 'NONE', *, *, #458, .F. ) ;
#342 = ORIENTED_EDGE ( 'NONE', *, *, #1002, .F. ) ;
#343 = CLOSED_SHELL ( 'NONE', ( #1095, #747 ) ) ;
#344 = AXIS2_PLACEMENT_3D ( 'NONE', #1168, #839, #261 ) ;
#345 = ADVANCED_FACE ( 'NONE', ( #86 ), #516, .T. ) ;
#346 = FACE_BOUND ( 'NONE', #978, .T. ) ;
#347 = ORIENTED_EDGE ( 'NONE', *, *, #1088, .T. ) ;
#348 = EDGE_CURVE ( 'NONE', #643, #941, #1370, .T. ) ;
#349 = CARTESIAN_POINT ( 'NONE',  ( 0.000000000000000000, -5.510910596163089556E-16, 1.500000000000000000 ) ) ;
#350 = ORIENTED_EDGE ( 'NONE', *, *, #479, .T. ) ;
#351 = ORIENTED_EDGE ( 'NONE', *, *, #1003, .F. ) ;
#352 = AXIS2_PLACEMENT_3D ( 'NONE', #219, #904, #692 ) ;
#353 = DIRECTION ( 'NONE',  ( 1.000000000000000000, 0.000000000000000000, 0.000000000000000000 ) ) ;
#354 = APPLICATION_CONTEXT ( 'configuration controlled 3d designs of mechanical parts and assemblies' ) ;
#355 = PRODUCT_DEFINITION_SHAPE ( 'NONE', 'NONE',  #897 ) ;
#356 = DIRECTION ( 'NONE',  ( -0.000000000000000000, -0.000000000000000000, 1.000000000000000000 ) ) ;
#357 = CYLINDRICAL_SURFACE ( 'NONE', #1388, 3.999999999999998224 ) ;
#358 = EDGE_LOOP ( 'NONE', ( #1475, #667, #242, #684 ) ) ;
#359 = VERTEX_POINT ( 'NONE', #426 ) ;
#360 = FACE_BOUND ( 'NONE', #1014, .T. ) ;
#361 = CIRCLE ( 'NONE', #647, 1.916666666666666519 ) ;
#362 = CIRCLE ( 'NONE', #1215, 2.250000000000000000 ) ;
#363 = DIRECTION ( 'NONE',  ( 1.000000000000000000, 0.000000000000000000, 0.000000000000000000 ) ) ;
#364 = AXIS2_PLACEMENT_3D ( 'NONE', #837, #706, #1166 ) ;
#365 = CARTESIAN_POINT ( 'NONE',  ( 0.000000000000000000, -5.510910596163089556E-16, -1.500000000000000000 ) ) ;
#366 = DIRECTION ( 'NONE',  ( 1.000000000000000000, 0.000000000000000000, 0.000000000000000000 ) ) ;
#367 = EDGE_LOOP ( 'NONE', ( #1207, #1341 ) ) ;
#368 = EDGE_CURVE ( 'NONE', #85, #672, #257, .T. ) ;
#369 = ORIENTED_EDGE ( 'NONE', *, *, #863, .F. ) ;
#370 = DIRECTION ( 'NONE',  ( -0.000000000000000000, -0.000000000000000000, 1.000000000000000000 ) ) ;
#371 = CARTESIAN_POINT ( 'NONE',  ( -4.029999999999997584, -3.738290779320204347E-16, 1.500000000000000444 ) ) ;
#372 = CIRCLE ( 'NONE', #1223, 3.999999999999999112 ) ;
#373 = FACE_OUTER_BOUND ( 'NONE', #262, .T. ) ;
#374 = VERTEX_POINT ( 'NONE', #1239 ) ;
#375 = ORIENTED_EDGE ( 'NONE', *, *, #863, .T. ) ;
#376 = DIRECTION ( 'NONE',  ( 1.000000000000000000, 0.000000000000000000, 0.000000000000000000 ) ) ;
#377 = AXIS2_PLACEMENT_3D ( 'NONE', #1139, #1494, #1283 ) ;
#378 = AXIS2_PLACEMENT_3D ( 'NONE', #1106, #754, #1342 ) ;
#379 = EDGE_CURVE ( 'NONE', #1492, #151, #397, .T. ) ;
#380 = ADVANCED_FACE ( 'NONE', ( #187 ), #58, .T. ) ;
#381 = DIRECTION ( 'NONE',  ( -0.000000000000000000, -0.000000000000000000, 1.000000000000000000 ) ) ;
#382 = CARTESIAN_POINT ( 'NONE',  ( 0.000000000000000000, -5.510910596163089556E-16, -1.470000000000000417 ) ) ;
#383 = ORIENTED_EDGE ( 'NONE', *, *, #266, .F. ) ;
#384 = ORIENTED_EDGE ( 'NONE', *, *, #968, .T. ) ;
#385 = LINE ( 'NONE', #23, #534 ) ;
#386 = CARTESIAN_POINT ( 'NONE',  ( -3.046649725568196132, 0.6953779186134945167, 2.007060031935939615E-16 ) ) ;
#387 = CC_DESIGN_PERSON_AND_ORGANIZATION_ASSIGNMENT ( #1089, #289, ( #897 ) ) ;
#388 = DIRECTION ( 'NONE',  ( 0.2225209339563181954, 0.9749279121818226201, -7.612819889256371480E-18 ) ) ;
#389 = CIRCLE ( 'NONE', #1120, 3.999999999999998224 ) ;
#390 = ORIENTED_EDGE ( 'NONE', *, *, #889, .T. ) ;
#391 = DIRECTION ( 'NONE',  ( -1.000000000000000000, 0.000000000000000000, 0.000000000000000000 ) ) ;
#392 = CARTESIAN_POINT ( 'NONE',  ( -2.250000000000000000, -2.755455298081545271E-16, -1.470000000000000417 ) ) ;
#393 = LINE ( 'NONE', #1319, #1171 ) ;
#394 = EDGE_CURVE ( 'NONE', #37, #282, #1439, .T. ) ;
#395 = CALENDAR_DATE ( 2026, 18, 1 ) ;
#396 = ORIENTED_EDGE ( 'NONE', *, *, #1206, .T. ) ;
#397 = LINE ( 'NONE', #528, #133 ) ;
#398 = VECTOR ( 'NONE', #939, 1000.000000000000000 ) ;
#399 = AXIS2_PLACEMENT_3D ( 'NONE', #456, #925, #1392 ) ;
#400 = DIRECTION ( 'NONE',  ( -0.000000000000000000, -0.000000000000000000, 1.000000000000000000 ) ) ;
#401 = FACE_OUTER_BOUND ( 'NONE', #358, .T. ) ;
#402 = APPROVAL_STATUS ( 'not_yet_approved' ) ;
#403 = ORIENTED_EDGE ( 'NONE', *, *, #1141, .F. ) ;
#404 = DIRECTION ( 'NONE',  ( -1.000000000000000000, 1.224646799147352714E-16, 0.000000000000000000 ) ) ;
#405 = CIRCLE ( 'NONE', #39, 4.326794919243119431 ) ;
#406 = DIRECTION ( 'NONE',  ( 0.4338837391175525138, -0.9009688679024218105, 0.000000000000000000 ) ) ;
#407 = CARTESIAN_POINT ( 'NONE',  ( 0.000000000000000000, -5.510910596163089556E-16, 1.500000000000000888 ) ) ;
#408 = CIRCLE ( 'NONE', #315, 4.326794919243119431 ) ;
#409 = CALENDAR_DATE ( 2026, 18, 1 ) ;
#410 = ORIENTED_EDGE ( 'NONE', *, *, #226, .T. ) ;
#411 = AXIS2_PLACEMENT_3D ( 'NONE', #845, #248, #1284 ) ;
#412 = EDGE_CURVE ( 'NONE', #1295, #816, #1230, .T. ) ;
#413 = ADVANCED_FACE ( 'NONE', ( #644 ), #420, .F. ) ;
#414 = DIRECTION ( 'NONE',  ( -0.000000000000000000, -0.000000000000000000, 1.000000000000000000 ) ) ;
#415 = CARTESIAN_POINT ( 'NONE',  ( 0.000000000000000000, -8.673617379884035472E-16, 1.470000000000000862 ) ) ;
#416 = ORIENTED_EDGE ( 'NONE', *, *, #1435, .F. ) ;
#417 = COORDINATED_UNIVERSAL_TIME_OFFSET ( 6, 0, .BEHIND. ) ;
#418 = TOROIDAL_SURFACE ( 'NONE', #685, 3.124999999999999556, 1.208333333333333259 ) ;
#419 = ORIENTED_EDGE ( 'NONE', *, *, #48, .T. ) ;
#420 = CYLINDRICAL_SURFACE ( 'NONE', #1107, 2.250000000000000444 ) ;
#421 = ADVANCED_FACE ( 'NONE', ( #1001 ), #770, .F. ) ;
#422 = TOROIDAL_SURFACE ( 'NONE', #1227, 1.725000000000000533, 0.2250000000000004774 ) ;
#423 = ORIENTED_EDGE ( 'NONE', *, *, #1256, .T. ) ;
#424 = DIRECTION ( 'NONE',  ( -0.000000000000000000, -0.000000000000000000, 1.000000000000000000 ) ) ;
#425 = VERTEX_POINT ( 'NONE', #283 ) ;
#426 = CARTESIAN_POINT ( 'NONE',  ( -1.725000000000000755, -4.392697306383841453E-16, -1.500000000000000444 ) ) ;
#427 = LOCAL_TIME ( 16, 24, 15.00000000000000000, #1327 ) ;
#428 = CARTESIAN_POINT ( 'NONE',  ( 0.000000000000000000, -4.336808689942017736E-16, 0.000000000000000000 ) ) ;
#429 = CARTESIAN_POINT ( 'NONE',  ( 0.000000000000000000, -5.510910596163089556E-16, 0.8333333333333331483 ) ) ;
#430 = ORIENTED_EDGE ( 'NONE', *, *, #687, .F. ) ;
#431 = DIRECTION ( 'NONE',  ( -0.000000000000000000, -0.000000000000000000, 1.000000000000000000 ) ) ;
#432 = CIRCLE ( 'NONE', #1287, 4.029999999999997584 ) ;
#433 = CIRCLE ( 'NONE', #950, 1.208333333333333037 ) ;
#434 = DIRECTION ( 'NONE',  ( 0.7818314824680221431, -0.6234898018587431423, 0.000000000000000000 ) ) ;
#435 = LINE ( 'NONE', #1366, #398 ) ;
#436 = ORIENTED_EDGE ( 'NONE', *, *, #96, .F. ) ;
#437 = ORIENTED_EDGE ( 'NONE', *, *, #575, .T. ) ;
#438 = EDGE_CURVE ( 'NONE', #115, #1360, #184, .T. ) ;
#439 = DIRECTION ( 'NONE',  ( 1.794541526872559599E-16, -3.589083053745119197E-16, -1.000000000000000000 ) ) ;
#440 = AXIS2_PLACEMENT_3D ( 'NONE', #429, #204, #905 ) ;
#441 = CARTESIAN_POINT ( 'NONE',  ( -2.219999999999999751, -2.773825000068755405E-16, -1.500000000000000000 ) ) ;
#442 = DIRECTION ( 'NONE',  ( -0.000000000000000000, -0.000000000000000000, 1.000000000000000000 ) ) ;
#443 = TOROIDAL_SURFACE ( 'NONE', #910, 4.029999999999997584, 0.02999999999999975256 ) ;
#444 = VECTOR ( 'NONE', #1376, 1000.000000000000000 ) ;
#445 = CARTESIAN_POINT ( 'NONE',  ( 2.250000000000000000, -5.510910596163089556E-16, 1.500000000000000444 ) ) ;
#446 = VERTEX_POINT ( 'NONE', #1355 ) ;
#447 = ORIENTED_EDGE ( 'NONE', *, *, #1101, .T. ) ;
#448 = DIRECTION ( 'NONE',  ( 1.000000000000000000, 0.000000000000000000, 0.000000000000000000 ) ) ;
#449 = EDGE_CURVE ( 'NONE', #1360, #115, #1486, .T. ) ;
#450 = DIRECTION ( 'NONE',  ( 0.9009688679024218105, 0.4338837391175525693, 5.958127250787728542E-18 ) ) ;
#451 = SPHERICAL_SURFACE ( 'NONE', #526, 1.208333333333333037 ) ;
#452 = CIRCLE ( 'NONE', #874, 1.208333333333332815 ) ;
#453 = DIRECTION ( 'NONE',  ( -0.000000000000000000, -0.000000000000000000, 1.000000000000000000 ) ) ;
#454 = ORIENTED_EDGE ( 'NONE', *, *, #1422, .T. ) ;
#455 = ORIENTED_EDGE ( 'NONE', *, *, #1160, .T. ) ;
#456 = CARTESIAN_POINT ( 'NONE',  ( 2.443223382712569336, -1.948405630808572209, 2.007060031935939615E-16 ) ) ;
#457 = EDGE_CURVE ( 'NONE', #318, #1090, #562, .T. ) ;
#458 = EDGE_CURVE ( 'NONE', #615, #861, #1416, .T. ) ;
#459 = CARTESIAN_POINT ( 'NONE',  ( 0.000000000000000000, -4.336808689942017736E-16, 0.000000000000000000 ) ) ;
#460 = ORIENTED_EDGE ( 'NONE', *, *, #875, .F. ) ;
#461 = DIRECTION ( 'NONE',  ( -0.000000000000000000, -0.000000000000000000, 1.000000000000000000 ) ) ;
#462 = EDGE_LOOP ( 'NONE', ( #12, #109 ) ) ;
#463 = ORIENTED_EDGE ( 'NONE', *, *, #191, .F. ) ;
#464 = FACE_OUTER_BOUND ( 'NONE', #462, .T. ) ;
#465 = CLOSED_SHELL ( 'NONE', ( #413, #926, #1270, #609, #78, #421 ) ) ;
#466 = AXIS2_PLACEMENT_3D ( 'NONE', #500, #1076, #973 ) ;
#467 = DIRECTION ( 'NONE',  ( 0.000000000000000000, 0.000000000000000000, -1.000000000000000000 ) ) ;
#468 = ORIENTED_EDGE ( 'NONE', *, *, #529, .F. ) ;
#469 = CARTESIAN_POINT ( 'NONE',  ( 0.000000000000000000, -5.510910596163089556E-16, 1.500000000000000000 ) ) ;
#470 = ORIENTED_EDGE ( 'NONE', *, *, #1273, .F. ) ;
#471 = AXIS2_PLACEMENT_3D ( 'NONE', #1478, #553, #804 ) ;
#472 = CARTESIAN_POINT ( 'NONE',  ( 0.000000000000000000, -5.510910596163089556E-16, 1.500000000000000000 ) ) ;
#473 = DIRECTION ( 'NONE',  ( -0.000000000000000000, -0.000000000000000000, 1.000000000000000000 ) ) ;
#474 = DIRECTION ( 'NONE',  ( 1.224646799147353207E-16, 1.000000000000000000, 0.000000000000000000 ) ) ;
#475 = CARTESIAN_POINT ( 'NONE',  ( 0.000000000000000000, -5.510910596163089556E-16, 1.500000000000000000 ) ) ;
#476 = ORIENTED_EDGE ( 'NONE', *, *, #919, .T. ) ;
#477 = DIRECTION ( 'NONE',  ( -0.000000000000000000, -0.000000000000000000, 1.000000000000000000 ) ) ;
#478 = AXIS2_PLACEMENT_3D ( 'NONE', #504, #1218, #759 ) ;
#479 = EDGE_CURVE ( 'NONE', #1040, #807, #111, .T. ) ;
#480 = DIRECTION ( 'NONE',  ( 0.6234898018587320401, -0.7818314824680310249, 0.000000000000000000 ) ) ;
#481 = CIRCLE ( 'NONE', #803, 0.02999999999999964501 ) ;
#482 = DIRECTION ( 'NONE',  ( -0.000000000000000000, -0.000000000000000000, 1.000000000000000000 ) ) ;
#483 = CARTESIAN_POINT ( 'NONE',  ( -4.326794919243119431, -5.510910596163089556E-16, 1.500000000000000888 ) ) ;
#484 = ORIENTED_EDGE ( 'NONE', *, *, #1063, .T. ) ;
#485 = ADVANCED_FACE ( 'NONE', ( #801 ), #674, .T. ) ;
#486 = ORIENTED_EDGE ( 'NONE', *, *, #67, .T. ) ;
#487 = CARTESIAN_POINT ( 'NONE',  ( 3.999999999999998224, -5.510910596163089556E-16, -1.470000000000000862 ) ) ;
#488 = DIRECTION ( 'NONE',  ( 0.000000000000000000, -1.000000000000000000, 0.000000000000000000 ) ) ;
#489 = AXIS2_PLACEMENT_3D ( 'NONE', #276, #477, #1421 ) ;
#490 = CARTESIAN_POINT ( 'NONE',  ( 0.000000000000000000, -5.510910596163089556E-16, 1.500000000000000000 ) ) ;
#491 = PLANE ( 'NONE',  #156 ) ;
#492 = ORIENTED_EDGE ( 'NONE', *, *, #194, .T. ) ;
#493 = ORIENTED_EDGE ( 'NONE', *, *, #218, .T. ) ;
#494 = FACE_OUTER_BOUND ( 'NONE', #158, .T. ) ;
#495 = CIRCLE ( 'NONE', #1131, 3.999999999999999112 ) ;
#496 = CIRCLE ( 'NONE', #888, 1.208333333333333481 ) ;
#497 = DIRECTION ( 'NONE',  ( -0.000000000000000000, -0.000000000000000000, 1.000000000000000000 ) ) ;
#498 = DIRECTION ( 'NONE',  ( 1.000000000000000000, 0.000000000000000000, 0.000000000000000000 ) ) ;
#499 = EDGE_LOOP ( 'NONE', ( #799, #375, #798, #666 ) ) ;
#500 = CARTESIAN_POINT ( 'NONE',  ( 1.355886684742391157, 2.815527712195049492, 2.007060031935939615E-16 ) ) ;
#501 = ADVANCED_FACE ( 'NONE', ( #1025 ), #717, .F. ) ;
#502 = CARTESIAN_POINT ( 'NONE',  ( 3.046649725568205458, 0.6953779186134532164, 2.007060031935939615E-16 ) ) ;
#503 = EDGE_CURVE ( 'NONE', #843, #1368, #496, .T. ) ;
#504 = CARTESIAN_POINT ( 'NONE',  ( -1.355886684742351855, 2.815527712195068588, 2.007060031935939615E-16 ) ) ;
#505 = AXIS2_PLACEMENT_3D ( 'NONE', #1174, #467, #603 ) ;
#506 = SECURITY_CLASSIFICATION_LEVEL ( 'unclassified' ) ;
#507 = EDGE_LOOP ( 'NONE', ( #1260, #558, #800, #729 ) ) ;
#508 = CARTESIAN_POINT ( 'NONE',  ( 0.000000000000000000, -5.510910596163089556E-16, 0.8333333333333331483 ) ) ;
#509 = FACE_OUTER_BOUND ( 'NONE', #1221, .T. ) ;
#510 = CC_DESIGN_DATE_AND_TIME_ASSIGNMENT ( #1353, #512, ( #597 ) ) ;
#511 = CARTESIAN_POINT ( 'NONE',  ( 0.000000000000000000, -5.510910596163089556E-16, -1.275000000000000133 ) ) ;
#512 = DATE_TIME_ROLE ( 'classification_date' ) ;
#513 = VERTEX_POINT ( 'NONE', #1477 ) ;
#514 = DIRECTION ( 'NONE',  ( 1.000000000000000000, 0.000000000000000000, 0.000000000000000000 ) ) ;
#515 = AXIS2_PLACEMENT_3D ( 'NONE', #1163, #120, #207 ) ;
#516 = TOROIDAL_SURFACE ( 'NONE', #987, 1.725000000000000533, 0.2250000000000004774 ) ;
#517 = CARTESIAN_POINT ( 'NONE',  ( 0.000000000000000000, -5.510910596163089556E-16, -1.500000000000000444 ) ) ;
#518 = CARTESIAN_POINT ( 'NONE',  ( 4.499999999999998224, -5.510910596163089556E-16, -1.200000000000000178 ) ) ;
#519 = EDGE_CURVE ( 'NONE', #1114, #1090, #101, .T. ) ;
#520 = MECHANICAL_CONTEXT ( 'NONE', #554, 'mechanical' ) ;
#521 = ORIENTED_EDGE ( 'NONE', *, *, #394, .T. ) ;
#522 = CARTESIAN_POINT ( 'NONE',  ( 4.499999999999998224, -2.888894916580853780E-31, 1.200000000000000178 ) ) ;
#523 = CARTESIAN_POINT ( 'NONE',  ( 1.499999999999999778, -5.510910596163089556E-16, 1.500000000000000000 ) ) ;
#524 = VERTEX_POINT ( 'NONE', #550 ) ;
#525 = DIRECTION ( 'NONE',  ( 0.7071067811865526798, 0.000000000000000000, 0.7071067811865424657 ) ) ;
#526 = AXIS2_PLACEMENT_3D ( 'NONE', #1372, #1257, #105 ) ;
#527 = VERTEX_POINT ( 'NONE', #783 ) ;
#528 = CARTESIAN_POINT ( 'NONE',  ( -2.250000000000000000, -2.755455298081545271E-16, 1.500000000000000000 ) ) ;
#529 = EDGE_CURVE ( 'NONE', #115, #1079, #1252, .T. ) ;
#530 = DIRECTION ( 'NONE',  ( -0.7818314824680310249, -0.6234898018587320401, 0.000000000000000000 ) ) ;
#531 = ORIENTED_EDGE ( 'NONE', *, *, #1464, .T. ) ;
#532 = CARTESIAN_POINT ( 'NONE',  ( 4.326794919243119431, -2.121150477449733464E-17, 1.500000000000000888 ) ) ;
#533 = APPLICATION_PROTOCOL_DEFINITION ( 'international standard', 'config_control_design', 1994, #354 ) ;
#534 = VECTOR ( 'NONE', #1187, 1000.000000000000000 ) ;
#535 = ORIENTED_EDGE ( 'NONE', *, *, #927, .F. ) ;
#536 = CARTESIAN_POINT ( 'NONE',  ( 0.000000000000000000, -5.510910596163089556E-16, 1.281249999999999556 ) ) ;
#537 = APPROVAL ( #294, 'UNSPECIFIED' ) ;
#538 = CIRCLE ( 'NONE', #1155, 2.250000000000000000 ) ;
#539 = FACE_OUTER_BOUND ( 'NONE', #796, .T. ) ;
#540 = DIRECTION ( 'NONE',  ( 1.000000000000000000, 0.000000000000000000, 0.000000000000000000 ) ) ;
#541 = ORIENTED_EDGE ( 'NONE', *, *, #379, .T. ) ;
#542 = ORIENTED_EDGE ( 'NONE', *, *, #519, .T. ) ;
#543 = DIRECTION ( 'NONE',  ( -1.224646799147352961E-16, 0.000000000000000000, 1.000000000000000000 ) ) ;
#544 = AXIS2_PLACEMENT_3D ( 'NONE', #882, #1210, #741 ) ;
#545 = CARTESIAN_POINT ( 'NONE',  ( 2.443223382712569336, -1.948405630808572209, 2.007060031935939615E-16 ) ) ;
#546 = EDGE_CURVE ( 'NONE', #100, #1021, #786, .T. ) ;
#547 = DIRECTION ( 'NONE',  ( 0.000000000000000000, 0.000000000000000000, -1.000000000000000000 ) ) ;
#548 = ORIENTED_EDGE ( 'NONE', *, *, #1378, .T. ) ;
#549 = EDGE_LOOP ( 'NONE', ( #44, #333 ) ) ;
#550 = CARTESIAN_POINT ( 'NONE',  ( 3.999999999999998224, -5.510910596163089556E-16, 1.470000000000000862 ) ) ;
#551 = AXIS2_PLACEMENT_3D ( 'NONE', #640, #1112, #1443 ) ;
#552 = CIRCLE ( 'NONE', #998, 1.916666666666666519 ) ;
#553 = DIRECTION ( 'NONE',  ( 0.000000000000000000, 0.000000000000000000, -1.000000000000000000 ) ) ;
#554 = APPLICATION_CONTEXT ( 'configuration controlled 3d designs of mechanical parts and assemblies' ) ;
#555 = DIRECTION ( 'NONE',  ( 0.2225209339563050392, -0.9749279121818256177, 7.612819889261374276E-18 ) ) ;
#556 = CARTESIAN_POINT ( 'NONE',  ( 3.387936424028096027, -2.701789141387886506, -3.390884520634789236E-16 ) ) ;
#557 = EDGE_LOOP ( 'NONE', ( #1334, #1194, #922, #809 ) ) ;
#558 = ORIENTED_EDGE ( 'NONE', *, *, #412, .T. ) ;
#559 = CARTESIAN_POINT ( 'NONE',  ( -4.499999999999998224, -2.888894916580853780E-31, 1.500000000000000000 ) ) ;
#560 = CARTESIAN_POINT ( 'NONE',  ( -4.499999999999998224, -2.888894916580853780E-31, -1.200000000000000178 ) ) ;
#561 = AXIS2_PLACEMENT_3D ( 'NONE', #1149, #450, #102 ) ;
#562 = CIRCLE ( 'NONE', #35, 4.499999999999998224 ) ;
#563 = DIRECTION ( 'NONE',  ( -0.000000000000000000, -0.000000000000000000, 1.000000000000000000 ) ) ;
#564 = ORIENTED_EDGE ( 'NONE', *, *, #20, .T. ) ;
#565 = ADVANCED_FACE ( 'NONE', ( #811 ), #443, .T. ) ;
#566 = ORIENTED_EDGE ( 'NONE', *, *, #1225, .T. ) ;
#567 = EDGE_CURVE ( 'NONE', #1079, #425, #495, .T. ) ;
#568 = DIRECTION ( 'NONE',  ( 1.000000000000000000, 0.000000000000000000, 0.000000000000000000 ) ) ;
#569 = DIRECTION ( 'NONE',  ( 1.000000000000000000, 0.000000000000000000, 0.000000000000000000 ) ) ;
#570 = VECTOR ( 'NONE', #47, 1000.000000000000000 ) ;
#571 = DIRECTION ( 'NONE',  ( 1.000000000000000000, 0.000000000000000000, 0.000000000000000000 ) ) ;
#572 = ORIENTED_EDGE ( 'NONE', *, *, #1435, .T. ) ;
#573 = VERTEX_POINT ( 'NONE', #696 ) ;
#574 = DIRECTION ( 'NONE',  ( 1.000000000000000000, 0.000000000000000000, 0.000000000000000000 ) ) ;
#575 = EDGE_CURVE ( 'NONE', #1345, #1114, #909, .T. ) ;
#576 = CIRCLE ( 'NONE', #802, 1.208333333333333259 ) ;
#577 = DIRECTION ( 'NONE',  ( -0.000000000000000000, -0.000000000000000000, 1.000000000000000000 ) ) ;
#578 = DIRECTION ( 'NONE',  ( 1.000000000000000000, 0.000000000000000000, 0.000000000000000000 ) ) ;
#579 = CARTESIAN_POINT ( 'NONE',  ( -3.999999999999998224, -3.756660481307414481E-16, -1.470000000000000862 ) ) ;
#580 = ORIENTED_EDGE ( 'NONE', *, *, #1379, .T. ) ;
#581 = FACE_OUTER_BOUND ( 'NONE', #1469, .T. ) ;
#582 = CIRCLE ( 'NONE', #1364, 2.219999999999999751 ) ;
#583 = CYLINDRICAL_SURFACE ( 'NONE', #1450, 1.499999999999999778 ) ;
#584 = DIRECTION ( 'NONE',  ( -0.000000000000000000, -0.000000000000000000, 1.000000000000000000 ) ) ;
#585 = DIRECTION ( 'NONE',  ( -1.000000000000000000, 0.000000000000000000, -0.000000000000000000 ) ) ;
#586 = CIRCLE ( 'NONE', #962, 0.02999999999999964501 ) ;
#587 = ORIENTED_EDGE ( 'NONE', *, *, #1115, .F. ) ;
#588 = AXIS2_PLACEMENT_3D ( 'NONE', #222, #431, #448 ) ;
#589 = CARTESIAN_POINT ( 'NONE',  ( -1.499999999999999778, -4.530470071287919185E-16, 1.275000000000000133 ) ) ;
#590 = FACE_OUTER_BOUND ( 'NONE', #1411, .T. ) ;
#591 = VERTEX_POINT ( 'NONE', #441 ) ;
#592 = ADVANCED_FACE ( 'NONE', ( #1377 ), #1054, .T. ) ;
#593 = EDGE_CURVE ( 'NONE', #4, #1282, #300, .T. ) ;
#594 = DIRECTION ( 'NONE',  ( 1.000000000000000000, 0.000000000000000000, 0.000000000000000000 ) ) ;
#595 = DIRECTION ( 'NONE',  ( 1.000000000000000000, 0.000000000000000000, 0.000000000000000000 ) ) ;
#596 = ORIENTED_EDGE ( 'NONE', *, *, #1231, .T. ) ;
#597 = SECURITY_CLASSIFICATION ( '', '', #506 ) ;
#598 = MANIFOLD_SOLID_BREP ( 'CirPattern1[6]', #321 ) ;
#599 = EDGE_LOOP ( 'NONE', ( #91, #542, #623, #1417 ) ) ;
#600 = LINE ( 'NONE', #45, #1323 ) ;
#601 = MANIFOLD_SOLID_BREP ( 'Revolve1[1]', #1005 ) ;
#602 = AXIS2_PLACEMENT_3D ( 'NONE', #382, #1051, #2 ) ;
#603 = DIRECTION ( 'NONE',  ( -1.000000000000000000, 0.000000000000000000, -0.000000000000000000 ) ) ;
#604 = AXIS2_PLACEMENT_3D ( 'NONE', #818, #480, #943 ) ;
#605 = DIRECTION ( 'NONE',  ( 3.589083053745119197E-16, -8.972707634362797994E-17, -1.000000000000000000 ) ) ;
#606 = DIRECTION ( 'NONE',  ( -1.000000000000000000, 1.224646799147361096E-16, 0.000000000000000000 ) ) ;
#607 = ORIENTED_EDGE ( 'NONE', *, *, #1018, .T. ) ;
#608 = EDGE_CURVE ( 'NONE', #1030, #1114, #617, .T. ) ;
#609 = ADVANCED_FACE ( 'NONE', ( #1047 ), #1263, .T. ) ;
#610 = ORIENTED_EDGE ( 'NONE', *, *, #1048, .T. ) ;
#611 = AXIS2_PLACEMENT_3D ( 'NONE', #1397, #1065, #145 ) ;
#612 = MANIFOLD_SOLID_BREP ( 'Revolve2', #465 ) ;
#613 = PLANE ( 'NONE',  #937 ) ;
#614 = ADVANCED_FACE ( 'NONE', ( #360, #464 ), #1371, .T. ) ;
#615 = VERTEX_POINT ( 'NONE', #112 ) ;
#616 = DIRECTION ( 'NONE',  ( -0.000000000000000000, -0.000000000000000000, 1.000000000000000000 ) ) ;
#617 = CIRCLE ( 'NONE', #1035, 4.499999999999998224 ) ;
#618 = ADVANCED_FACE ( 'NONE', ( #1255 ), #669, .T. ) ;
#619 = EDGE_CURVE ( 'NONE', #1136, #524, #238, .T. ) ;
#620 = DIRECTION ( 'NONE',  ( -0.000000000000000000, -0.000000000000000000, 1.000000000000000000 ) ) ;
#621 = DIRECTION ( 'NONE',  ( 1.000000000000000000, 0.000000000000000000, 0.000000000000000000 ) ) ;
#622 = APPLICATION_PROTOCOL_DEFINITION ( 'international standard', 'config_control_design', 1994, #554 ) ;
#623 = ORIENTED_EDGE ( 'NONE', *, *, #457, .F. ) ;
#624 = CARTESIAN_POINT ( 'NONE',  ( 1.355886684742391157, 2.815527712195049492, 2.007060031935939615E-16 ) ) ;
#625 = APPROVAL ( #1237, 'UNSPECIFIED' ) ;
#626 = SPHERICAL_SURFACE ( 'NONE', #1240, 1.208333333333333037 ) ;
#627 = VECTOR ( 'NONE', #339, 1000.000000000000000 ) ;
#628 = DIRECTION ( 'NONE',  ( 0.2225209339563182231, 0.9749279121818227312, -1.224646799147352961E-16 ) ) ;
#629 = CIRCLE ( 'NONE', #1093, 4.326794919243119431 ) ;
#630 = ORIENTED_EDGE ( 'NONE', *, *, #329, .T. ) ;
#631 = DIRECTION ( 'NONE',  ( -0.000000000000000000, -0.000000000000000000, 1.000000000000000000 ) ) ;
#632 = CARTESIAN_POINT ( 'NONE',  ( 0.000000000000000000, -5.510910596163089556E-16, 1.500000000000000000 ) ) ;
#633 = ADVANCED_FACE ( 'NONE', ( #703 ), #813, .T. ) ;
#634 = AXIS2_PLACEMENT_3D ( 'NONE', #900, #1135, #90 ) ;
#635 = CARTESIAN_POINT ( 'NONE',  ( -1.868611831681827207, 0.4264984567496100110, 5.925223035536950121E-16 ) ) ;
#636 = ORIENTED_EDGE ( 'NONE', *, *, #218, .F. ) ;
#637 = CARTESIAN_POINT ( 'NONE',  ( 3.046649725568205458, 0.6953779186134532164, 2.007060031935939615E-16 ) ) ;
#638 = CIRCLE ( 'NONE', #763, 0.2250000000000005884 ) ;
#639 = FACE_OUTER_BOUND ( 'NONE', #1275, .T. ) ;
#640 = CARTESIAN_POINT ( 'NONE',  ( 0.000000000000000000, -5.510910596163089556E-16, 1.500000000000000888 ) ) ;
#641 = EDGE_CURVE ( 'NONE', #701, #1391, #56, .T. ) ;
#642 = CALENDAR_DATE ( 2026, 18, 1 ) ;
#643 = VERTEX_POINT ( 'NONE', #328 ) ;
#644 = FACE_OUTER_BOUND ( 'NONE', #301, .T. ) ;
#645 = ORIENTED_EDGE ( 'NONE', *, *, #1466, .T. ) ;
#646 = PRODUCT_DEFINITION_FORMATION_WITH_SPECIFIED_SOURCE ( 'ANY', '', #1489, .NOT_KNOWN. ) ;
#647 = AXIS2_PLACEMENT_3D ( 'NONE', #164, #1068, #1091 ) ;
#648 = FACE_OUTER_BOUND ( 'NONE', #1258, .T. ) ;
#649 = TOROIDAL_SURFACE ( 'NONE', #239, 4.029999999999997584, 0.02999999999999975256 ) ;
#650 = APPROVAL_ROLE ( '' ) ;
#651 = CC_DESIGN_PERSON_AND_ORGANIZATION_ASSIGNMENT ( #185, #743, ( #646 ) ) ;
#652 = ORIENTED_EDGE ( 'NONE', *, *, #458, .T. ) ;
#653 = DIRECTION ( 'NONE',  ( -0.000000000000000000, -0.000000000000000000, 1.000000000000000000 ) ) ;
#654 = ADVANCED_FACE ( 'NONE', ( #581 ), #677, .T. ) ;
#655 = DIRECTION ( 'NONE',  ( -3.589083053745119197E-16, 1.794541526872559599E-16, -1.000000000000000000 ) ) ;
#656 = FACE_OUTER_BOUND ( 'NONE', #858, .T. ) ;
#657 = CARTESIAN_POINT ( 'NONE',  ( 0.000000000000000000, -5.510910596163089556E-16, 1.500000000000000000 ) ) ;
#658 = ORIENTED_EDGE ( 'NONE', *, *, #379, .F. ) ;
#659 = CARTESIAN_POINT ( 'NONE',  ( -2.219999999999999751, -5.510910596163089556E-16, 1.500000000000000000 ) ) ;
#660 = ADVANCED_FACE ( 'NONE', ( #918 ), #422, .T. ) ;
#661 = EDGE_CURVE ( 'NONE', #615, #843, #538, .T. ) ;
#662 = AXIS2_PLACEMENT_3D ( 'NONE', #428, #1013, #1259 ) ;
#663 = ORIENTED_EDGE ( 'NONE', *, *, #982, .T. ) ;
#664 = CARTESIAN_POINT ( 'NONE',  ( 0.000000000000000000, -8.673617379884035472E-16, 1.470000000000000862 ) ) ;
#665 = CARTESIAN_POINT ( 'NONE',  ( -1.725000000000000755, -4.392697306383841453E-16, 1.500000000000000444 ) ) ;
#666 = ORIENTED_EDGE ( 'NONE', *, *, #1311, .F. ) ;
#667 = ORIENTED_EDGE ( 'NONE', *, *, #695, .T. ) ;
#668 = DIRECTION ( 'NONE',  ( -0.9009688679024157043, 0.4338837391175651703, 0.000000000000000000 ) ) ;
#669 = SPHERICAL_SURFACE ( 'NONE', #377, 1.208333333333333037 ) ;
#670 = ORIENTED_EDGE ( 'NONE', *, *, #1406, .F. ) ;
#671 = DIRECTION ( 'NONE',  ( 0.000000000000000000, 0.000000000000000000, -1.000000000000000000 ) ) ;
#672 = VERTEX_POINT ( 'NONE', #98 ) ;
#673 = VERTEX_POINT ( 'NONE', #665 ) ;
#674 = SPHERICAL_SURFACE ( 'NONE', #1156, 1.208333333333333037 ) ;
#675 = AXIS2_PLACEMENT_3D ( 'NONE', #1293, #16, #594 ) ;
#676 = AXIS2_PLACEMENT_3D ( 'NONE', #928, #951, #1408 ) ;
#677 = SPHERICAL_SURFACE ( 'NONE', #561, 1.208333333333333037 ) ;
#678 = PERSON ( 'UNSPECIFIED', 'UNSPECIFIED', 'UNSPECIFIED', ('UNSPECIFIED'), ('UNSPECIFIED'), ('UNSPECIFIED') ) ;
#679 = EDGE_CURVE ( 'NONE', #673, #282, #638, .T. ) ;
#680 = CARTESIAN_POINT ( 'NONE',  ( 3.999999999999999112, -5.510910596163089556E-16, 0.8333333333333331483 ) ) ;
#681 = ADVANCED_FACE ( 'NONE', ( #1474 ), #1326, .T. ) ;
#682 = CARTESIAN_POINT ( 'NONE',  ( -1.725000000000000533, -4.392697306383841453E-16, 1.275000000000000133 ) ) ;
#683 = ORIENTED_EDGE ( 'NONE', *, *, #503, .F. ) ;
#684 = ORIENTED_EDGE ( 'NONE', *, *, #773, .F. ) ;
#685 = AXIS2_PLACEMENT_3D ( 'NONE', #1208, #726, #834 ) ;
#686 = DIRECTION ( 'NONE',  ( -0.000000000000000000, -0.000000000000000000, 1.000000000000000000 ) ) ;
#687 = EDGE_CURVE ( 'NONE', #880, #1136, #256, .T. ) ;
#688 = CARTESIAN_POINT ( 'NONE',  ( 4.029999999999997584, -8.673617379884035472E-16, 1.470000000000000862 ) ) ;
#689 = CIRCLE ( 'NONE', #1347, 3.999999999999998224 ) ;
#690 = ORIENTED_EDGE ( 'NONE', *, *, #608, .F. ) ;
#691 = AXIS2_PLACEMENT_3D ( 'NONE', #637, #993, #1016 ) ;
#692 = DIRECTION ( 'NONE',  ( 1.000000000000000000, 0.000000000000000000, 0.000000000000000000 ) ) ;
#693 = VERTEX_POINT ( 'NONE', #556 ) ;
#694 = ORIENTED_EDGE ( 'NONE', *, *, #805, .T. ) ;
#695 = EDGE_CURVE ( 'NONE', #125, #220, #689, .T. ) ;
#696 = CARTESIAN_POINT ( 'NONE',  ( 2.219999999999999751, -2.773825000068755405E-16, 1.500000000000000000 ) ) ;
#697 = CARTESIAN_POINT ( 'NONE',  ( 1.725000000000000533, -6.505213034913026604E-16, -1.275000000000000133 ) ) ;
#698 = ORIENTED_EDGE ( 'NONE', *, *, #73, .T. ) ;
#699 = FACE_OUTER_BOUND ( 'NONE', #1314, .T. ) ;
#700 = DIRECTION ( 'NONE',  ( 1.000000000000000000, 0.000000000000000000, 0.000000000000000000 ) ) ;
#701 = VERTEX_POINT ( 'NONE', #445 ) ;
#702 = CC_DESIGN_PERSON_AND_ORGANIZATION_ASSIGNMENT ( #305, #60, ( #646 ) ) ;
#703 = FACE_OUTER_BOUND ( 'NONE', #147, .T. ) ;
#704 = CIRCLE ( 'NONE', #727, 2.219999999999999751 ) ;
#705 = VECTOR ( 'NONE', #1330, 1000.000000000000000 ) ;
#706 = DIRECTION ( 'NONE',  ( 0.9009688679024157043, -0.4338837391175651703, -5.958127250782110219E-18 ) ) ;
#707 = CARTESIAN_POINT ( 'NONE',  ( 0.000000000000000000, -5.510910596163089556E-16, -0.8333333333333330373 ) ) ;
#708 = FACE_OUTER_BOUND ( 'NONE', #1009, .T. ) ;
#709 = EDGE_LOOP ( 'NONE', ( #1145, #193 ) ) ;
#710 = DIRECTION ( 'NONE',  ( -0.000000000000000000, -0.000000000000000000, 1.000000000000000000 ) ) ;
#711 = CIRCLE ( 'NONE', #440, 2.250000000000000000 ) ;
#712 = ADVANCED_FACE ( 'NONE', ( #1037 ), #806, .F. ) ;
#713 = PLANE ( 'NONE',  #1070 ) ;
#714 = DIRECTION ( 'NONE',  ( 1.000000000000000000, 0.000000000000000000, 0.000000000000000000 ) ) ;
#715 = CARTESIAN_POINT ( 'NONE',  ( 1.725000000000000755, -6.505213034913026604E-16, 1.500000000000000444 ) ) ;
#716 = EDGE_LOOP ( 'NONE', ( #535, #139 ) ) ;
#717 = TOROIDAL_SURFACE ( 'NONE', #588, 3.124999999999999556, 1.208333333333333259 ) ;
#718 = VERTEX_POINT ( 'NONE', #1043 ) ;
#719 = CARTESIAN_POINT ( 'NONE',  ( 0.000000000000000000, -5.510910596163089556E-16, 1.500000000000000000 ) ) ;
#720 = DIRECTION ( 'NONE',  ( 0.000000000000000000, 0.000000000000000000, -1.000000000000000000 ) ) ;
#721 = CC_DESIGN_PERSON_AND_ORGANIZATION_ASSIGNMENT ( #864, #768, ( #597 ) ) ;
#722 = FACE_OUTER_BOUND ( 'NONE', #1500, .T. ) ;
#723 = CARTESIAN_POINT ( 'NONE',  ( 3.999999999999998224, -5.510910596163089556E-16, 1.281249999999999556 ) ) ;
#724 = ORIENTED_EDGE ( 'NONE', *, *, #1300, .F. ) ;
#725 = ORIENTED_EDGE ( 'NONE', *, *, #529, .T. ) ;
#726 = DIRECTION ( 'NONE',  ( -0.000000000000000000, -0.000000000000000000, 1.000000000000000000 ) ) ;
#727 = AXIS2_PLACEMENT_3D ( 'NONE', #795, #208, #1264 ) ;
#728 = ADVANCED_FACE ( 'NONE', ( #1389 ), #160, .F. ) ;
#729 = ORIENTED_EDGE ( 'NONE', *, *, #20, .F. ) ;
#730 = DIRECTION ( 'NONE',  ( -0.000000000000000000, -0.000000000000000000, 1.000000000000000000 ) ) ;
#731 = EDGE_CURVE ( 'NONE', #1201, #179, #1382, .T. ) ;
#732 = VERTEX_POINT ( 'NONE', #317 ) ;
#733 = CARTESIAN_POINT ( 'NONE',  ( 0.000000000000000000, -5.510910596163089556E-16, 1.500000000000000000 ) ) ;
#734 = AXIS2_PLACEMENT_3D ( 'NONE', #508, #1315, #159 ) ;
#735 = DIRECTION ( 'NONE',  ( -0.000000000000000000, -0.000000000000000000, 1.000000000000000000 ) ) ;
#736 = CIRCLE ( 'NONE', #1028, 1.725000000000000977 ) ;
#737 = DIRECTION ( 'NONE',  ( 1.000000000000000000, 0.000000000000000000, 0.000000000000000000 ) ) ;
#738 = ORIENTED_EDGE ( 'NONE', *, *, #593, .F. ) ;
#739 = FACE_OUTER_BOUND ( 'NONE', #1234, .T. ) ;
#740 = VECTOR ( 'NONE', #952, 1000.000000000000000 ) ;
#741 = DIRECTION ( 'NONE',  ( 1.000000000000000000, 0.000000000000000000, 0.000000000000000000 ) ) ;
#742 = CARTESIAN_POINT ( 'NONE',  ( 2.250000000000000444, -5.510910596163089556E-16, 1.500000000000000000 ) ) ;
#743 = PERSON_AND_ORGANIZATION_ROLE ( 'design_supplier' ) ;
#744 = EDGE_LOOP ( 'NONE', ( #470, #610, #1419, #901 ) ) ;
#745 = DIRECTION ( 'NONE',  ( -0.000000000000000000, -0.000000000000000000, 1.000000000000000000 ) ) ;
#746 = LOCAL_TIME ( 16, 24, 15.00000000000000000, #892 ) ;
#747 = ADVANCED_FACE ( 'NONE', ( #210 ), #332, .T. ) ;
#748 = FACE_OUTER_BOUND ( 'NONE', #138, .T. ) ;
#749 = TOROIDAL_SURFACE ( 'NONE', #94, 1.725000000000000533, 0.2250000000000004774 ) ;
#750 = DIRECTION ( 'NONE',  ( 1.000000000000000000, 0.000000000000000000, 0.000000000000000000 ) ) ;
#751 = CONICAL_SURFACE ( 'NONE', #46, 4.499999999999998224, 0.5235987755982750569 ) ;
#752 =( NAMED_UNIT ( * ) SI_UNIT ( $, .STERADIAN. ) SOLID_ANGLE_UNIT ( ) );
#753 = ORIENTED_EDGE ( 'NONE', *, *, #794, .F. ) ;
#754 = DIRECTION ( 'NONE',  ( -0.000000000000000000, -0.000000000000000000, 1.000000000000000000 ) ) ;
#755 = DIRECTION ( 'NONE',  ( -0.000000000000000000, -0.000000000000000000, 1.000000000000000000 ) ) ;
#756 = ADVANCED_FACE ( 'NONE', ( #89 ), #33, .F. ) ;
#757 = ORIENTED_EDGE ( 'NONE', *, *, #955, .F. ) ;
#758 = CIRCLE ( 'NONE', #835, 2.250000000000000000 ) ;
#759 = DIRECTION ( 'NONE',  ( -0.4338837391175524583, 0.9009688679024218105, 0.000000000000000000 ) ) ;
#760 = APPROVAL_ROLE ( '' ) ;
#761 = ORIENTED_EDGE ( 'NONE', *, *, #449, .T. ) ;
#762 = CARTESIAN_POINT ( 'NONE',  ( 0.000000000000000000, -5.510910596163089556E-16, 1.500000000000000222 ) ) ;
#763 = AXIS2_PLACEMENT_3D ( 'NONE', #682, #1144, #929 ) ;
#764 = AXIS2_PLACEMENT_3D ( 'NONE', #908, #1369, #335 ) ;
#765 = CARTESIAN_POINT ( 'NONE',  ( -3.387936424028134663, -2.701789141387838544, -3.390884520634789236E-16 ) ) ;
#766 = EDGE_CURVE ( 'NONE', #1404, #374, #840, .T. ) ;
#767 = FACE_OUTER_BOUND ( 'NONE', #1044, .T. ) ;
#768 = PERSON_AND_ORGANIZATION_ROLE ( 'classification_officer' ) ;
#769 = ORIENTED_EDGE ( 'NONE', *, *, #1049, .F. ) ;
#770 = CYLINDRICAL_SURFACE ( 'NONE', #1182, 2.250000000000000444 ) ;
#771 = ORIENTED_EDGE ( 'NONE', *, *, #805, .F. ) ;
#772 = FACE_OUTER_BOUND ( 'NONE', #709, .T. ) ;
#773 = EDGE_CURVE ( 'NONE', #907, #1185, #1011, .T. ) ;
#774 = TOROIDAL_SURFACE ( 'NONE', #1449, 4.029999999999997584, 0.02999999999999975256 ) ;
#775 = CARTESIAN_POINT ( 'NONE',  ( 0.000000000000000000, 0.000000000000000000, 0.000000000000000000 ) ) ;
#776 = VERTEX_POINT ( 'NONE', #1158 ) ;
#777 = ADVANCED_FACE ( 'NONE', ( #656 ), #1205, .T. ) ;
#778 = CARTESIAN_POINT ( 'NONE',  ( -3.124999999999999556, -5.097874426065392409E-17, 0.000000000000000000 ) ) ;
#779 = EDGE_CURVE ( 'NONE', #220, #1185, #586, .T. ) ;
#780 = CARTESIAN_POINT ( 'NONE',  ( -4.499999999999998224, -5.510910596163089556E-16, 1.200000000000000178 ) ) ;
#781 = VERTEX_POINT ( 'NONE', #1022 ) ;
#782 = ORIENTED_EDGE ( 'NONE', *, *, #394, .F. ) ;
#783 = CARTESIAN_POINT ( 'NONE',  ( 1.725000000000000755, -6.505213034913026604E-16, -1.500000000000000444 ) ) ;
#784 = EDGE_CURVE ( 'NONE', #125, #1040, #435, .T. ) ;
#785 = AXIS2_PLACEMENT_3D ( 'NONE', #1373, #340, #789 ) ;
#786 = CIRCLE ( 'NONE', #887, 1.208333333333333037 ) ;
#787 = DIRECTION ( 'NONE',  ( 0.000000000000000000, -1.000000000000000000, 0.000000000000000000 ) ) ;
#788 = EDGE_LOOP ( 'NONE', ( #306, #347 ) ) ;
#789 = DIRECTION ( 'NONE',  ( -1.000000000000000000, 0.000000000000000000, 0.000000000000000000 ) ) ;
#790 = ORIENTED_EDGE ( 'NONE', *, *, #1160, .F. ) ;
#791 = EDGE_LOOP ( 'NONE', ( #833, #872 ) ) ;
#792 = CARTESIAN_POINT ( 'NONE',  ( -3.124999999999999556, -5.097874426065392409E-17, 0.000000000000000000 ) ) ;
#793 = ORIENTED_EDGE ( 'NONE', *, *, #96, .T. ) ;
#794 = EDGE_CURVE ( 'NONE', #1114, #1030, #1437, .T. ) ;
#795 = CARTESIAN_POINT ( 'NONE',  ( 0.000000000000000000, -5.510910596163089556E-16, -1.500000000000000000 ) ) ;
#796 = EDGE_LOOP ( 'NONE', ( #229, #1111 ) ) ;
#797 = DIRECTION ( 'NONE',  ( -0.6234898018587320401, 0.7818314824680310249, -8.347276197288601419E-17 ) ) ;
#798 = ORIENTED_EDGE ( 'NONE', *, *, #143, .F. ) ;
#799 = ORIENTED_EDGE ( 'NONE', *, *, #1074, .T. ) ;
#800 = ORIENTED_EDGE ( 'NONE', *, *, #1190, .T. ) ;
#801 = FACE_OUTER_BOUND ( 'NONE', #1428, .T. ) ;
#802 = AXIS2_PLACEMENT_3D ( 'NONE', #1453, #884, #75 ) ;
#803 = AXIS2_PLACEMENT_3D ( 'NONE', #688, #787, #121 ) ;
#804 = DIRECTION ( 'NONE',  ( -1.000000000000000000, 0.000000000000000000, 0.000000000000000000 ) ) ;
#805 = EDGE_CURVE ( 'NONE', #325, #1499, #129, .T. ) ;
#806 = CYLINDRICAL_SURFACE ( 'NONE', #1180, 3.999999999999998224 ) ;
#807 = VERTEX_POINT ( 'NONE', #251 ) ;
#808 = AXIS2_PLACEMENT_3D ( 'NONE', #733, #967, #391 ) ;
#809 = ORIENTED_EDGE ( 'NONE', *, *, #641, .T. ) ;
#810 = CIRCLE ( 'NONE', #1272, 0.02999999999999964501 ) ;
#811 = FACE_OUTER_BOUND ( 'NONE', #1161, .T. ) ;
#812 = CARTESIAN_POINT ( 'NONE',  ( 0.000000000000000000, -5.510910596163089556E-16, 0.8333333333333331483 ) ) ;
#813 = CONICAL_SURFACE ( 'NONE', #471, 4.326794919243119431, 0.5235987755982750569 ) ;
#814 = DIRECTION ( 'NONE',  ( 1.000000000000000000, 0.000000000000000000, 0.000000000000000000 ) ) ;
#815 = CARTESIAN_POINT ( 'NONE',  ( -4.029999999999997584, -3.738290779320204347E-16, 1.470000000000000862 ) ) ;
#816 = VERTEX_POINT ( 'NONE', #155 ) ;
#817 = DIRECTION ( 'NONE',  ( -0.000000000000000000, -0.000000000000000000, 1.000000000000000000 ) ) ;
#818 = CARTESIAN_POINT ( 'NONE',  ( -2.443223382712597314, -1.948405630808537570, 2.007060031935939615E-16 ) ) ;
#819 = CIRCLE ( 'NONE', #1412, 1.208333333333332371 ) ;
#820 = ORIENTED_EDGE ( 'NONE', *, *, #438, .T. ) ;
#821 = CARTESIAN_POINT ( 'NONE',  ( 2.443223382712569336, -1.948405630808572209, 2.007060031935939615E-16 ) ) ;
#822 = LINE ( 'NONE', #1294, #274 ) ;
#823 = AXIS2_PLACEMENT_3D ( 'NONE', #1434, #616, #1083 ) ;
#824 = ORIENTED_EDGE ( 'NONE', *, *, #784, .F. ) ;
#825 = ADVANCED_FACE ( 'NONE', ( #848, #1280 ), #613, .T. ) ;
#826 = CYLINDRICAL_SURFACE ( 'NONE', #823, 4.499999999999998224 ) ;
#827 = CIRCLE ( 'NONE', #169, 1.208333333333332815 ) ;
#828 = CIRCLE ( 'NONE', #878, 3.999999999999999112 ) ;
#829 = DIRECTION ( 'NONE',  ( 0.000000000000000000, -1.000000000000000000, 0.000000000000000000 ) ) ;
#830 = DIRECTION ( 'NONE',  ( -0.000000000000000000, -0.000000000000000000, 1.000000000000000000 ) ) ;
#831 = DIRECTION ( 'NONE',  ( 1.000000000000000000, 0.000000000000000000, 0.000000000000000000 ) ) ;
#832 = ORIENTED_EDGE ( 'NONE', *, *, #1048, .F. ) ;
#833 = ORIENTED_EDGE ( 'NONE', *, *, #869, .F. ) ;
#834 = DIRECTION ( 'NONE',  ( 1.000000000000000000, 0.000000000000000000, 0.000000000000000000 ) ) ;
#835 = AXIS2_PLACEMENT_3D ( 'NONE', #940, #234, #700 ) ;
#836 = DESIGN_CONTEXT ( 'detailed design', #354, 'design' ) ;
#837 = CARTESIAN_POINT ( 'NONE',  ( 1.355886684742391157, 2.815527712195049492, 2.007060031935939615E-16 ) ) ;
#838 = CARTESIAN_POINT ( 'NONE',  ( -3.046649725568196132, 0.6953779186134945167, 2.007060031935939615E-16 ) ) ;
#839 = DIRECTION ( 'NONE',  ( -1.000000000000000000, 0.000000000000000000, 0.000000000000000000 ) ) ;
#840 = CIRCLE ( 'NONE', #82, 2.250000000000000888 ) ;
#841 = EDGE_LOOP ( 'NONE', ( #1349, #1375, #410, #460 ) ) ;
#842 = AXIS2_PLACEMENT_3D ( 'NONE', #881, #1222, #886 ) ;
#843 = VERTEX_POINT ( 'NONE', #1427 ) ;
#844 = EDGE_CURVE ( 'NONE', #1440, #591, #867, .T. ) ;
#845 = CARTESIAN_POINT ( 'NONE',  ( 0.000000000000000000, -5.510910596163089556E-16, 1.275000000000000133 ) ) ;
#846 = ADVANCED_FACE ( 'NONE', ( #722 ), #1396, .T. ) ;
#847 = ORIENTED_EDGE ( 'NONE', *, *, #1378, .F. ) ;
#848 = FACE_OUTER_BOUND ( 'NONE', #788, .T. ) ;
#849 = ORIENTED_EDGE ( 'NONE', *, *, #457, .T. ) ;
#850 = AXIS2_PLACEMENT_3D ( 'NONE', #1291, #710, #376 ) ;
#851 = ORIENTED_EDGE ( 'NONE', *, *, #1464, .F. ) ;
#852 = DIRECTION ( 'NONE',  ( 1.000000000000000000, 0.000000000000000000, 0.000000000000000000 ) ) ;
#853 = ADVANCED_FACE ( 'NONE', ( #699 ), #1055, .T. ) ;
#854 = AXIS2_PLACEMENT_3D ( 'NONE', #821, #243, #944 ) ;
#855 = CARTESIAN_POINT ( 'NONE',  ( -1.916666666666666519, -1.989568991576257525E-16, -1.479781548969718099E-16 ) ) ;
#856 = ADVANCED_FACE ( 'NONE', ( #136 ), #1057, .F. ) ;
#857 = CARTESIAN_POINT ( 'NONE',  ( 0.000000000000000000, -5.510910596163089556E-16, -0.8333333333333330373 ) ) ;
#858 = EDGE_LOOP ( 'NONE', ( #454, #437, #690, #416 ) ) ;
#859 = DIRECTION ( 'NONE',  ( 0.9009688679024157043, -0.4338837391175651703, -1.224646799147353454E-16 ) ) ;
#860 = DIRECTION ( 'NONE',  ( 0.9749279121818228422, -0.2225209339563182231, 0.000000000000000000 ) ) ;
#861 = VERTEX_POINT ( 'NONE', #1064 ) ;
#862 = LINE ( 'NONE', #742, #1403 ) ;
#863 = EDGE_CURVE ( 'NONE', #4, #359, #1497, .T. ) ;
#864 = PERSON_AND_ORGANIZATION ( #678, #331 ) ;
#865 = ORIENTED_EDGE ( 'NONE', *, *, #906, .F. ) ;
#866 = CARTESIAN_POINT ( 'NONE',  ( 0.000000000000000000, -5.510910596163089556E-16, 1.500000000000000666 ) ) ;
#867 = CIRCLE ( 'NONE', #323, 2.219999999999999751 ) ;
#868 = CARTESIAN_POINT ( 'NONE',  ( 0.000000000000000000, -5.510910596163089556E-16, 1.500000000000000000 ) ) ;
#869 = EDGE_CURVE ( 'NONE', #693, #513, #1019, .T. ) ;
#870 = DIRECTION ( 'NONE',  ( 1.000000000000000000, 0.000000000000000000, 0.000000000000000000 ) ) ;
#871 = APPROVAL_DATE_TIME ( #177, #1502 ) ;
#872 = ORIENTED_EDGE ( 'NONE', *, *, #1162, .T. ) ;
#873 = DIRECTION ( 'NONE',  ( 1.000000000000000000, 0.000000000000000000, 0.000000000000000000 ) ) ;
#874 = AXIS2_PLACEMENT_3D ( 'NONE', #1317, #72, #530 ) ;
#875 = EDGE_CURVE ( 'NONE', #220, #880, #1305, .T. ) ;
#876 = CYLINDRICAL_SURFACE ( 'NONE', #1444, 2.250000000000000000 ) ;
#877 = CARTESIAN_POINT ( 'NONE',  ( 0.000000000000000000, -5.510910596163089556E-16, 1.500000000000000000 ) ) ;
#878 = AXIS2_PLACEMENT_3D ( 'NONE', #812, #1386, #363 ) ;
#879 = CALENDAR_DATE ( 2026, 18, 1 ) ;
#880 = VERTEX_POINT ( 'NONE', #25 ) ;
#881 = CARTESIAN_POINT ( 'NONE',  ( 0.000000000000000000, -5.510910596163089556E-16, 1.500000000000000000 ) ) ;
#882 = CARTESIAN_POINT ( 'NONE',  ( 0.000000000000000000, -5.510910596163089556E-16, 1.470000000000000862 ) ) ;
#883 = CIRCLE ( 'NONE', #1125, 2.250000000000000888 ) ;
#884 = DIRECTION ( 'NONE',  ( 0.000000000000000000, -1.000000000000000000, 0.000000000000000000 ) ) ;
#885 = ORIENTED_EDGE ( 'NONE', *, *, #303, .F. ) ;
#886 = DIRECTION ( 'NONE',  ( 1.000000000000000000, 0.000000000000000000, 0.000000000000000000 ) ) ;
#887 = AXIS2_PLACEMENT_3D ( 'NONE', #206, #668, #92 ) ;
#888 = AXIS2_PLACEMENT_3D ( 'NONE', #917, #320, #213 ) ;
#889 = EDGE_CURVE ( 'NONE', #718, #1499, #288, .T. ) ;
#890 = DIRECTION ( 'NONE',  ( -0.000000000000000000, -0.000000000000000000, 1.000000000000000000 ) ) ;
#891 = ADVANCED_FACE ( 'NONE', ( #1401 ), #123, .F. ) ;
#892 = COORDINATED_UNIVERSAL_TIME_OFFSET ( 6, 0, .BEHIND. ) ;
#893 = ORIENTED_EDGE ( 'NONE', *, *, #919, .F. ) ;
#894 = DIRECTION ( 'NONE',  ( 1.000000000000000000, 0.000000000000000000, 0.000000000000000000 ) ) ;
#895 = FACE_OUTER_BOUND ( 'NONE', #507, .T. ) ;
#896 = AXIS2_PLACEMENT_3D ( 'NONE', #1042, #424, #1465 ) ;
#897 = PRODUCT_DEFINITION ( 'UNKNOWN', '', #646, #836 ) ;
#898 = VECTOR ( 'NONE', #400, 1000.000000000000000 ) ;
#899 = CARTESIAN_POINT ( 'NONE',  ( 4.029999999999997584, -8.673617379884035472E-16, -1.470000000000000862 ) ) ;
#900 = CARTESIAN_POINT ( 'NONE',  ( 0.000000000000000000, -5.510910596163089556E-16, 1.470000000000000862 ) ) ;
#901 = ORIENTED_EDGE ( 'NONE', *, *, #299, .F. ) ;
#902 = DIRECTION ( 'NONE',  ( -1.000000000000000000, 1.224646799147352714E-16, 0.000000000000000000 ) ) ;
#903 = FACE_OUTER_BOUND ( 'NONE', #1186, .T. ) ;
#904 = DIRECTION ( 'NONE',  ( -0.000000000000000000, -0.000000000000000000, 1.000000000000000000 ) ) ;
#905 = DIRECTION ( 'NONE',  ( 1.000000000000000000, 0.000000000000000000, 0.000000000000000000 ) ) ;
#906 = EDGE_CURVE ( 'NONE', #151, #179, #215, .T. ) ;
#907 = VERTEX_POINT ( 'NONE', #1418 ) ;
#908 = CARTESIAN_POINT ( 'NONE',  ( 3.124999999999999556, -4.336808689942017736E-16, 0.000000000000000000 ) ) ;
#909 = LINE ( 'NONE', #1399, #1301 ) ;
#910 = AXIS2_PLACEMENT_3D ( 'NONE', #1277, #231, #223 ) ;
#911 = AXIS2_PLACEMENT_3D ( 'NONE', #866, #653, #172 ) ;
#912 = CARTESIAN_POINT ( 'NONE',  ( 3.999999999999999112, -5.510910596163089556E-16, 1.500000000000000444 ) ) ;
#913 = EDGE_LOOP ( 'NONE', ( #1060, #254, #564, #19 ) ) ;
#914 = DIRECTION ( 'NONE',  ( -0.000000000000000000, -0.000000000000000000, 1.000000000000000000 ) ) ;
#915 = ORIENTED_EDGE ( 'NONE', *, *, #157, .F. ) ;
#916 = ORIENTED_EDGE ( 'NONE', *, *, #32, .T. ) ;
#917 = CARTESIAN_POINT ( 'NONE',  ( -3.124999999999999556, -5.097874426065392409E-17, 0.000000000000000000 ) ) ;
#918 = FACE_OUTER_BOUND ( 'NONE', #68, .T. ) ;
#919 = EDGE_CURVE ( 'NONE', #1201, #1492, #196, .T. ) ;
#920 = CARTESIAN_POINT ( 'NONE',  ( -2.443223382712597314, -1.948405630808537570, 2.007060031935939615E-16 ) ) ;
#921 = DIRECTION ( 'NONE',  ( 1.000000000000000000, 0.000000000000000000, 0.000000000000000000 ) ) ;
#922 = ORIENTED_EDGE ( 'NONE', *, *, #955, .T. ) ;
#923 = EDGE_LOOP ( 'NONE', ( #211, #484 ) ) ;
#924 = AXIS2_PLACEMENT_3D ( 'NONE', #877, #1226, #989 ) ;
#925 = DIRECTION ( 'NONE',  ( -0.6234898018587431423, -0.7818314824680221431, 8.347276197289158552E-17 ) ) ;
#926 = ADVANCED_FACE ( 'NONE', ( #373 ), #267, .T. ) ;
#927 = EDGE_CURVE ( 'NONE', #643, #941, #1069, .T. ) ;
#928 = CARTESIAN_POINT ( 'NONE',  ( 0.000000000000000000, -2.220000000000000195, 1.500000000000000000 ) ) ;
#929 = DIRECTION ( 'NONE',  ( -1.000000000000000000, 1.224646799147351975E-16, 0.000000000000000000 ) ) ;
#930 = VERTEX_POINT ( 'NONE', #635 ) ;
#931 = AXIS2_PLACEMENT_3D ( 'NONE', #719, #370, #948 ) ;
#932 = ORIENTED_EDGE ( 'NONE', *, *, #143, .T. ) ;
#933 = CLOSED_SHELL ( 'NONE', ( #485, #654 ) ) ;
#934 = AXIS2_PLACEMENT_3D ( 'NONE', #1184, #1192, #595 ) ;
#935 = DIRECTION ( 'NONE',  ( 0.000000000000000000, 0.000000000000000000, -1.000000000000000000 ) ) ;
#936 = CARTESIAN_POINT ( 'NONE',  ( 0.000000000000000000, -4.336808689942017736E-16, -1.479781548969718099E-16 ) ) ;
#937 = AXIS2_PLACEMENT_3D ( 'NONE', #1175, #1058, #1080 ) ;
#938 = ADVANCED_FACE ( 'NONE', ( #767 ), #314, .T. ) ;
#939 = DIRECTION ( 'NONE',  ( -0.000000000000000000, -0.000000000000000000, 1.000000000000000000 ) ) ;
#940 = CARTESIAN_POINT ( 'NONE',  ( 0.000000000000000000, -5.510910596163089556E-16, 1.500000000000000444 ) ) ;
#941 = VERTEX_POINT ( 'NONE', #1438 ) ;
#942 = DIRECTION ( 'NONE',  ( -0.4999999999999793499, 6.123233995736513354E-17, 0.8660254037844505870 ) ) ;
#943 = DIRECTION ( 'NONE',  ( 0.7818314824680310249, 0.6234898018587320401, 0.000000000000000000 ) ) ;
#944 = DIRECTION ( 'NONE',  ( -0.7818314824680221431, 0.6234898018587431423, 0.000000000000000000 ) ) ;
#945 = DIRECTION ( 'NONE',  ( 1.224646799147353207E-16, 1.000000000000000000, 0.000000000000000000 ) ) ;
#946 = CIRCLE ( 'NONE', #850, 2.250000000000000000 ) ;
#947 = EDGE_LOOP ( 'NONE', ( #956, #396 ) ) ;
#948 = DIRECTION ( 'NONE',  ( 1.000000000000000000, 0.000000000000000000, 0.000000000000000000 ) ) ;
#949 = AXIS2_PLACEMENT_3D ( 'NONE', #469, #730, #750 ) ;
#950 = AXIS2_PLACEMENT_3D ( 'NONE', #386, #63, #860 ) ;
#951 = DIRECTION ( 'NONE',  ( 0.000000000000000000, -0.000000000000000000, 1.000000000000000000 ) ) ;
#952 = DIRECTION ( 'NONE',  ( -0.7071067811865526798, 0.000000000000000000, -0.7071067811865424657 ) ) ;
#953 = CARTESIAN_POINT ( 'NONE',  ( 1.880162869509448997, 3.904198427577134645, -3.390884520634789236E-16 ) ) ;
#954 = ORIENTED_EDGE ( 'NONE', *, *, #135, .T. ) ;
#955 = EDGE_CURVE ( 'NONE', #1404, #701, #862, .T. ) ;
#956 = ORIENTED_EDGE ( 'NONE', *, *, #1495, .F. ) ;
#957 = SPHERICAL_SURFACE ( 'NONE', #466, 1.208333333333333037 ) ;
#958 = AXIS2_PLACEMENT_3D ( 'NONE', #624, #859, #264 ) ;
#959 = EDGE_CURVE ( 'NONE', #1307, #732, #408, .T. ) ;
#960 = DIRECTION ( 'NONE',  ( 0.000000000000000000, 0.000000000000000000, -1.000000000000000000 ) ) ;
#961 = DIRECTION ( 'NONE',  ( -0.000000000000000000, -0.000000000000000000, 1.000000000000000000 ) ) ;
#962 = AXIS2_PLACEMENT_3D ( 'NONE', #899, #1359, #547 ) ;
#963 = ORIENTED_EDGE ( 'NONE', *, *, #1320, .T. ) ;
#964 = ORIENTED_EDGE ( 'NONE', *, *, #449, .F. ) ;
#965 = AXIS2_PLACEMENT_3D ( 'NONE', #792, #1032, #902 ) ;
#966 = ORIENTED_EDGE ( 'NONE', *, *, #329, .F. ) ;
#967 = DIRECTION ( 'NONE',  ( 0.000000000000000000, 0.000000000000000000, -1.000000000000000000 ) ) ;
#968 = EDGE_CURVE ( 'NONE', #1440, #1201, #176, .T. ) ;
#969 = DIRECTION ( 'NONE',  ( 1.000000000000000000, 0.000000000000000000, 0.000000000000000000 ) ) ;
#970 = CARTESIAN_POINT ( 'NONE',  ( -2.219999999999999751, -5.510910596163089556E-16, 1.500000000000000000 ) ) ;
#971 = CC_DESIGN_APPROVAL ( #1502, ( #646 ) ) ;
#972 = ORIENTED_EDGE ( 'NONE', *, *, #191, .T. ) ;
#973 = DIRECTION ( 'NONE',  ( -1.794541526872559599E-16, -3.589083053745119197E-16, -1.000000000000000000 ) ) ;
#974 = CARTESIAN_POINT ( 'NONE',  ( 0.000000000000000000, -5.510910596163089556E-16, -1.500000000000000888 ) ) ;
#975 = CC_DESIGN_PERSON_AND_ORGANIZATION_ASSIGNMENT ( #1097, #999, ( #1489 ) ) ;
#976 = CARTESIAN_POINT ( 'NONE',  ( -3.999999999999998224, -6.123233995736790688E-17, 1.470000000000000862 ) ) ;
#977 = PERSON_AND_ORGANIZATION ( #678, #331 ) ;
#978 = EDGE_LOOP ( 'NONE', ( #1288, #885 ) ) ;
#979 = FACE_OUTER_BOUND ( 'NONE', #168, .T. ) ;
#980 = DIRECTION ( 'NONE',  ( -0.000000000000000000, -0.000000000000000000, 1.000000000000000000 ) ) ;
#981 = CARTESIAN_POINT ( 'NONE',  ( 0.000000000000000000, -8.673617379884035472E-16, -1.470000000000000862 ) ) ;
#982 = EDGE_CURVE ( 'NONE', #374, #1391, #393, .T. ) ;
#983 = AXIS2_PLACEMENT_3D ( 'NONE', #1249, #797, #203 ) ;
#984 = APPROVAL_DATE_TIME ( #192, #625 ) ;
#985 = ORIENTED_EDGE ( 'NONE', *, *, #1422, .F. ) ;
#986 = CARTESIAN_POINT ( 'NONE',  ( 0.000000000000000000, -5.510910596163089556E-16, 1.200000000000000178 ) ) ;
#987 = AXIS2_PLACEMENT_3D ( 'NONE', #1463, #1229, #1010 ) ;
#988 = DIRECTION ( 'NONE',  ( -0.000000000000000000, -0.000000000000000000, 1.000000000000000000 ) ) ;
#989 = DIRECTION ( 'NONE',  ( 1.000000000000000000, 0.000000000000000000, 0.000000000000000000 ) ) ;
#990 = PERSON_AND_ORGANIZATION ( #678, #331 ) ;
#991 = ADVANCED_FACE ( 'NONE', ( #401 ), #774, .T. ) ;
#992 = ORIENTED_EDGE ( 'NONE', *, *, #1225, .F. ) ;
#993 = DIRECTION ( 'NONE',  ( -0.2225209339563050392, 0.9749279121818257288, 0.000000000000000000 ) ) ;
#994 = APPROVAL_PERSON_ORGANIZATION ( #977, #625, #281 ) ;
#995 = DIRECTION ( 'NONE',  ( -0.000000000000000000, -0.000000000000000000, 1.000000000000000000 ) ) ;
#996 = CIRCLE ( 'NONE', #337, 4.326794919243119431 ) ;
#997 = CARTESIAN_POINT ( 'NONE',  ( -3.999999999999999112, -6.123233995736780827E-17, -0.8333333333333330373 ) ) ;
#998 = AXIS2_PLACEMENT_3D ( 'NONE', #936, #381, #353 ) ;
#999 = PERSON_AND_ORGANIZATION_ROLE ( 'design_owner' ) ;
#1000 = VERTEX_POINT ( 'NONE', #280 ) ;
#1001 = FACE_OUTER_BOUND ( 'NONE', #557, .T. ) ;
#1002 = EDGE_CURVE ( 'NONE', #781, #446, #1471, .T. ) ;
#1003 = EDGE_CURVE ( 'NONE', #807, #1029, #189, .T. ) ;
#1004 = CARTESIAN_POINT ( 'NONE',  ( -2.250000000000000000, -5.510910596163089556E-16, 1.470000000000000417 ) ) ;
#1005 = CLOSED_SHELL ( 'NONE', ( #1200, #148, #284, #345, #380, #338, #728, #1031, #235, #660, #29, #1209, #681, #1387, #501, #1457, #853, #614, #1113, #1219 ) ) ;
#1006 = VECTOR ( 'NONE', #17, 1000.000000000000000 ) ;
#1007 = DIRECTION ( 'NONE',  ( -0.000000000000000000, -0.000000000000000000, 1.000000000000000000 ) ) ;
#1008 = COORDINATED_UNIVERSAL_TIME_OFFSET ( 6, 0, .BEHIND. ) ;
#1009 = EDGE_LOOP ( 'NONE', ( #1455, #1233, #596, #250 ) ) ;
#1010 = DIRECTION ( 'NONE',  ( 1.000000000000000000, 0.000000000000000000, 0.000000000000000000 ) ) ;
#1011 = CIRCLE ( 'NONE', #352, 4.029999999999997584 ) ;
#1012 = DIRECTION ( 'NONE',  ( 1.000000000000000000, 0.000000000000000000, 0.000000000000000000 ) ) ;
#1013 = DIRECTION ( 'NONE',  ( -0.000000000000000000, -0.000000000000000000, 1.000000000000000000 ) ) ;
#1014 = EDGE_LOOP ( 'NONE', ( #932, #548 ) ) ;
#1015 = ORIENTED_EDGE ( 'NONE', *, *, #277, .T. ) ;
#1016 = DIRECTION ( 'NONE',  ( -0.9749279121818257288, -0.2225209339563050670, 0.000000000000000000 ) ) ;
#1017 = LOCAL_TIME ( 16, 24, 15.00000000000000000, #1008 ) ;
#1018 = EDGE_CURVE ( 'NONE', #732, #318, #1332, .T. ) ;
#1019 = CIRCLE ( 'NONE', #854, 1.208333333333332815 ) ;
#1021 = VERTEX_POINT ( 'NONE', #1460 ) ;
#1020 = AXIS2_PLACEMENT_3D ( 'NONE', #97, #555, #1027 ) ;
#1022 = CARTESIAN_POINT ( 'NONE',  ( -1.880162869509394596, 3.904198427577161290, -3.390884520634789236E-16 ) ) ;
#1023 = EDGE_LOOP ( 'NONE', ( #824, #587, #1153, #493 ) ) ;
#1024 = ORIENTED_EDGE ( 'NONE', *, *, #9, .F. ) ;
#1025 = FACE_OUTER_BOUND ( 'NONE', #744, .T. ) ;
#1026 = DIRECTION ( 'NONE',  ( -0.000000000000000000, -0.000000000000000000, 1.000000000000000000 ) ) ;
#1027 = DIRECTION ( 'NONE',  ( -3.589083053745119197E-16, -8.972707634362797994E-17, -1.000000000000000000 ) ) ;
#1028 = AXIS2_PLACEMENT_3D ( 'NONE', #269, #1309, #1178 ) ;
#1029 = VERTEX_POINT ( 'NONE', #976 ) ;
#1030 = VERTEX_POINT ( 'NONE', #518 ) ;
#1031 = ADVANCED_FACE ( 'NONE', ( #648 ), #1211, .T. ) ;
#1032 = DIRECTION ( 'NONE',  ( 1.224646799147353207E-16, 1.000000000000000000, 0.000000000000000000 ) ) ;
#1033 = ADVANCED_FACE ( 'NONE', ( #167 ), #1046, .T. ) ;
#1034 = CARTESIAN_POINT ( 'NONE',  ( 0.000000000000000000, -5.510910596163089556E-16, 1.500000000000000444 ) ) ;
#1035 = AXIS2_PLACEMENT_3D ( 'NONE', #1385, #686, #574 ) ;
#1036 = AXIS2_PLACEMENT_3D ( 'NONE', #313, #1214, #1350 ) ;
#1037 = FACE_OUTER_BOUND ( 'NONE', #913, .T. ) ;
#1038 = ORIENTED_EDGE ( 'NONE', *, *, #844, .T. ) ;
#1039 = VERTEX_POINT ( 'NONE', #66 ) ;
#1040 = VERTEX_POINT ( 'NONE', #997 ) ;
#1041 = AXIS2_PLACEMENT_3D ( 'NONE', #298, #497, #969 ) ;
#1042 = CARTESIAN_POINT ( 'NONE',  ( 0.000000000000000000, -5.510910596163089556E-16, 1.500000000000000000 ) ) ;
#1043 = CARTESIAN_POINT ( 'NONE',  ( 2.250000000000000000, -2.755455298081544778E-16, 1.470000000000000417 ) ) ;
#1044 = EDGE_LOOP ( 'NONE', ( #419, #486, #670, #1367 ) ) ;
#1045 = EDGE_LOOP ( 'NONE', ( #369, #1390, #1244, #847 ) ) ;
#1046 = CONICAL_SURFACE ( 'NONE', #551, 4.326794919243119431, 0.5235987755982750569 ) ;
#1047 = FACE_OUTER_BOUND ( 'NONE', #334, .T. ) ;
#1048 = EDGE_CURVE ( 'NONE', #861, #179, #576, .T. ) ;
#1049 = EDGE_CURVE ( 'NONE', #179, #151, #362, .T. ) ;
#1050 = DIRECTION ( 'NONE',  ( 1.000000000000000000, 0.000000000000000000, 0.000000000000000000 ) ) ;
#1051 = DIRECTION ( 'NONE',  ( -0.000000000000000000, -0.000000000000000000, 1.000000000000000000 ) ) ;
#1052 = FACE_OUTER_BOUND ( 'NONE', #841, .T. ) ;
#1053 = ORIENTED_EDGE ( 'NONE', *, *, #175, .F. ) ;
#1054 = SPHERICAL_SURFACE ( 'NONE', #399, 1.208333333333333037 ) ;
#1055 = CONICAL_SURFACE ( 'NONE', #1253, 2.250000000000000000, 0.7853981633974554954 ) ;
#1056 = DIRECTION ( 'NONE',  ( -0.000000000000000000, -0.000000000000000000, 1.000000000000000000 ) ) ;
#1057 = TOROIDAL_SURFACE ( 'NONE', #675, 3.124999999999999556, 1.208333333333333259 ) ;
#1058 = DIRECTION ( 'NONE',  ( 0.000000000000000000, -0.000000000000000000, 1.000000000000000000 ) ) ;
#1059 = FACE_OUTER_BOUND ( 'NONE', #36, .T. ) ;
#1060 = ORIENTED_EDGE ( 'NONE', *, *, #237, .F. ) ;
#1061 = FACE_OUTER_BOUND ( 'NONE', #108, .T. ) ;
#1062 = CARTESIAN_POINT ( 'NONE',  ( 2.250000000000000000, -5.510910596163089556E-16, -1.470000000000000417 ) ) ;
#1063 = EDGE_CURVE ( 'NONE', #1039, #930, #70, .T. ) ;
#1064 = CARTESIAN_POINT ( 'NONE',  ( 1.916666666666666519, -4.336808689942017736E-16, -1.479781548969718099E-16 ) ) ;
#1065 = DIRECTION ( 'NONE',  ( -0.000000000000000000, -0.000000000000000000, 1.000000000000000000 ) ) ;
#1066 = ORIENTED_EDGE ( 'NONE', *, *, #194, .F. ) ;
#1067 = ORIENTED_EDGE ( 'NONE', *, *, #277, .F. ) ;
#1068 = DIRECTION ( 'NONE',  ( -0.000000000000000000, -0.000000000000000000, 1.000000000000000000 ) ) ;
#1069 = CIRCLE ( 'NONE', #1316, 1.208333333333333037 ) ;
#1070 = AXIS2_PLACEMENT_3D ( 'NONE', #1181, #1310, #134 ) ;
#1071 = PLANE ( 'NONE',  #505 ) ;
#1072 = LINE ( 'NONE', #483, #1006 ) ;
#1073 = ORIENTED_EDGE ( 'NONE', *, *, #80, .T. ) ;
#1074 = EDGE_CURVE ( 'NONE', #1282, #4, #146, .T. ) ;
#1075 = ORIENTED_EDGE ( 'NONE', *, *, #766, .T. ) ;
#1076 = DIRECTION ( 'NONE',  ( 0.9009688679024157043, -0.4338837391175651703, -5.958127250782110219E-18 ) ) ;
#1077 = AXIS2_PLACEMENT_3D ( 'NONE', #1410, #1176, #831 ) ;
#1078 = DIRECTION ( 'NONE',  ( 1.000000000000000000, 0.000000000000000000, 0.000000000000000000 ) ) ;
#1079 = VERTEX_POINT ( 'NONE', #912 ) ;
#1080 = DIRECTION ( 'NONE',  ( 1.000000000000000000, 0.000000000000000000, 0.000000000000000000 ) ) ;
#1081 = AXIS2_PLACEMENT_3D ( 'NONE', #336, #935, #5 ) ;
#1082 = ORIENTED_EDGE ( 'NONE', *, *, #1448, .T. ) ;
#1083 = DIRECTION ( 'NONE',  ( 1.000000000000000000, 0.000000000000000000, 0.000000000000000000 ) ) ;
#1084 = ADVANCED_FACE ( 'NONE', ( #772 ), #451, .T. ) ;
#1085 = CARTESIAN_POINT ( 'NONE',  ( 4.499999999999998224, -5.510910596163089556E-16, -1.200000000000000178 ) ) ;
#1086 = CARTESIAN_POINT ( 'NONE',  ( -3.999999999999998224, -6.123233995736790688E-17, 1.500000000000000000 ) ) ;
#1087 = AXIS2_PLACEMENT_3D ( 'NONE', #1324, #1442, #406 ) ;
#1088 = EDGE_CURVE ( 'NONE', #732, #1307, #996, .T. ) ;
#1089 = PERSON_AND_ORGANIZATION ( #678, #331 ) ;
#1090 = VERTEX_POINT ( 'NONE', #780 ) ;
#1091 = DIRECTION ( 'NONE',  ( 1.000000000000000000, 0.000000000000000000, 0.000000000000000000 ) ) ;
#1092 = AXIS2_PLACEMENT_3D ( 'NONE', #545, #1352, #655 ) ;
#1093 = AXIS2_PLACEMENT_3D ( 'NONE', #1232, #980, #1078 ) ;
#1094 = CYLINDRICAL_SURFACE ( 'NONE', #14, 2.250000000000000000 ) ;
#1095 = ADVANCED_FACE ( 'NONE', ( #539 ), #1157, .T. ) ;
#1096 = DIRECTION ( 'NONE',  ( -0.000000000000000000, -0.000000000000000000, 1.000000000000000000 ) ) ;
#1097 = PERSON_AND_ORGANIZATION ( #678, #331 ) ;
#1098 = ORIENTED_EDGE ( 'NONE', *, *, #575, .F. ) ;
#1099 = DIRECTION ( 'NONE',  ( 1.000000000000000000, 0.000000000000000000, 0.000000000000000000 ) ) ;
#1100 = LINE ( 'NONE', #392, #705 ) ;
#1101 = EDGE_CURVE ( 'NONE', #591, #1440, #704, .T. ) ;
#1102 = DIRECTION ( 'NONE',  ( -0.000000000000000000, -0.000000000000000000, 1.000000000000000000 ) ) ;
#1103 = AXIS2_PLACEMENT_3D ( 'NONE', #1172, #1026, #126 ) ;
#1104 = CALENDAR_DATE ( 2026, 18, 1 ) ;
#1105 = EDGE_LOOP ( 'NONE', ( #383, #1266, #205, #832 ) ) ;
#1106 = CARTESIAN_POINT ( 'NONE',  ( 0.000000000000000000, -5.510910596163089556E-16, -1.470000000000000417 ) ) ;
#1107 = AXIS2_PLACEMENT_3D ( 'NONE', #1116, #69, #307 ) ;
#1108 = MANIFOLD_SOLID_BREP ( 'CirPattern1[4]', #1247 ) ;
#1109 = LINE ( 'NONE', #55, #898 ) ;
#1110 = MANIFOLD_SOLID_BREP ( 'Revolve1[2]', #52 ) ;
#1111 = ORIENTED_EDGE ( 'NONE', *, *, #1495, .T. ) ;
#1112 = DIRECTION ( 'NONE',  ( 0.000000000000000000, 0.000000000000000000, -1.000000000000000000 ) ) ;
#1113 = ADVANCED_FACE ( 'NONE', ( #202 ), #749, .T. ) ;
#1114 = VERTEX_POINT ( 'NONE', #560 ) ;
#1115 = EDGE_CURVE ( 'NONE', #220, #125, #389, .T. ) ;
#1116 = CARTESIAN_POINT ( 'NONE',  ( 0.000000000000000000, -5.510910596163089556E-16, 1.500000000000000000 ) ) ;
#1117 = AXIS2_PLACEMENT_3D ( 'NONE', #270, #755, #1224 ) ;
#1118 =( LENGTH_UNIT ( ) NAMED_UNIT ( * ) SI_UNIT ( .MILLI., .METRE. ) );
#1119 = MANIFOLD_SOLID_BREP ( 'CirPattern1[1]', #343 ) ;
#1120 = AXIS2_PLACEMENT_3D ( 'NONE', #1126, #217, #1358 ) ;
#1121 = DIRECTION ( 'NONE',  ( -0.000000000000000000, -0.000000000000000000, 1.000000000000000000 ) ) ;
#1122 = ORIENTED_EDGE ( 'NONE', *, *, #412, .F. ) ;
#1123 = DIRECTION ( 'NONE',  ( -0.000000000000000000, -0.000000000000000000, 1.000000000000000000 ) ) ;
#1124 = ADVANCED_FACE ( 'NONE', ( #197 ), #87, .F. ) ;
#1125 = AXIS2_PLACEMENT_3D ( 'NONE', #246, #1322, #38 ) ;
#1126 = CARTESIAN_POINT ( 'NONE',  ( 0.000000000000000000, -5.510910596163089556E-16, -1.470000000000000862 ) ) ;
#1127 = DIRECTION ( 'NONE',  ( -0.000000000000000000, -0.000000000000000000, 1.000000000000000000 ) ) ;
#1128 = DIRECTION ( 'NONE',  ( -0.000000000000000000, -0.000000000000000000, 1.000000000000000000 ) ) ;
#1129 = ORIENTED_EDGE ( 'NONE', *, *, #1336, .F. ) ;
#1130 = CYLINDRICAL_SURFACE ( 'NONE', #842, 2.250000000000000000 ) ;
#1131 = AXIS2_PLACEMENT_3D ( 'NONE', #1034, #1154, #1269 ) ;
#1132 = ADVANCED_FACE ( 'NONE', ( #895 ), #649, .T. ) ;
#1133 = CARTESIAN_POINT ( 'NONE',  ( 0.000000000000000000, -5.510910596163089556E-16, 1.500000000000000888 ) ) ;
#1134 = DIRECTION ( 'NONE',  ( -0.000000000000000000, -0.000000000000000000, 1.000000000000000000 ) ) ;
#1135 = DIRECTION ( 'NONE',  ( -0.000000000000000000, -0.000000000000000000, 1.000000000000000000 ) ) ;
#1136 = VERTEX_POINT ( 'NONE', #680 ) ;
#1137 = ADVANCED_FACE ( 'NONE', ( #316 ), #114, .T. ) ;
#1138 = CC_DESIGN_APPROVAL ( #625, ( #597 ) ) ;
#1139 = CARTESIAN_POINT ( 'NONE',  ( -3.046649725568196132, 0.6953779186134945167, 2.007060031935939615E-16 ) ) ;
#1140 = SPHERICAL_SURFACE ( 'NONE', #1020, 1.208333333333333037 ) ;
#1141 = EDGE_CURVE ( 'NONE', #1185, #907, #432, .T. ) ;
#1142 = AXIS2_PLACEMENT_3D ( 'NONE', #415, #1102, #183 ) ;
#1143 = CIRCLE ( 'NONE', #1357, 0.2250000000000003664 ) ;
#1144 = DIRECTION ( 'NONE',  ( 1.224646799147353207E-16, 1.000000000000000000, 0.000000000000000000 ) ) ;
#1145 = ORIENTED_EDGE ( 'NONE', *, *, #348, .F. ) ;
#1146 = ORIENTED_EDGE ( 'NONE', *, *, #9, .T. ) ;
#1147 = DIRECTION ( 'NONE',  ( 0.9009688679024218105, 0.4338837391175525693, 5.958127250787728542E-18 ) ) ;
#1148 = CIRCLE ( 'NONE', #21, 1.208333333333333481 ) ;
#1149 = CARTESIAN_POINT ( 'NONE',  ( -1.355886684742351855, 2.815527712195068588, 2.007060031935939615E-16 ) ) ;
#1150 = AXIS2_PLACEMENT_3D ( 'NONE', #130, #252, #606 ) ;
#1151 = DIRECTION ( 'NONE',  ( 1.000000000000000000, 0.000000000000000000, 0.000000000000000000 ) ) ;
#1152 = EDGE_LOOP ( 'NONE', ( #1038, #963, #893, #1468 ) ) ;
#1153 = ORIENTED_EDGE ( 'NONE', *, *, #875, .T. ) ;
#1154 = DIRECTION ( 'NONE',  ( -0.000000000000000000, -0.000000000000000000, 1.000000000000000000 ) ) ;
#1155 = AXIS2_PLACEMENT_3D ( 'NONE', #324, #1134, #571 ) ;
#1156 = AXIS2_PLACEMENT_3D ( 'NONE', #1484, #1147, #439 ) ;
#1157 = SPHERICAL_SURFACE ( 'NONE', #1381, 1.208333333333333037 ) ;
#1158 = CARTESIAN_POINT ( 'NONE',  ( -1.498510341397060186, -1.195022120229236817, 5.925223035536950121E-16 ) ) ;
#1159 = CARTESIAN_POINT ( 'NONE',  ( -1.499999999999999778, -4.530470071287919185E-16, -1.275000000000000133 ) ) ;
#1160 = EDGE_CURVE ( 'NONE', #4, #282, #81, .T. ) ;
#1161 = EDGE_LOOP ( 'NONE', ( #1238, #698, #403, #131 ) ) ;
#1162 = EDGE_CURVE ( 'NONE', #693, #513, #827, .T. ) ;
#1163 = CARTESIAN_POINT ( 'NONE',  ( 0.000000000000000000, -5.510910596163089556E-16, -1.275000000000000133 ) ) ;
#1164 = AXIS2_PLACEMENT_3D ( 'NONE', #775, #1243, #170 ) ;
#1165 =( GEOMETRIC_REPRESENTATION_CONTEXT ( 3 ) GLOBAL_UNCERTAINTY_ASSIGNED_CONTEXT ( ( #1394 ) ) GLOBAL_UNIT_ASSIGNED_CONTEXT ( ( #1118, #1445, #752 ) ) REPRESENTATION_CONTEXT ( 'NONE', 'WORKASPACE' ) );
#1166 = DIRECTION ( 'NONE',  ( -1.794541526872559599E-16, -3.589083053745119197E-16, -1.000000000000000000 ) ) ;
#1167 = CARTESIAN_POINT ( 'NONE',  ( 3.999999999999998224, -5.510910596163089556E-16, 1.500000000000000000 ) ) ;
#1168 = CARTESIAN_POINT ( 'NONE',  ( 0.000000000000000000, -3.125000000000000000, 2.007060031935939615E-16 ) ) ;
#1169 = VECTOR ( 'NONE', #525, 1000.000000000000000 ) ;
#1170 = EDGE_LOOP ( 'NONE', ( #985, #268 ) ) ;
#1171 = VECTOR ( 'NONE', #1007, 1000.000000000000000 ) ;
#1172 = CARTESIAN_POINT ( 'NONE',  ( 0.000000000000000000, -5.510910596163089556E-16, 1.500000000000000444 ) ) ;
#1173 = PRODUCT_RELATED_PRODUCT_CATEGORY ( 'detail', '', ( #1489 ) ) ;
#1174 = CARTESIAN_POINT ( 'NONE',  ( 0.000000000000000000, -4.029999999999998472, -1.500000000000000666 ) ) ;
#1175 = CARTESIAN_POINT ( 'NONE',  ( 0.000000000000000000, -4.029999999999998472, 1.500000000000000888 ) ) ;
#1176 = DIRECTION ( 'NONE',  ( -0.000000000000000000, -0.000000000000000000, 1.000000000000000000 ) ) ;
#1177 = ORIENTED_EDGE ( 'NONE', *, *, #959, .F. ) ;
#1178 = DIRECTION ( 'NONE',  ( 1.000000000000000000, 0.000000000000000000, 0.000000000000000000 ) ) ;
#1179 = ADVANCED_FACE ( 'NONE', ( #903 ), #1140, .T. ) ;
#1180 = AXIS2_PLACEMENT_3D ( 'NONE', #349, #1274, #814 ) ;
#1181 = CARTESIAN_POINT ( 'NONE',  ( 0.000000000000000000, -2.250000000000000444, 1.500000000000000444 ) ) ;
#1182 = AXIS2_PLACEMENT_3D ( 'NONE', #77, #195, #514 ) ;
#1183 = CARTESIAN_POINT ( 'NONE',  ( 0.000000000000000000, -5.510910596163089556E-16, -1.470000000000000417 ) ) ;
#1184 = CARTESIAN_POINT ( 'NONE',  ( 0.000000000000000000, -6.505213034913026604E-16, 1.275000000000000133 ) ) ;
#1185 = VERTEX_POINT ( 'NONE', #225 ) ;
#1186 = EDGE_LOOP ( 'NONE', ( #1267, #630 ) ) ;
#1187 = DIRECTION ( 'NONE',  ( -0.000000000000000000, -0.000000000000000000, 1.000000000000000000 ) ) ;
#1188 = DIRECTION ( 'NONE',  ( -0.000000000000000000, -0.000000000000000000, 1.000000000000000000 ) ) ;
#1189 = ORIENTED_EDGE ( 'NONE', *, *, #794, .T. ) ;
#1190 = EDGE_CURVE ( 'NONE', #816, #524, #481, .T. ) ;
#1191 = DIRECTION ( 'NONE',  ( 1.000000000000000000, 0.000000000000000000, 0.000000000000000000 ) ) ;
#1192 = DIRECTION ( 'NONE',  ( -0.000000000000000000, -0.000000000000000000, 1.000000000000000000 ) ) ;
#1193 = ORIENTED_EDGE ( 'NONE', *, *, #567, .T. ) ;
#1194 = ORIENTED_EDGE ( 'NONE', *, *, #766, .F. ) ;
#1195 = CARTESIAN_POINT ( 'NONE',  ( 2.250000000000000000, -4.336808689942017736E-16, -0.8333333333333330373 ) ) ;
#1196 = VECTOR ( 'NONE', #287, 1000.000000000000000 ) ;
#1197 = DIRECTION ( 'NONE',  ( 1.000000000000000000, 0.000000000000000000, 0.000000000000000000 ) ) ;
#1198 = ORIENTED_EDGE ( 'NONE', *, *, #368, .T. ) ;
#1199 = DIRECTION ( 'NONE',  ( -0.000000000000000000, -0.000000000000000000, 1.000000000000000000 ) ) ;
#1200 = ADVANCED_FACE ( 'NONE', ( #128 ), #1338, .F. ) ;
#1201 = VERTEX_POINT ( 'NONE', #1062 ) ;
#1202 = FACE_OUTER_BOUND ( 'NONE', #599, .T. ) ;
#1203 = CARTESIAN_POINT ( 'NONE',  ( -3.999999999999998224, -6.123233995736790688E-17, 1.281249999999999556 ) ) ;
#1204 = CARTESIAN_POINT ( 'NONE',  ( -3.046649725568196132, 0.6953779186134945167, 2.007060031935939615E-16 ) ) ;
#1205 = CONICAL_SURFACE ( 'NONE', #182, 4.499999999999998224, 0.5235987755982750569 ) ;
#1206 = EDGE_CURVE ( 'NONE', #1361, #776, #1216, .T. ) ;
#1207 = ORIENTED_EDGE ( 'NONE', *, *, #1141, .T. ) ;
#1208 = CARTESIAN_POINT ( 'NONE',  ( 0.000000000000000000, -4.336808689942017736E-16, 0.000000000000000000 ) ) ;
#1209 = ADVANCED_FACE ( 'NONE', ( #8, #346 ), #1496, .T. ) ;
#1210 = DIRECTION ( 'NONE',  ( -0.000000000000000000, -0.000000000000000000, 1.000000000000000000 ) ) ;
#1211 = CYLINDRICAL_SURFACE ( 'NONE', #924, 2.250000000000000000 ) ;
#1212 = COORDINATED_UNIVERSAL_TIME_OFFSET ( 6, 0, .BEHIND. ) ;
#1213 = ORIENTED_EDGE ( 'NONE', *, *, #1300, .T. ) ;
#1214 = DIRECTION ( 'NONE',  ( -0.000000000000000000, -0.000000000000000000, 1.000000000000000000 ) ) ;
#1215 = AXIS2_PLACEMENT_3D ( 'NONE', #857, #273, #737 ) ;
#1216 = CIRCLE ( 'NONE', #604, 1.208333333333332815 ) ;
#1217 = LINE ( 'NONE', #1085, #570 ) ;
#1218 = DIRECTION ( 'NONE',  ( 0.9009688679024218105, 0.4338837391175526248, -1.224646799147353207E-16 ) ) ;
#1219 = ADVANCED_FACE ( 'NONE', ( #1395 ), #583, .F. ) ;
#1220 = DATE_AND_TIME ( #642, #427 ) ;
#1221 = EDGE_LOOP ( 'NONE', ( #658, #531, #117, #865 ) ) ;
#1222 = DIRECTION ( 'NONE',  ( -0.000000000000000000, -0.000000000000000000, 1.000000000000000000 ) ) ;
#1223 = AXIS2_PLACEMENT_3D ( 'NONE', #140, #255, #1414 ) ;
#1224 = DIRECTION ( 'NONE',  ( 1.000000000000000000, 0.000000000000000000, 0.000000000000000000 ) ) ;
#1225 = EDGE_CURVE ( 'NONE', #1136, #807, #828, .T. ) ;
#1226 = DIRECTION ( 'NONE',  ( -0.000000000000000000, -0.000000000000000000, 1.000000000000000000 ) ) ;
#1227 = AXIS2_PLACEMENT_3D ( 'NONE', #1487, #199, #198 ) ;
#1228 = ORIENTED_EDGE ( 'NONE', *, *, #1063, .F. ) ;
#1229 = DIRECTION ( 'NONE',  ( -0.000000000000000000, -0.000000000000000000, 1.000000000000000000 ) ) ;
#1230 = CIRCLE ( 'NONE', #911, 4.029999999999997584 ) ;
#1231 = EDGE_CURVE ( 'NONE', #61, #37, #149, .T. ) ;
#1232 = CARTESIAN_POINT ( 'NONE',  ( 0.000000000000000000, -5.510910596163089556E-16, -1.500000000000000888 ) ) ;
#1233 = ORIENTED_EDGE ( 'NONE', *, *, #303, .T. ) ;
#1234 = EDGE_LOOP ( 'NONE', ( #186, #245 ) ) ;
#1235 = DIRECTION ( 'NONE',  ( 0.000000000000000000, 0.000000000000000000, -1.000000000000000000 ) ) ;
#1236 = ADVANCED_FACE ( 'NONE', ( #153 ), #1292, .T. ) ;
#1237 = APPROVAL_STATUS ( 'not_yet_approved' ) ;
#1238 = ORIENTED_EDGE ( 'NONE', *, *, #1115, .T. ) ;
#1239 = CARTESIAN_POINT ( 'NONE',  ( -2.250000000000000888, -2.755455298081544285E-16, 1.281249999999999556 ) ) ;
#1240 = AXIS2_PLACEMENT_3D ( 'NONE', #502, #1451, #1431 ) ;
#1241 = AXIS2_PLACEMENT_3D ( 'NONE', #511, #162, #621 ) ;
#1242 = DIRECTION ( 'NONE',  ( -0.000000000000000000, -0.000000000000000000, 1.000000000000000000 ) ) ;
#1243 = DIRECTION ( 'NONE',  ( 0.000000000000000000, 0.000000000000000000, 1.000000000000000000 ) ) ;
#1244 = ORIENTED_EDGE ( 'NONE', *, *, #1311, .T. ) ;
#1245 = ORIENTED_EDGE ( 'NONE', *, *, #661, .T. ) ;
#1246 = CARTESIAN_POINT ( 'NONE',  ( 3.046649725568205458, 0.6953779186134532164, 2.007060031935939615E-16 ) ) ;
#1247 = CLOSED_SHELL ( 'NONE', ( #214, #1236 ) ) ;
#1248 = DIRECTION ( 'NONE',  ( 1.000000000000000000, 0.000000000000000000, 0.000000000000000000 ) ) ;
#1249 = CARTESIAN_POINT ( 'NONE',  ( -2.443223382712597314, -1.948405630808537570, 2.007060031935939615E-16 ) ) ;
#1250 = ORIENTED_EDGE ( 'NONE', *, *, #1002, .T. ) ;
#1251 = ORIENTED_EDGE ( 'NONE', *, *, #687, .T. ) ;
#1252 = LINE ( 'NONE', #1268, #1351 ) ;
#1253 = AXIS2_PLACEMENT_3D ( 'NONE', #1183, #584, #1191 ) ;
#1254 = AXIS2_PLACEMENT_3D ( 'NONE', #536, #631, #894 ) ;
#1255 = FACE_OUTER_BOUND ( 'NONE', #923, .T. ) ;
#1256 = EDGE_CURVE ( 'NONE', #282, #37, #216, .T. ) ;
#1257 = DIRECTION ( 'NONE',  ( -1.000000000000000000, 0.000000000000000000, 0.000000000000000000 ) ) ;
#1258 = EDGE_LOOP ( 'NONE', ( #1245, #1082, #30, #1398 ) ) ;
#1259 = DIRECTION ( 'NONE',  ( 1.000000000000000000, 0.000000000000000000, 0.000000000000000000 ) ) ;
#1260 = ORIENTED_EDGE ( 'NONE', *, *, #67, .F. ) ;
#1261 = ORIENTED_EDGE ( 'NONE', *, *, #1406, .T. ) ;
#1262 = VECTOR ( 'NONE', #414, 1000.000000000000000 ) ;
#1263 = CYLINDRICAL_SURFACE ( 'NONE', #1278, 3.999999999999998224 ) ;
#1264 = DIRECTION ( 'NONE',  ( 1.000000000000000000, 0.000000000000000000, 0.000000000000000000 ) ) ;
#1265 = VECTOR ( 'NONE', #1199, 1000.000000000000000 ) ;
#1266 = ORIENTED_EDGE ( 'NONE', *, *, #299, .T. ) ;
#1267 = ORIENTED_EDGE ( 'NONE', *, *, #368, .F. ) ;
#1268 = CARTESIAN_POINT ( 'NONE',  ( 3.999999999999998224, -5.510910596163089556E-16, 1.500000000000000000 ) ) ;
#1269 = DIRECTION ( 'NONE',  ( 1.000000000000000000, 0.000000000000000000, 0.000000000000000000 ) ) ;
#1270 = ADVANCED_FACE ( 'NONE', ( #590, #232 ), #713, .T. ) ;
#1271 = DIRECTION ( 'NONE',  ( -0.000000000000000000, -0.000000000000000000, 1.000000000000000000 ) ) ;
#1272 = AXIS2_PLACEMENT_3D ( 'NONE', #815, #945, #137 ) ;
#1273 = EDGE_CURVE ( 'NONE', #861, #1368, #552, .T. ) ;
#1274 = DIRECTION ( 'NONE',  ( -0.000000000000000000, -0.000000000000000000, 1.000000000000000000 ) ) ;
#1275 = EDGE_LOOP ( 'NONE', ( #966, #1198 ) ) ;
#1276 = ORIENTED_EDGE ( 'NONE', *, *, #619, .T. ) ;
#1277 = CARTESIAN_POINT ( 'NONE',  ( 0.000000000000000000, -8.673617379884035472E-16, -1.470000000000000862 ) ) ;
#1278 = AXIS2_PLACEMENT_3D ( 'NONE', #472, #1501, #568 ) ;
#1279 = CARTESIAN_POINT ( 'NONE',  ( 0.000000000000000000, -5.510910596163089556E-16, 1.500000000000000444 ) ) ;
#1280 = FACE_BOUND ( 'NONE', #1374, .T. ) ;
#1281 = DIRECTION ( 'NONE',  ( 0.000000000000000000, 0.000000000000000000, -1.000000000000000000 ) ) ;
#1282 = VERTEX_POINT ( 'NONE', #15 ) ;
#1283 = DIRECTION ( 'NONE',  ( 3.589083053745119197E-16, -8.972707634362797994E-17, -1.000000000000000000 ) ) ;
#1284 = DIRECTION ( 'NONE',  ( 1.000000000000000000, 0.000000000000000000, 0.000000000000000000 ) ) ;
#1285 = DIRECTION ( 'NONE',  ( -1.000000000000000000, 1.224646799147351975E-16, 0.000000000000000000 ) ) ;
#1286 = DIRECTION ( 'NONE',  ( -0.000000000000000000, -0.000000000000000000, 1.000000000000000000 ) ) ;
#1287 = AXIS2_PLACEMENT_3D ( 'NONE', #309, #1242, #1488 ) ;
#1288 = ORIENTED_EDGE ( 'NONE', *, *, #1482, .F. ) ;
#1289 = ORIENTED_EDGE ( 'NONE', *, *, #1231, .F. ) ;
#1290 = CIRCLE ( 'NONE', #95, 1.725000000000000977 ) ;
#1291 = CARTESIAN_POINT ( 'NONE',  ( 0.000000000000000000, -5.510910596163089556E-16, 1.470000000000000417 ) ) ;
#1292 = SPHERICAL_SURFACE ( 'NONE', #364, 1.208333333333333037 ) ;
#1293 = CARTESIAN_POINT ( 'NONE',  ( 0.000000000000000000, -4.336808689942017736E-16, 0.000000000000000000 ) ) ;
#1294 = CARTESIAN_POINT ( 'NONE',  ( 4.499999999999998224, -5.510910596163089556E-16, 1.500000000000000000 ) ) ;
#1295 = VERTEX_POINT ( 'NONE', #371 ) ;
#1296 = CIRCLE ( 'NONE', #634, 3.999999999999998224 ) ;
#1297 = EDGE_LOOP ( 'NONE', ( #476, #541, #769, #106 ) ) ;
#1298 = DIRECTION ( 'NONE',  ( -0.000000000000000000, -0.000000000000000000, 1.000000000000000000 ) ) ;
#1299 = ADVANCED_FACE ( 'NONE', ( #1302, #259 ), #1071, .T. ) ;
#1300 = EDGE_CURVE ( 'NONE', #425, #1079, #241, .T. ) ;
#1301 = VECTOR ( 'NONE', #942, 1000.000000000000000 ) ;
#1302 = FACE_BOUND ( 'NONE', #367, .T. ) ;
#1303 = ADVANCED_BREP_SHAPE_REPRESENTATION ( '4668K107_Permanently Lubricated 440C Stainless Steel Ball Bearing', ( #65, #1119, #71, #103, #1108, #113, #598, #601, #1110, #612, #1164 ), #1165 ) ;
#1304 = AXIS2_PLACEMENT_3D ( 'NONE', #1441, #54, #543 ) ;
#1305 = LINE ( 'NONE', #1167, #1265 ) ;
#1306 = CARTESIAN_POINT ( 'NONE',  ( 0.000000000000000000, -2.250000000000001332, 1.281249999999999556 ) ) ;
#1307 = VERTEX_POINT ( 'NONE', #24 ) ;
#1308 = ORIENTED_EDGE ( 'NONE', *, *, #1088, .F. ) ;
#1309 = DIRECTION ( 'NONE',  ( -0.000000000000000000, -0.000000000000000000, 1.000000000000000000 ) ) ;
#1310 = DIRECTION ( 'NONE',  ( 0.000000000000000000, -0.000000000000000000, 1.000000000000000000 ) ) ;
#1311 = EDGE_CURVE ( 'NONE', #1282, #527, #1143, .T. ) ;
#1312 = APPROVAL_PERSON_ORGANIZATION ( #1454, #537, #650 ) ;
#1313 = CARTESIAN_POINT ( 'NONE',  ( -1.725000000000000533, -4.392697306383841453E-16, -1.275000000000000133 ) ) ;
#1314 = EDGE_LOOP ( 'NONE', ( #118, #447, #384, #851 ) ) ;
#1315 = DIRECTION ( 'NONE',  ( -0.000000000000000000, -0.000000000000000000, 1.000000000000000000 ) ) ;
#1316 = AXIS2_PLACEMENT_3D ( 'NONE', #1346, #57, #1235 ) ;
#1317 = CARTESIAN_POINT ( 'NONE',  ( -2.443223382712597314, -1.948405630808537570, 2.007060031935939615E-16 ) ) ;
#1318 = ADVANCED_FACE ( 'NONE', ( #1415 ), #751, .T. ) ;
#1319 = CARTESIAN_POINT ( 'NONE',  ( -2.250000000000000444, -2.755455298081544778E-16, 1.500000000000000000 ) ) ;
#1320 = EDGE_CURVE ( 'NONE', #591, #1492, #1100, .T. ) ;
#1321 = ORIENTED_EDGE ( 'NONE', *, *, #1362, .T. ) ;
#1322 = DIRECTION ( 'NONE',  ( -0.000000000000000000, -0.000000000000000000, 1.000000000000000000 ) ) ;
#1323 = VECTOR ( 'NONE', #152, 1000.000000000000000 ) ;
#1324 = CARTESIAN_POINT ( 'NONE',  ( -1.355886684742351855, 2.815527712195068588, 2.007060031935939615E-16 ) ) ;
#1325 = DIRECTION ( 'NONE',  ( -0.000000000000000000, -0.000000000000000000, 1.000000000000000000 ) ) ;
#1326 = CONICAL_SURFACE ( 'NONE', #785, 2.219999999999999751, 0.7853981633974554954 ) ;
#1327 = COORDINATED_UNIVERSAL_TIME_OFFSET ( 6, 0, .BEHIND. ) ;
#1328 = EDGE_LOOP ( 'NONE', ( #915, #64 ) ) ;
#1329 = CARTESIAN_POINT ( 'NONE',  ( 0.000000000000000000, -5.510910596163089556E-16, 1.281249999999999556 ) ) ;
#1330 = DIRECTION ( 'NONE',  ( -0.7071067811865526798, 8.659560562354995721E-17, 0.7071067811865424657 ) ) ;
#1331 = AXIS2_PLACEMENT_3D ( 'NONE', #762, #1456, #873 ) ;
#1332 = LINE ( 'NONE', #532, #1196 ) ;
#1333 = SHAPE_DEFINITION_REPRESENTATION ( #355, #1303 ) ;
#1334 = ORIENTED_EDGE ( 'NONE', *, *, #982, .F. ) ;
#1335 = DIRECTION ( 'NONE',  ( -0.000000000000000000, -0.000000000000000000, 1.000000000000000000 ) ) ;
#1336 = EDGE_CURVE ( 'NONE', #1360, #425, #1109, .T. ) ;
#1337 = AXIS2_PLACEMENT_3D ( 'NONE', #1313, #474, #1285 ) ;
#1338 = TOROIDAL_SURFACE ( 'NONE', #173, 3.124999999999999556, 1.208333333333333259 ) ;
#1339 = CARTESIAN_POINT ( 'NONE',  ( 2.250000000000000888, -5.510910596163089556E-16, 1.281249999999999556 ) ) ;
#1340 = CARTESIAN_POINT ( 'NONE',  ( 2.250000000000000000, -5.510910596163089556E-16, -1.470000000000000417 ) ) ;
#1341 = ORIENTED_EDGE ( 'NONE', *, *, #773, .T. ) ;
#1342 = DIRECTION ( 'NONE',  ( 1.000000000000000000, 0.000000000000000000, 0.000000000000000000 ) ) ;
#1343 = TOROIDAL_SURFACE ( 'NONE', #934, 1.725000000000000533, 0.2250000000000004774 ) ;
#1344 = EDGE_CURVE ( 'NONE', #1345, #1000, #629, .T. ) ;
#1345 = VERTEX_POINT ( 'NONE', #286 ) ;
#1346 = CARTESIAN_POINT ( 'NONE',  ( 0.000000000000000000, -3.125000000000000000, 2.007060031935939615E-16 ) ) ;
#1347 = AXIS2_PLACEMENT_3D ( 'NONE', #116, #563, #1151 ) ;
#1348 = DATE_TIME_ROLE ( 'creation_date' ) ;
#1349 = ORIENTED_EDGE ( 'NONE', *, *, #695, .F. ) ;
#1350 = DIRECTION ( 'NONE',  ( 1.000000000000000000, 0.000000000000000000, 0.000000000000000000 ) ) ;
#1351 = VECTOR ( 'NONE', #1470, 1000.000000000000000 ) ;
#1352 = DIRECTION ( 'NONE',  ( -0.6234898018587431423, -0.7818314824680221431, 8.347276197289158552E-17 ) ) ;
#1353 = DATE_AND_TIME ( #409, #1017 ) ;
#1354 = ORIENTED_EDGE ( 'NONE', *, *, #438, .F. ) ;
#1355 = CARTESIAN_POINT ( 'NONE',  ( -0.8316104999753094473, 1.726856996812975886, 5.925223035536950121E-16 ) ) ;
#1356 = AXIS2_PLACEMENT_3D ( 'NONE', #1204, #628, #49 ) ;
#1357 = AXIS2_PLACEMENT_3D ( 'NONE', #697, #488, #960 ) ;
#1358 = DIRECTION ( 'NONE',  ( 1.000000000000000000, 0.000000000000000000, 0.000000000000000000 ) ) ;
#1359 = DIRECTION ( 'NONE',  ( 0.000000000000000000, -1.000000000000000000, 0.000000000000000000 ) ) ;
#1360 = VERTEX_POINT ( 'NONE', #1203 ) ;
#1361 = VERTEX_POINT ( 'NONE', #765 ) ;
#1362 = EDGE_CURVE ( 'NONE', #1039, #930, #433, .T. ) ;
#1363 = DIRECTION ( 'NONE',  ( -0.000000000000000000, -0.000000000000000000, 1.000000000000000000 ) ) ;
#1364 = AXIS2_PLACEMENT_3D ( 'NONE', #657, #1128, #84 ) ;
#1365 = CARTESIAN_POINT ( 'NONE',  ( 0.000000000000000000, -6.505213034913026604E-16, -1.275000000000000133 ) ) ;
#1366 = CARTESIAN_POINT ( 'NONE',  ( -3.999999999999998224, -6.123233995736790688E-17, 1.500000000000000000 ) ) ;
#1367 = ORIENTED_EDGE ( 'NONE', *, *, #1190, .F. ) ;
#1368 = VERTEX_POINT ( 'NONE', #855 ) ;
#1369 = DIRECTION ( 'NONE',  ( 0.000000000000000000, -1.000000000000000000, 0.000000000000000000 ) ) ;
#1370 = CIRCLE ( 'NONE', #1304, 1.208333333333333037 ) ;
#1371 = PLANE ( 'NONE',  #1081 ) ;
#1372 = CARTESIAN_POINT ( 'NONE',  ( 0.000000000000000000, -3.125000000000000000, 2.007060031935939615E-16 ) ) ;
#1373 = CARTESIAN_POINT ( 'NONE',  ( 0.000000000000000000, -5.510910596163089556E-16, 1.500000000000000000 ) ) ;
#1374 = EDGE_LOOP ( 'NONE', ( #1491, #1122 ) ) ;
#1375 = ORIENTED_EDGE ( 'NONE', *, *, #784, .T. ) ;
#1376 = DIRECTION ( 'NONE',  ( -0.000000000000000000, -0.000000000000000000, 1.000000000000000000 ) ) ;
#1377 = FACE_OUTER_BOUND ( 'NONE', #549, .T. ) ;
#1378 = EDGE_CURVE ( 'NONE', #359, #527, #1290, .T. ) ;
#1379 = EDGE_CURVE ( 'NONE', #781, #446, #292, .T. ) ;
#1380 = CARTESIAN_POINT ( 'NONE',  ( -1.499999999999999778, -3.673940397442060361E-16, 1.500000000000000000 ) ) ;
#1381 = AXIS2_PLACEMENT_3D ( 'NONE', #920, #1479, #330 ) ;
#1382 = LINE ( 'NONE', #1480, #7 ) ;
#1383 = ORIENTED_EDGE ( 'NONE', *, *, #6, .F. ) ;
#1384 = ORIENTED_EDGE ( 'NONE', *, *, #641, .F. ) ;
#1385 = CARTESIAN_POINT ( 'NONE',  ( 0.000000000000000000, -5.510910596163089556E-16, -1.200000000000000178 ) ) ;
#1386 = DIRECTION ( 'NONE',  ( -0.000000000000000000, -0.000000000000000000, 1.000000000000000000 ) ) ;
#1387 = ADVANCED_FACE ( 'NONE', ( #748 ), #876, .T. ) ;
#1388 = AXIS2_PLACEMENT_3D ( 'NONE', #475, #1402, #366 ) ;
#1389 = FACE_OUTER_BOUND ( 'NONE', #1105, .T. ) ;
#1390 = ORIENTED_EDGE ( 'NONE', *, *, #593, .T. ) ;
#1391 = VERTEX_POINT ( 'NONE', #161 ) ;
#1392 = DIRECTION ( 'NONE',  ( -3.589083053745119197E-16, 1.794541526872559599E-16, -1.000000000000000000 ) ) ;
#1393 = AXIS2_PLACEMENT_3D ( 'NONE', #107, #461, #1490 ) ;
#1394 = UNCERTAINTY_MEASURE_WITH_UNIT (LENGTH_MEASURE( 1.000000000000000082E-05 ), #1118, 'distance_accuracy_value', 'NONE');
#1395 = FACE_OUTER_BOUND ( 'NONE', #296, .T. ) ;
#1396 = SPHERICAL_SURFACE ( 'NONE', #278, 1.208333333333333037 ) ;
#1397 = CARTESIAN_POINT ( 'NONE',  ( 0.000000000000000000, -5.510910596163089556E-16, 1.500000000000000666 ) ) ;
#1398 = ORIENTED_EDGE ( 'NONE', *, *, #135, .F. ) ;
#1399 = CARTESIAN_POINT ( 'NONE',  ( -4.499999999999998224, -2.888894916580853780E-31, -1.200000000000000178 ) ) ;
#1400 = DIRECTION ( 'NONE',  ( 1.000000000000000000, 0.000000000000000000, 0.000000000000000000 ) ) ;
#1401 = FACE_OUTER_BOUND ( 'NONE', #1023, .T. ) ;
#1402 = DIRECTION ( 'NONE',  ( -0.000000000000000000, -0.000000000000000000, 1.000000000000000000 ) ) ;
#1403 = VECTOR ( 'NONE', #1121, 1000.000000000000000 ) ;
#1404 = VERTEX_POINT ( 'NONE', #1339 ) ;
#1405 = AXIS2_PLACEMENT_3D ( 'NONE', #1279, #1188, #142 ) ;
#1406 = EDGE_CURVE ( 'NONE', #524, #1029, #209, .T. ) ;
#1407 = CYLINDRICAL_SURFACE ( 'NONE', #931, 4.499999999999998224 ) ;
#1408 = DIRECTION ( 'NONE',  ( 1.000000000000000000, 0.000000000000000000, 0.000000000000000000 ) ) ;
#1409 = DIRECTION ( 'NONE',  ( 1.000000000000000000, 0.000000000000000000, 0.000000000000000000 ) ) ;
#1410 = CARTESIAN_POINT ( 'NONE',  ( 0.000000000000000000, -5.510910596163089556E-16, 1.200000000000000178 ) ) ;
#1411 = EDGE_LOOP ( 'NONE', ( #1193, #1213 ) ) ;
#1412 = AXIS2_PLACEMENT_3D ( 'NONE', #1246, #291, #180 ) ;
#1413 = EDGE_LOOP ( 'NONE', ( #1384, #319 ) ) ;
#1414 = DIRECTION ( 'NONE',  ( 1.000000000000000000, 0.000000000000000000, 0.000000000000000000 ) ) ;
#1415 = FACE_OUTER_BOUND ( 'NONE', #22, .T. ) ;
#1416 = CIRCLE ( 'NONE', #764, 1.208333333333333259 ) ;
#1417 = ORIENTED_EDGE ( 'NONE', *, *, #32, .F. ) ;
#1418 = CARTESIAN_POINT ( 'NONE',  ( -4.029999999999997584, -3.738290779320204347E-16, -1.500000000000000444 ) ) ;
#1419 = ORIENTED_EDGE ( 'NONE', *, *, #1049, .T. ) ;
#1420 = ORIENTED_EDGE ( 'NONE', *, *, #266, .T. ) ;
#1421 = DIRECTION ( 'NONE',  ( 1.000000000000000000, 0.000000000000000000, 0.000000000000000000 ) ) ;
#1422 = EDGE_CURVE ( 'NONE', #1000, #1345, #405, .T. ) ;
#1423 = CARTESIAN_POINT ( 'NONE',  ( -2.250000000000000000, -2.755455298081545271E-16, -1.470000000000000417 ) ) ;
#1424 = ADVANCED_FACE ( 'NONE', ( #639 ), #626, .T. ) ;
#1425 = LOCAL_TIME ( 16, 24, 15.00000000000000000, #417 ) ;
#1426 = ORIENTED_EDGE ( 'NONE', *, *, #1482, .T. ) ;
#1427 = CARTESIAN_POINT ( 'NONE',  ( -2.250000000000000000, -2.755455298081545271E-16, 0.8333333333333331483 ) ) ;
#1428 = EDGE_LOOP ( 'NONE', ( #166, #1250 ) ) ;
#1429 = FACE_OUTER_BOUND ( 'NONE', #171, .T. ) ;
#1430 = AXIS2_PLACEMENT_3D ( 'NONE', #10, #830, #498 ) ;
#1431 = DIRECTION ( 'NONE',  ( -3.589083053745119197E-16, -8.972707634362797994E-17, -1.000000000000000000 ) ) ;
#1432 = DIRECTION ( 'NONE',  ( -0.000000000000000000, -0.000000000000000000, 1.000000000000000000 ) ) ;
#1433 = ORIENTED_EDGE ( 'NONE', *, *, #1448, .F. ) ;
#1434 = CARTESIAN_POINT ( 'NONE',  ( 0.000000000000000000, -5.510910596163089556E-16, 1.500000000000000000 ) ) ;
#1435 = EDGE_CURVE ( 'NONE', #1000, #1030, #1217, .T. ) ;
#1436 = DIRECTION ( 'NONE',  ( 1.000000000000000000, 0.000000000000000000, 0.000000000000000000 ) ) ;
#1437 = CIRCLE ( 'NONE', #230, 4.499999999999998224 ) ;
#1438 = CARTESIAN_POINT ( 'NONE',  ( 0.000000000000000000, -1.916666666666667185, 5.925223035536950121E-16 ) ) ;
#1439 = CIRCLE ( 'NONE', #1036, 1.499999999999999778 ) ;
#1440 = VERTEX_POINT ( 'NONE', #188 ) ;
#1441 = CARTESIAN_POINT ( 'NONE',  ( 0.000000000000000000, -3.125000000000000000, 2.007060031935939615E-16 ) ) ;
#1442 = DIRECTION ( 'NONE',  ( -0.9009688679024218105, -0.4338837391175526248, 0.000000000000000000 ) ) ;
#1443 = DIRECTION ( 'NONE',  ( -1.000000000000000000, 0.000000000000000000, 0.000000000000000000 ) ) ;
#1444 = AXIS2_PLACEMENT_3D ( 'NONE', #868, #620, #279 ) ;
#1445 =( NAMED_UNIT ( * ) PLANE_ANGLE_UNIT ( ) SI_UNIT ( $, .RADIAN. ) );
#1446 = EDGE_LOOP ( 'NONE', ( #351, #992, #1276, #1261 ) ) ;
#1447 = CARTESIAN_POINT ( 'NONE',  ( 0.000000000000000000, -5.510910596163089556E-16, 1.500000000000000000 ) ) ;
#1448 = EDGE_CURVE ( 'NONE', #843, #1499, #293, .T. ) ;
#1449 = AXIS2_PLACEMENT_3D ( 'NONE', #981, #1096, #870 ) ;
#1450 = AXIS2_PLACEMENT_3D ( 'NONE', #240, #473, #1197 ) ;
#1451 = DIRECTION ( 'NONE',  ( 0.2225209339563050392, -0.9749279121818256177, 7.612819889261374276E-18 ) ) ;
#1452 = CIRCLE ( 'NONE', #1331, 1.725000000000000977 ) ;
#1453 = CARTESIAN_POINT ( 'NONE',  ( 3.124999999999999556, -4.336808689942017736E-16, 0.000000000000000000 ) ) ;
#1454 = PERSON_AND_ORGANIZATION ( #678, #331 ) ;
#1455 = ORIENTED_EDGE ( 'NONE', *, *, #679, .F. ) ;
#1456 = DIRECTION ( 'NONE',  ( -0.000000000000000000, -0.000000000000000000, 1.000000000000000000 ) ) ;
#1457 = ADVANCED_FACE ( 'NONE', ( #509 ), #1094, .T. ) ;
#1458 = CIRCLE ( 'NONE', #1150, 0.02999999999999964501 ) ;
#1459 = EDGE_LOOP ( 'NONE', ( #228, #636, #1251, #566 ) ) ;
#1460 = CARTESIAN_POINT ( 'NONE',  ( 0.8316104999753334281, 1.726856996812964118, 5.925223035536950121E-16 ) ) ;
#1461 = VECTOR ( 'NONE', #817, 1000.000000000000000 ) ;
#1462 = ORIENTED_EDGE ( 'NONE', *, *, #6, .T. ) ;
#1463 = CARTESIAN_POINT ( 'NONE',  ( 0.000000000000000000, -6.505213034913026604E-16, -1.275000000000000133 ) ) ;
#1464 = EDGE_CURVE ( 'NONE', #1492, #1201, #190, .T. ) ;
#1465 = DIRECTION ( 'NONE',  ( 1.000000000000000000, 0.000000000000000000, 0.000000000000000000 ) ) ;
#1466 = EDGE_CURVE ( 'NONE', #1282, #37, #181, .T. ) ;
#1467 = CARTESIAN_POINT ( 'NONE',  ( 0.000000000000000000, -5.510910596163089556E-16, -1.200000000000000178 ) ) ;
#1468 = ORIENTED_EDGE ( 'NONE', *, *, #968, .F. ) ;
#1469 = EDGE_LOOP ( 'NONE', ( #342, #580 ) ) ;
#1470 = DIRECTION ( 'NONE',  ( -0.000000000000000000, -0.000000000000000000, 1.000000000000000000 ) ) ;
#1471 = CIRCLE ( 'NONE', #478, 1.208333333333333259 ) ;
#1472 = AXIS2_PLACEMENT_3D ( 'NONE', #1503, #829, #720 ) ;
#1473 = CARTESIAN_POINT ( 'NONE',  ( 2.443223382712569336, -1.948405630808572209, 2.007060031935939615E-16 ) ) ;
#1474 = FACE_OUTER_BOUND ( 'NONE', #76, .T. ) ;
#1475 = ORIENTED_EDGE ( 'NONE', *, *, #73, .F. ) ;
#1476 = ORIENTED_EDGE ( 'NONE', *, *, #59, .T. ) ;
#1477 = CARTESIAN_POINT ( 'NONE',  ( 1.498510341397043311, -1.195022120229257911, 5.925223035536950121E-16 ) ) ;
#1478 = CARTESIAN_POINT ( 'NONE',  ( 0.000000000000000000, -5.510910596163089556E-16, 1.500000000000000888 ) ) ;
#1479 = DIRECTION ( 'NONE',  ( -0.6234898018587320401, 0.7818314824680310249, -8.347276197288601419E-17 ) ) ;
#1480 = CARTESIAN_POINT ( 'NONE',  ( 2.250000000000000000, -5.510910596163089556E-16, 1.500000000000000000 ) ) ;
#1481 = ORIENTED_EDGE ( 'NONE', *, *, #1018, .F. ) ;
#1482 = EDGE_CURVE ( 'NONE', #61, #673, #141, .T. ) ;
#1483 = ORIENTED_EDGE ( 'NONE', *, *, #567, .F. ) ;
#1484 = CARTESIAN_POINT ( 'NONE',  ( -1.355886684742351855, 2.815527712195068588, 2.007060031935939615E-16 ) ) ;
#1485 = AXIS2_PLACEMENT_3D ( 'NONE', #1498, #227, #671 ) ;
#1486 = CIRCLE ( 'NONE', #304, 3.999999999999998224 ) ;
#1487 = CARTESIAN_POINT ( 'NONE',  ( 0.000000000000000000, -6.505213034913026604E-16, 1.275000000000000133 ) ) ;
#1488 = DIRECTION ( 'NONE',  ( 1.000000000000000000, 0.000000000000000000, 0.000000000000000000 ) ) ;
#1489 = PRODUCT ( '4668K107_Permanently Lubricated 440C Stainless Steel Ball Bearing', '4668K107_Permanently Lubricated 440C Stainless Steel Ball Bearing', '', ( #520 ) ) ;
#1490 = DIRECTION ( 'NONE',  ( 1.000000000000000000, 0.000000000000000000, 0.000000000000000000 ) ) ;
#1491 = ORIENTED_EDGE ( 'NONE', *, *, #48, .F. ) ;
#1492 = VERTEX_POINT ( 'NONE', #1423 ) ;
#1493 = CC_DESIGN_APPROVAL ( #537, ( #897 ) ) ;
#1494 = DIRECTION ( 'NONE',  ( 0.2225209339563181954, 0.9749279121818226201, -7.612819889256371480E-18 ) ) ;
#1495 = EDGE_CURVE ( 'NONE', #1361, #776, #452, .T. ) ;
#1496 = PLANE ( 'NONE',  #676 ) ;
#1497 = CIRCLE ( 'NONE', #1337, 0.2250000000000005884 ) ;
#1498 = CARTESIAN_POINT ( 'NONE',  ( 3.124999999999999556, -4.336808689942017736E-16, 0.000000000000000000 ) ) ;
#1499 = VERTEX_POINT ( 'NONE', #1004 ) ;
#1500 = EDGE_LOOP ( 'NONE', ( #1228, #1321 ) ) ;
#1501 = DIRECTION ( 'NONE',  ( -0.000000000000000000, -0.000000000000000000, 1.000000000000000000 ) ) ;
#1502 = APPROVAL ( #402, 'UNSPECIFIED' ) ;
#1503 = CARTESIAN_POINT ( 'NONE',  ( 1.725000000000000533, -6.505213034913026604E-16, 1.275000000000000133 ) ) ;
ENDSEC;
END-ISO-10303-21;
