ISO-10303-21;
HEADER;
FILE_DESCRIPTION (( 'STEP AP203' ),
    '1' );
FILE_NAME ('4648K306_440C Stainless Steel Ball Bearing for Food and Beverage.STEP',
    '2026-01-18T22:26:40',
    ( 'McMaster Carr Supply' ),
    ( 'McMaster Carr Supply' ),
    'SwSTEP 2.0',
    'SolidWorks 2024',
    '' );
FILE_SCHEMA (( 'CONFIG_CONTROL_DESIGN' ));
ENDSEC;

DATA;
#1 = AXIS2_PLACEMENT_3D ( 'NONE', #1023, #1534, #1949 ) ;
#2 = VECTOR ( 'NONE', #1621, 1000.000000000000000 ) ;
#3 = LINE ( 'NONE', #899, #820 ) ;
#4 = ORIENTED_EDGE ( 'NONE', *, *, #1490, .F. ) ;
#5 = DIRECTION ( 'NONE',  ( 0.000000000000000000, -1.000000000000000000, 0.000000000000000000 ) ) ;
#6 = AXIS2_PLACEMENT_3D ( 'NONE', #252, #1501, #570 ) ;
#7 = CARTESIAN_POINT ( 'NONE',  ( 3.033999999999997144, -9.797174393178825657E-16, -2.500000000000001332 ) ) ;
#8 = CARTESIAN_POINT ( 'NONE',  ( 0.000000000000000000, -9.797174393178825657E-16, 2.370000000000002771 ) ) ;
#9 = ADVANCED_FACE ( 'NONE', ( #789 ), #1341, .T. ) ;
#10 = VERTEX_POINT ( 'NONE', #243 ) ;
#11 = CARTESIAN_POINT ( 'NONE',  ( 0.000000000000000000, -9.797174393178825657E-16, -2.500000000000000000 ) ) ;
#12 = CARTESIAN_POINT ( 'NONE',  ( -3.124999999999998224, -9.797174393178825657E-16, -1.574999999999999512 ) ) ;
#13 = EDGE_LOOP ( 'NONE', ( #2131, #608 ) ) ;
#14 = AXIS2_PLACEMENT_3D ( 'NONE', #1075, #2172, #2158 ) ;
#15 = DIRECTION ( 'NONE',  ( -1.000000000000000000, 0.000000000000000000, 0.000000000000000000 ) ) ;
#16 = ORIENTED_EDGE ( 'NONE', *, *, #1007, .T. ) ;
#17 = DIRECTION ( 'NONE',  ( -1.000000000000000000, 0.000000000000000000, 0.000000000000000000 ) ) ;
#18 = LINE ( 'NONE', #2187, #2350 ) ;
#19 = CIRCLE ( 'NONE', #2255, 2.862499999999998490 ) ;
#20 = CARTESIAN_POINT ( 'NONE',  ( 3.033999999999997144, -9.797174393178825657E-16, -2.500000000000001332 ) ) ;
#21 = DIRECTION ( 'NONE',  ( 0.000000000000000000, 0.000000000000000000, -1.000000000000000000 ) ) ;
#22 = EDGE_CURVE ( 'NONE', #1216, #1816, #1633, .T. ) ;
#23 = AXIS2_PLACEMENT_3D ( 'NONE', #200, #563, #1117 ) ;
#24 = CARTESIAN_POINT ( 'NONE',  ( -1.925359092334139266, 3.998049351316995459, 0.000000000000000000 ) ) ;
#25 = ORIENTED_EDGE ( 'NONE', *, *, #1578, .T. ) ;
#26 = CARTESIAN_POINT ( 'NONE',  ( 5.671249999999997016, -9.797174393178825657E-16, -2.409000000000000252 ) ) ;
#27 = ORIENTED_EDGE ( 'NONE', *, *, #22, .F. ) ;
#28 = CYLINDRICAL_SURFACE ( 'NONE', #1778, 3.124999999999998224 ) ;
#29 = FACE_OUTER_BOUND ( 'NONE', #1415, .T. ) ;
#30 = DIRECTION ( 'NONE',  ( -0.000000000000000000, -0.000000000000000000, -1.000000000000000000 ) ) ;
#31 = DIRECTION ( 'NONE',  ( -1.000000000000000000, 0.000000000000000000, 0.000000000000000000 ) ) ;
#32 = DIRECTION ( 'NONE',  ( -0.9009688679024157043, 0.4338837391175651703, 0.000000000000000000 ) ) ;
#33 = ADVANCED_FACE ( 'NONE', ( #2188, #1848 ), #428, .F. ) ;
#34 = ORIENTED_EDGE ( 'NONE', *, *, #2335, .F. ) ;
#35 = CIRCLE ( 'NONE', #532, 0.1299999999999998934 ) ;
#36 = AXIS2_PLACEMENT_3D ( 'NONE', #994, #318, #1208 ) ;
#37 = DIRECTION ( 'NONE',  ( -0.000000000000000000, -0.000000000000000000, -1.000000000000000000 ) ) ;
#38 = ORIENTED_EDGE ( 'NONE', *, *, #147, .F. ) ;
#39 = DIRECTION ( 'NONE',  ( -1.000000000000000000, 0.000000000000000000, 0.000000000000000000 ) ) ;
#40 = FACE_OUTER_BOUND ( 'NONE', #704, .T. ) ;
#41 = TOROIDAL_SURFACE ( 'NONE', #1974, 2.162499999999998757, 0.1625000000000000056 ) ;
#42 = CLOSED_SHELL ( 'NONE', ( #408, #1814, #1789, #446, #2226, #1982, #482, #898, #57, #1485, #1319, #1243 ) ) ;
#43 = DIRECTION ( 'NONE',  ( -1.000000000000000000, 0.000000000000000000, 0.000000000000000000 ) ) ;
#44 = AXIS2_PLACEMENT_3D ( 'NONE', #2217, #1468, #744 ) ;
#45 = DIRECTION ( 'NONE',  ( -0.000000000000000000, -0.000000000000000000, -1.000000000000000000 ) ) ;
#46 = CARTESIAN_POINT ( 'NONE',  ( 1.925359092334194999, 3.998049351316968814, 0.000000000000000000 ) ) ;
#47 = VERTEX_POINT ( 'NONE', #439 ) ;
#48 = CONICAL_SURFACE ( 'NONE', #657, 3.203749999999998099, 0.7853981633974627119 ) ;
#49 = CYLINDRICAL_SURFACE ( 'NONE', #400, 3.124999999999998224 ) ;
#50 = ORIENTED_EDGE ( 'NONE', *, *, #339, .F. ) ;
#51 = DIRECTION ( 'NONE',  ( 0.000000000000000000, 0.000000000000000000, 1.000000000000000000 ) ) ;
#52 = CARTESIAN_POINT ( 'NONE',  ( 0.000000000000000000, -5.749999999999998224, -1.574999999999999512 ) ) ;
#53 = EDGE_CURVE ( 'NONE', #1144, #2204, #1297, .T. ) ;
#54 = CIRCLE ( 'NONE', #358, 1.574999999999999289 ) ;
#55 = ORIENTED_EDGE ( 'NONE', *, *, #2344, .F. ) ;
#56 = DIRECTION ( 'NONE',  ( -0.000000000000000000, -0.000000000000000000, -1.000000000000000000 ) ) ;
#57 = ADVANCED_FACE ( 'NONE', ( #604, #1318 ), #1326, .F. ) ;
#58 = LINE ( 'NONE', #245, #2157 ) ;
#59 = ORIENTED_EDGE ( 'NONE', *, *, #771, .F. ) ;
#60 = FACE_OUTER_BOUND ( 'NONE', #718, .T. ) ;
#61 = ORIENTED_EDGE ( 'NONE', *, *, #985, .T. ) ;
#62 = FACE_OUTER_BOUND ( 'NONE', #2092, .T. ) ;
#63 = CARTESIAN_POINT ( 'NONE',  ( 0.000000000000000000, -9.797174393178825657E-16, -2.500000000000000000 ) ) ;
#64 = CARTESIAN_POINT ( 'NONE',  ( 0.000000000000000000, -9.797174393178825657E-16, -2.408999999999996255 ) ) ;
#65 = EDGE_CURVE ( 'NONE', #1811, #2326, #2037, .T. ) ;
#66 = DIRECTION ( 'NONE',  ( -1.000000000000000000, 0.000000000000000000, 0.000000000000000000 ) ) ;
#67 = CARTESIAN_POINT ( 'NONE',  ( 0.000000000000000000, -9.797174393178825657E-16, -2.500000000000002665 ) ) ;
#68 = ORIENTED_EDGE ( 'NONE', *, *, #1204, .T. ) ;
#69 = CARTESIAN_POINT ( 'NONE',  ( 0.000000000000000000, -9.797174393178825657E-16, -2.409000000000000252 ) ) ;
#70 = ORIENTED_EDGE ( 'NONE', *, *, #596, .T. ) ;
#71 = CONICAL_SURFACE ( 'NONE', #763, 5.840999999999997527, 0.7853981633974388421 ) ;
#72 = DIRECTION ( 'NONE',  ( -1.000000000000000000, 0.000000000000000000, 0.000000000000000000 ) ) ;
#73 = DIRECTION ( 'NONE',  ( -1.000000000000000000, 0.000000000000000000, 0.000000000000000000 ) ) ;
#74 = AXIS2_PLACEMENT_3D ( 'NONE', #1856, #1304, #1316 ) ;
#75 = AXIS2_PLACEMENT_3D ( 'NONE', #748, #160, #1059 ) ;
#76 = EDGE_LOOP ( 'NONE', ( #776, #411, #61, #2034 ) ) ;
#77 = DIRECTION ( 'NONE',  ( -1.000000000000000000, 0.000000000000000000, 0.000000000000000000 ) ) ;
#78 = CIRCLE ( 'NONE', #1366, 1.574999999999999512 ) ;
#79 = EDGE_CURVE ( 'NONE', #47, #968, #1638, .T. ) ;
#80 = AXIS2_PLACEMENT_3D ( 'NONE', #2266, #1546, #1913 ) ;
#81 = DIRECTION ( 'NONE',  ( 0.000000000000000000, 0.000000000000000000, -1.000000000000000000 ) ) ;
#82 = EDGE_CURVE ( 'NONE', #1816, #1216, #616, .T. ) ;
#83 = DIRECTION ( 'NONE',  ( -0.000000000000000000, -0.000000000000000000, -1.000000000000000000 ) ) ;
#84 = ORIENTED_EDGE ( 'NONE', *, *, #1909, .F. ) ;
#85 = CARTESIAN_POINT ( 'NONE',  ( 0.000000000000000000, -9.797174393178825657E-16, -2.408999999999999808 ) ) ;
#86 = EDGE_LOOP ( 'NONE', ( #1645, #1938 ) ) ;
#87 = CARTESIAN_POINT ( 'NONE',  ( -3.124999999999998224, -9.797174393178825657E-16, 2.409000000000000252 ) ) ;
#88 = EDGE_CURVE ( 'NONE', #305, #806, #984, .T. ) ;
#89 = ORIENTED_EDGE ( 'NONE', *, *, #103, .F. ) ;
#90 = DIRECTION ( 'NONE',  ( -0.000000000000000000, -0.000000000000000000, -1.000000000000000000 ) ) ;
#91 = AXIS2_PLACEMENT_3D ( 'NONE', #374, #1414, #1819 ) ;
#92 = VECTOR ( 'NONE', #1356, 1000.000000000000114 ) ;
#93 = DIRECTION ( 'NONE',  ( 0.000000000000000000, 0.000000000000000000, -1.000000000000000000 ) ) ;
#94 = EDGE_LOOP ( 'NONE', ( #1175, #27 ) ) ;
#95 = EDGE_CURVE ( 'NONE', #793, #2074, #407, .T. ) ;
#96 = DIRECTION ( 'NONE',  ( 0.000000000000000000, 0.000000000000000000, -1.000000000000000000 ) ) ;
#97 = ORIENTED_EDGE ( 'NONE', *, *, #1393, .F. ) ;
#98 = CARTESIAN_POINT ( 'NONE',  ( 0.000000000000000000, -9.797174393178825657E-16, -2.369999999999996998 ) ) ;
#99 = ORIENTED_EDGE ( 'NONE', *, *, #449, .T. ) ;
#100 = FACE_OUTER_BOUND ( 'NONE', #2315, .T. ) ;
#101 = DIRECTION ( 'NONE',  ( -0.000000000000000000, -0.000000000000000000, -1.000000000000000000 ) ) ;
#102 = ORIENTED_EDGE ( 'NONE', *, *, #771, .T. ) ;
#103 = EDGE_CURVE ( 'NONE', #1487, #951, #2019, .T. ) ;
#104 = CARTESIAN_POINT ( 'NONE',  ( 4.326242610306850089, 0.9874366444311032387, 0.000000000000000000 ) ) ;
#105 = ORIENTED_EDGE ( 'NONE', *, *, #911, .F. ) ;
#106 = DIRECTION ( 'NONE',  ( -0.000000000000000000, -0.000000000000000000, -1.000000000000000000 ) ) ;
#107 = VERTEX_POINT ( 'NONE', #762 ) ;
#108 = DIRECTION ( 'NONE',  ( -0.000000000000000000, -0.000000000000000000, -1.000000000000000000 ) ) ;
#109 = AXIS2_PLACEMENT_3D ( 'NONE', #562, #45, #917 ) ;
#110 = CIRCLE ( 'NONE', #1440, 5.580249999999995936 ) ;
#111 = AXIS2_PLACEMENT_3D ( 'NONE', #2174, #181, #939 ) ;
#112 = CLOSED_SHELL ( 'NONE', ( #1502, #223, #2114, #1912, #1539, #1353, #1579, #1407, #1806, #2285, #1224, #2189, #999, #2054, #2183, #123, #1559, #1458, #2308, #1556 ) ) ;
#113 = LOCAL_TIME ( 16, 26, 40.00000000000000000, #2339 ) ;
#114 = VECTOR ( 'NONE', #101, 1000.000000000000000 ) ;
#115 = DIRECTION ( 'NONE',  ( -1.000000000000000000, 0.000000000000000000, 0.000000000000000000 ) ) ;
#116 = DIRECTION ( 'NONE',  ( 1.000000000000000000, 0.000000000000000000, 0.000000000000000000 ) ) ;
#117 = VERTEX_POINT ( 'NONE', #1747 ) ;
#118 = DIRECTION ( 'NONE',  ( -1.000000000000000000, 0.000000000000000000, 0.000000000000000000 ) ) ;
#119 = CC_DESIGN_PERSON_AND_ORGANIZATION_ASSIGNMENT ( #1434, #1266, ( #1333 ) ) ;
#120 = EDGE_LOOP ( 'NONE', ( #666, #1254, #962, #553 ) ) ;
#121 = DIRECTION ( 'NONE',  ( 0.000000000000000000, 0.000000000000000000, -1.000000000000000000 ) ) ;
#122 = LINE ( 'NONE', #1715, #919 ) ;
#123 = ADVANCED_FACE ( 'NONE', ( #275 ), #1116, .F. ) ;
#124 = ADVANCED_FACE ( 'NONE', ( #264 ), #1373, .T. ) ;
#125 = CIRCLE ( 'NONE', #1453, 3.124999999999998224 ) ;
#126 = VECTOR ( 'NONE', #1046, 1000.000000000000000 ) ;
#127 = DIRECTION ( 'NONE',  ( -1.224646799147353207E-16, 0.000000000000000000, 1.000000000000000000 ) ) ;
#128 = CIRCLE ( 'NONE', #1651, 5.749999999999996447 ) ;
#129 = ADVANCED_FACE ( 'NONE', ( #2093, #1009 ), #1943, .F. ) ;
#130 = DIRECTION ( 'NONE',  ( -1.000000000000000000, 0.000000000000000000, 0.000000000000000000 ) ) ;
#131 = ORIENTED_EDGE ( 'NONE', *, *, #1717, .T. ) ;
#132 = VERTEX_POINT ( 'NONE', #2293 ) ;
#133 = DIRECTION ( 'NONE',  ( -1.000000000000000000, 0.000000000000000000, 0.000000000000000000 ) ) ;
#134 = DIRECTION ( 'NONE',  ( 0.000000000000000000, 0.000000000000000000, -1.000000000000000000 ) ) ;
#135 = EDGE_CURVE ( 'NONE', #1547, #498, #122, .T. ) ;
#136 = DIRECTION ( 'NONE',  ( 0.000000000000000000, 0.000000000000000000, 1.000000000000000000 ) ) ;
#137 = DIRECTION ( 'NONE',  ( -0.000000000000000000, -0.000000000000000000, -1.000000000000000000 ) ) ;
#138 = LINE ( 'NONE', #2130, #844 ) ;
#139 = ORIENTED_EDGE ( 'NONE', *, *, #1733, .F. ) ;
#140 = DIRECTION ( 'NONE',  ( -0.000000000000000000, -0.000000000000000000, -1.000000000000000000 ) ) ;
#141 = VERTEX_POINT ( 'NONE', #668 ) ;
#142 = CYLINDRICAL_SURFACE ( 'NONE', #1258, 5.749999999999997335 ) ;
#143 = PLANE ( 'NONE',  #2234 ) ;
#144 = DIRECTION ( 'NONE',  ( -0.000000000000000000, -0.000000000000000000, -1.000000000000000000 ) ) ;
#145 = ORIENTED_EDGE ( 'NONE', *, *, #198, .T. ) ;
#146 = APPROVAL ( #168, 'UNSPECIFIED' ) ;
#147 = EDGE_CURVE ( 'NONE', #1724, #498, #1519, .T. ) ;
#148 = AXIS2_PLACEMENT_3D ( 'NONE', #1690, #582, #1509 ) ;
#149 = CIRCLE ( 'NONE', #1584, 2.162499999999998757 ) ;
#150 = AXIS2_PLACEMENT_3D ( 'NONE', #1446, #1408, #1775 ) ;
#151 = CARTESIAN_POINT ( 'NONE',  ( 3.203749999999998099, -5.873712210410494759E-16, -2.409000000000000252 ) ) ;
#152 = VECTOR ( 'NONE', #418, 999.9999999999998863 ) ;
#153 = EDGE_CURVE ( 'NONE', #2024, #1008, #495, .T. ) ;
#154 = AXIS2_PLACEMENT_3D ( 'NONE', #11, #2179, #2005 ) ;
#155 = DIRECTION ( 'NONE',  ( 0.000000000000000000, -1.000000000000000000, 0.000000000000000000 ) ) ;
#156 = ORIENTED_EDGE ( 'NONE', *, *, #1759, .F. ) ;
#157 = PERSON_AND_ORGANIZATION ( #1382, #1586 ) ;
#158 = DIRECTION ( 'NONE',  ( 1.000000000000000000, 0.000000000000000000, 0.000000000000000000 ) ) ;
#159 = ORIENTED_EDGE ( 'NONE', *, *, #740, .F. ) ;
#160 = DIRECTION ( 'NONE',  ( -0.000000000000000000, -0.000000000000000000, -1.000000000000000000 ) ) ;
#161 = DIRECTION ( 'NONE',  ( -1.000000000000000000, 0.000000000000000000, 0.000000000000000000 ) ) ;
#162 = ADVANCED_FACE ( 'NONE', ( #100 ), #1827, .T. ) ;
#163 = VERTEX_POINT ( 'NONE', #285 ) ;
#164 = LINE ( 'NONE', #1431, #674 ) ;
#165 = AXIS2_PLACEMENT_3D ( 'NONE', #757, #961, #600 ) ;
#166 = EDGE_CURVE ( 'NONE', #1627, #1285, #1361, .T. ) ;
#167 = EDGE_LOOP ( 'NONE', ( #1055, #708, #1762, #2312 ) ) ;
#168 = APPROVAL_STATUS ( 'not_yet_approved' ) ;
#169 = DIRECTION ( 'NONE',  ( 1.000000000000000000, 0.000000000000000000, 0.000000000000000000 ) ) ;
#170 = ORIENTED_EDGE ( 'NONE', *, *, #827, .F. ) ;
#171 = CARTESIAN_POINT ( 'NONE',  ( 0.000000000000000000, -2.862499999999999378, -9.644093543285404257E-17 ) ) ;
#172 = CARTESIAN_POINT ( 'NONE',  ( 3.294750000000003620, -9.797174393178825657E-16, 2.500000000000002665 ) ) ;
#173 = VERTEX_POINT ( 'NONE', #2109 ) ;
#174 = CARTESIAN_POINT ( 'NONE',  ( 0.000000000000000000, -9.797174393178825657E-16, 2.460625000000003393 ) ) ;
#175 = CARTESIAN_POINT ( 'NONE',  ( 3.124999999999998224, -5.970153145843348333E-16, 1.574999999999999512 ) ) ;
#176 = ORIENTED_EDGE ( 'NONE', *, *, #2243, .F. ) ;
#177 = DIRECTION ( 'NONE',  ( 1.000000000000000000, 0.000000000000000000, 0.000000000000000000 ) ) ;
#178 = ADVANCED_FACE ( 'NONE', ( #841 ), #678, .F. ) ;
#179 = LINE ( 'NONE', #1278, #782 ) ;
#180 = EDGE_LOOP ( 'NONE', ( #1014, #519, #1240, #375 ) ) ;
#181 = DIRECTION ( 'NONE',  ( -0.6234898018587320401, 0.7818314824680310249, -1.224646799147353454E-16 ) ) ;
#182 = CYLINDRICAL_SURFACE ( 'NONE', #225, 5.749999999999996447 ) ;
#183 = DIRECTION ( 'NONE',  ( -1.000000000000000000, 0.000000000000000000, 0.000000000000000000 ) ) ;
#184 = EDGE_LOOP ( 'NONE', ( #484, #1344, #239, #1562 ) ) ;
#185 = PLANE ( 'NONE',  #1670 ) ;
#186 = AXIS2_PLACEMENT_3D ( 'NONE', #488, #1896, #77 ) ;
#187 = CIRCLE ( 'NONE', #2348, 1.574999999999999512 ) ;
#188 = DIRECTION ( 'NONE',  ( 1.000000000000000000, 0.000000000000000000, 0.000000000000000000 ) ) ;
#189 = ORIENTED_EDGE ( 'NONE', *, *, #417, .F. ) ;
#190 = APPROVAL_ROLE ( '' ) ;
#191 = AXIS2_PLACEMENT_3D ( 'NONE', #1174, #1922, #663 ) ;
#192 = CARTESIAN_POINT ( 'NONE',  ( 0.000000000000000000, -9.797174393178825657E-16, -2.369999999999996998 ) ) ;
#193 = ORIENTED_EDGE ( 'NONE', *, *, #1652, .T. ) ;
#194 = DIRECTION ( 'NONE',  ( -1.000000000000000000, 0.000000000000000000, 0.000000000000000000 ) ) ;
#195 = AXIS2_PLACEMENT_3D ( 'NONE', #1544, #1567, #1725 ) ;
#196 = CARTESIAN_POINT ( 'NONE',  ( 3.124999999999998224, -5.970153145843348333E-16, -2.409000000000000252 ) ) ;
#197 = EDGE_LOOP ( 'NONE', ( #1192, #1971, #2283, #900 ) ) ;
#198 = EDGE_CURVE ( 'NONE', #1498, #526, #1404, .T. ) ;
#199 = SPHERICAL_SURFACE ( 'NONE', #1291, 1.574999999999999512 ) ;
#200 = CARTESIAN_POINT ( 'NONE',  ( 0.000000000000000000, -9.797174393178825657E-16, -1.574999999999999512 ) ) ;
#201 = ORIENTED_EDGE ( 'NONE', *, *, #2294, .T. ) ;
#202 = AXIS2_PLACEMENT_3D ( 'NONE', #560, #1594, #1064 ) ;
#203 = EDGE_CURVE ( 'NONE', #1227, #1066, #1293, .T. ) ;
#204 = VECTOR ( 'NONE', #654, 999.9999999999998863 ) ;
#205 = CARTESIAN_POINT ( 'NONE',  ( 1.925359092334194999, 3.998049351316968814, 0.000000000000000000 ) ) ;
#206 = EDGE_LOOP ( 'NONE', ( #176, #1505, #1729, #1058 ) ) ;
#207 = DIRECTION ( 'NONE',  ( -1.000000000000000000, 0.000000000000000000, 0.000000000000000000 ) ) ;
#208 = CARTESIAN_POINT ( 'NONE',  ( 0.000000000000000000, -9.797174393178825657E-16, -2.500000000000002220 ) ) ;
#209 = VERTEX_POINT ( 'NONE', #2080 ) ;
#210 = EDGE_CURVE ( 'NONE', #1444, #907, #1631, .T. ) ;
#211 = DIRECTION ( 'NONE',  ( 1.000000000000000000, 0.000000000000000000, 0.000000000000000000 ) ) ;
#212 = CARTESIAN_POINT ( 'NONE',  ( -4.326242610306837655, 0.9874366444311618585, 0.000000000000000000 ) ) ;
#213 = ORIENTED_EDGE ( 'NONE', *, *, #2029, .T. ) ;
#214 = DIRECTION ( 'NONE',  ( 0.000000000000000000, 0.000000000000000000, -1.000000000000000000 ) ) ;
#215 = EDGE_LOOP ( 'NONE', ( #2341, #1073 ) ) ;
#216 = DIRECTION ( 'NONE',  ( -0.000000000000000000, -0.000000000000000000, -1.000000000000000000 ) ) ;
#217 = CARTESIAN_POINT ( 'NONE',  ( 2.862499999999998490, -5.168065917324738701E-16, 1.928818708657080851E-16 ) ) ;
#218 = ORIENTED_EDGE ( 'NONE', *, *, #373, .T. ) ;
#219 = ORIENTED_EDGE ( 'NONE', *, *, #135, .F. ) ;
#220 = CARTESIAN_POINT ( 'NONE',  ( -5.671249999999997016, -2.851896233514402789E-16, -2.409000000000000252 ) ) ;
#221 = CARTESIAN_POINT ( 'NONE',  ( 0.000000000000000000, -9.797174393178825657E-16, -2.409000000000000252 ) ) ;
#222 = ORIENTED_EDGE ( 'NONE', *, *, #1609, .F. ) ;
#223 = ADVANCED_FACE ( 'NONE', ( #1203 ), #2196, .F. ) ;
#224 = AXIS2_PLACEMENT_3D ( 'NONE', #2320, #520, #2347 ) ;
#225 = AXIS2_PLACEMENT_3D ( 'NONE', #335, #859, #1953 ) ;
#226 = VECTOR ( 'NONE', #1573, 1000.000000000000114 ) ;
#227 = CARTESIAN_POINT ( 'NONE',  ( 0.000000000000000000, -9.797174393178825657E-16, -2.500000000000001332 ) ) ;
#228 = ORIENTED_EDGE ( 'NONE', *, *, #1909, .T. ) ;
#229 = DIRECTION ( 'NONE',  ( -1.000000000000000000, 0.000000000000000000, 0.000000000000000000 ) ) ;
#230 = DIRECTION ( 'NONE',  ( -0.000000000000000000, -0.000000000000000000, -1.000000000000000000 ) ) ;
#231 = CIRCLE ( 'NONE', #1825, 3.033999999999996255 ) ;
#232 = ORIENTED_EDGE ( 'NONE', *, *, #1153, .T. ) ;
#233 = CYLINDRICAL_SURFACE ( 'NONE', #878, 3.124999999999998224 ) ;
#234 = CYLINDRICAL_SURFACE ( 'NONE', #344, 1.999999999999998668 ) ;
#235 = VERTEX_POINT ( 'NONE', #2284 ) ;
#236 = EDGE_CURVE ( 'NONE', #447, #1389, #660, .T. ) ;
#237 = VECTOR ( 'NONE', #144, 1000.000000000000000 ) ;
#238 = CARTESIAN_POINT ( 'NONE',  ( 0.000000000000000000, -9.797174393178825657E-16, -2.500000000000000000 ) ) ;
#239 = ORIENTED_EDGE ( 'NONE', *, *, #339, .T. ) ;
#240 = CARTESIAN_POINT ( 'NONE',  ( 0.000000000000000000, -9.797174393178825657E-16, -2.500000000000001332 ) ) ;
#241 = CYLINDRICAL_SURFACE ( 'NONE', #1860, 3.124999999999998224 ) ;
#242 = AXIS2_PLACEMENT_3D ( 'NONE', #1253, #349, #1102 ) ;
#243 = CARTESIAN_POINT ( 'NONE',  ( 5.840999999999997527, -9.797174393178825657E-16, 2.500000000000002220 ) ) ;
#244 = DIRECTION ( 'NONE',  ( 0.000000000000000000, 0.000000000000000000, 1.000000000000000000 ) ) ;
#245 = CARTESIAN_POINT ( 'NONE',  ( -3.124999999999998224, -9.797174393178825657E-16, -2.500000000000000000 ) ) ;
#246 = EDGE_LOOP ( 'NONE', ( #452, #761, #561, #2319 ) ) ;
#247 = DIRECTION ( 'NONE',  ( -1.000000000000000000, 0.000000000000000000, 0.000000000000000000 ) ) ;
#248 = ORIENTED_EDGE ( 'NONE', *, *, #1428, .T. ) ;
#249 = DIRECTION ( 'NONE',  ( 1.000000000000000000, 0.000000000000000000, -0.000000000000000000 ) ) ;
#250 = EDGE_CURVE ( 'NONE', #455, #1332, #489, .T. ) ;
#251 = ORIENTED_EDGE ( 'NONE', *, *, #1204, .F. ) ;
#252 = CARTESIAN_POINT ( 'NONE',  ( 0.000000000000000000, -9.797174393178825657E-16, 1.574999999999999512 ) ) ;
#253 = ADVANCED_FACE ( 'NONE', ( #888 ), #182, .F. ) ;
#254 = CARTESIAN_POINT ( 'NONE',  ( 0.000000000000000000, -9.797174393178825657E-16, -2.500000000000001332 ) ) ;
#255 = CARTESIAN_POINT ( 'NONE',  ( -3.124999999999998224, -9.797174393178825657E-16, -0.8706140074682919838 ) ) ;
#256 = EDGE_LOOP ( 'NONE', ( #829, #1641, #1868, #1386 ) ) ;
#257 = DIRECTION ( 'NONE',  ( 1.000000000000000000, 0.000000000000000000, 0.000000000000000000 ) ) ;
#258 = VERTEX_POINT ( 'NONE', #1281 ) ;
#259 = CIRCLE ( 'NONE', #1580, 1.574999999999999512 ) ;
#260 = CARTESIAN_POINT ( 'NONE',  ( 0.000000000000000000, -9.797174393178825657E-16, -2.500000000000002220 ) ) ;
#261 = TOROIDAL_SURFACE ( 'NONE', #1932, 3.164374999999998828, 0.03937499999999991007 ) ;
#262 = CIRCLE ( 'NONE', #1062, 5.580249999999995936 ) ;
#263 = ORIENTED_EDGE ( 'NONE', *, *, #2258, .T. ) ;
#264 = FACE_OUTER_BOUND ( 'NONE', #442, .T. ) ;
#265 = AXIS2_PLACEMENT_3D ( 'NONE', #1713, #2282, #2119 ) ;
#266 = AXIS2_PLACEMENT_3D ( 'NONE', #2006, #934, #574 ) ;
#267 = CIRCLE ( 'NONE', #381, 5.749999999999996447 ) ;
#268 = EDGE_CURVE ( 'NONE', #1332, #455, #916, .T. ) ;
#269 = CARTESIAN_POINT ( 'NONE',  ( 0.000000000000000000, -9.797174393178825657E-16, -2.337500000000001688 ) ) ;
#270 = EDGE_LOOP ( 'NONE', ( #631, #1141, #1830, #1108 ) ) ;
#271 = CARTESIAN_POINT ( 'NONE',  ( -4.326242610306837655, 0.9874366444311618585, 0.000000000000000000 ) ) ;
#272 = ORIENTED_EDGE ( 'NONE', *, *, #787, .T. ) ;
#273 = DIRECTION ( 'NONE',  ( -1.000000000000000000, 0.000000000000000000, 0.000000000000000000 ) ) ;
#274 = ORIENTED_EDGE ( 'NONE', *, *, #1081, .T. ) ;
#275 = FACE_OUTER_BOUND ( 'NONE', #1261, .T. ) ;
#276 = VECTOR ( 'NONE', #1347, 1000.000000000000000 ) ;
#277 = CIRCLE ( 'NONE', #1086, 0.1624999999999998945 ) ;
#278 = ADVANCED_FACE ( 'NONE', ( #528 ), #2047, .T. ) ;
#279 = CARTESIAN_POINT ( 'NONE',  ( -4.437499999999998224, -8.673617379884035472E-16, 0.000000000000000000 ) ) ;
#280 = ORIENTED_EDGE ( 'NONE', *, *, #813, .T. ) ;
#281 = DIRECTION ( 'NONE',  ( -0.000000000000000000, -0.000000000000000000, -1.000000000000000000 ) ) ;
#282 = EDGE_LOOP ( 'NONE', ( #971, #688, #1103, #883 ) ) ;
#283 = DIRECTION ( 'NONE',  ( 1.224646799147353207E-16, 1.000000000000000000, -0.000000000000000000 ) ) ;
#284 = EDGE_LOOP ( 'NONE', ( #575, #228 ) ) ;
#285 = CARTESIAN_POINT ( 'NONE',  ( 3.033999999999996255, -6.025874575204555184E-16, 2.500000000000002665 ) ) ;
#286 = MANIFOLD_SOLID_BREP ( 'Revolve2', #2048 ) ;
#287 = DIRECTION ( 'NONE',  ( -1.224646799147353207E-16, 1.000000000000000000, 0.000000000000000000 ) ) ;
#288 = MANIFOLD_SOLID_BREP ( 'CirPattern1[4]', #725 ) ;
#289 = CARTESIAN_POINT ( 'NONE',  ( 0.000000000000000000, -9.797174393178825657E-16, -2.409000000000000252 ) ) ;
#290 = EDGE_CURVE ( 'NONE', #372, #1951, #1512, .T. ) ;
#291 = ORIENTED_EDGE ( 'NONE', *, *, #928, .T. ) ;
#292 = CARTESIAN_POINT ( 'NONE',  ( 3.203749999999998099, -5.873712210410494759E-16, -2.500000000000000000 ) ) ;
#293 = ORIENTED_EDGE ( 'NONE', *, *, #2265, .F. ) ;
#294 = DIRECTION ( 'NONE',  ( 0.000000000000000000, 0.000000000000000000, 1.000000000000000000 ) ) ;
#295 = DIRECTION ( 'NONE',  ( 0.000000000000000000, 0.000000000000000000, -1.000000000000000000 ) ) ;
#296 = AXIS2_PLACEMENT_3D ( 'NONE', #1121, #2146, #1783 ) ;
#297 = CIRCLE ( 'NONE', #463, 5.840999999999998415 ) ;
#298 = CIRCLE ( 'NONE', #1779, 0.1299999999999998934 ) ;
#299 = AXIS2_PLACEMENT_3D ( 'NONE', #1123, #584, #750 ) ;
#300 = EDGE_CURVE ( 'NONE', #2118, #1948, #645, .T. ) ;
#301 = AXIS2_PLACEMENT_3D ( 'NONE', #410, #598, #1851 ) ;
#302 = DIRECTION ( 'NONE',  ( -0.000000000000000000, -0.000000000000000000, -1.000000000000000000 ) ) ;
#303 = AXIS2_PLACEMENT_3D ( 'NONE', #416, #1172, #1838 ) ;
#304 = CYLINDRICAL_SURFACE ( 'NONE', #473, 5.749999999999996447 ) ;
#305 = VERTEX_POINT ( 'NONE', #7 ) ;
#306 = DIRECTION ( 'NONE',  ( 0.000000000000000000, 0.000000000000000000, 1.000000000000000000 ) ) ;
#307 = MANIFOLD_SOLID_BREP ( 'CirPattern1[3]', #1591 ) ;
#308 = EDGE_CURVE ( 'NONE', #1189, #514, #1186, .T. ) ;
#309 = ORIENTED_EDGE ( 'NONE', *, *, #825, .F. ) ;
#310 = FACE_OUTER_BOUND ( 'NONE', #282, .T. ) ;
#311 = CARTESIAN_POINT ( 'NONE',  ( 0.000000000000000000, -9.797174393178825657E-16, 1.574999999999999512 ) ) ;
#312 = DIRECTION ( 'NONE',  ( -1.000000000000000000, 0.000000000000000000, 0.000000000000000000 ) ) ;
#313 = CIRCLE ( 'NONE', #661, 1.574999999999999734 ) ;
#314 = FACE_OUTER_BOUND ( 'NONE', #180, .T. ) ;
#315 = CIRCLE ( 'NONE', #1126, 1.999999999999998668 ) ;
#316 = CYLINDRICAL_SURFACE ( 'NONE', #1068, 3.124999999999998224 ) ;
#317 = ORIENTED_EDGE ( 'NONE', *, *, #1194, .T. ) ;
#318 = DIRECTION ( 'NONE',  ( -0.000000000000000000, -0.000000000000000000, -1.000000000000000000 ) ) ;
#319 = DIRECTION ( 'NONE',  ( 0.9749279121818257288, 0.2225209339563049560, 0.000000000000000000 ) ) ;
#320 = VERTEX_POINT ( 'NONE', #2317 ) ;
#321 = CARTESIAN_POINT ( 'NONE',  ( -1.925359092334139266, 3.998049351316995459, 0.000000000000000000 ) ) ;
#322 = CARTESIAN_POINT ( 'NONE',  ( -3.124999999999998224, -9.797174393178825657E-16, -2.500000000000000000 ) ) ;
#323 = ADVANCED_FACE ( 'NONE', ( #1242 ), #1978, .T. ) ;
#324 = MANIFOLD_SOLID_BREP ( 'CirPattern1[1]', #1738 ) ;
#325 = DIRECTION ( 'NONE',  ( 0.000000000000000000, -1.000000000000000000, 0.000000000000000000 ) ) ;
#326 = ORIENTED_EDGE ( 'NONE', *, *, #1998, .F. ) ;
#327 = ADVANCED_FACE ( 'NONE', ( #677 ), #261, .T. ) ;
#328 = DIRECTION ( 'NONE',  ( 0.2225209339563050392, -0.9749279121818257288, 0.000000000000000000 ) ) ;
#329 = DIRECTION ( 'NONE',  ( -1.000000000000000000, 0.000000000000000000, 0.000000000000000000 ) ) ;
#330 = VERTEX_POINT ( 'NONE', #1060 ) ;
#331 = ADVANCED_FACE ( 'NONE', ( #1991, #1798 ), #1270, .F. ) ;
#332 = DIRECTION ( 'NONE',  ( 0.000000000000000000, 0.000000000000000000, -1.000000000000000000 ) ) ;
#333 = ORIENTED_EDGE ( 'NONE', *, *, #958, .T. ) ;
#334 = CARTESIAN_POINT ( 'NONE',  ( 5.749999999999996447, -2.755455298081548229E-16, -0.8706140074682939822 ) ) ;
#335 = CARTESIAN_POINT ( 'NONE',  ( 0.000000000000000000, -9.797174393178825657E-16, -2.500000000000000000 ) ) ;
#336 = DIRECTION ( 'NONE',  ( -1.000000000000000000, 0.000000000000000000, 0.000000000000000000 ) ) ;
#337 = ORIENTED_EDGE ( 'NONE', *, *, #1346, .T. ) ;
#338 = AXIS2_PLACEMENT_3D ( 'NONE', #254, #244, #986 ) ;
#339 = EDGE_CURVE ( 'NONE', #372, #2204, #1784, .T. ) ;
#340 = AXIS2_PLACEMENT_3D ( 'NONE', #1221, #1525, #2251 ) ;
#341 = AXIS2_PLACEMENT_3D ( 'NONE', #1846, #1698, #72 ) ;
#342 = DIRECTION ( 'NONE',  ( -1.000000000000000000, 0.000000000000000000, 0.000000000000000000 ) ) ;
#343 = CIRCLE ( 'NONE', #387, 3.124999999999998224 ) ;
#344 = AXIS2_PLACEMENT_3D ( 'NONE', #2227, #967, #1685 ) ;
#345 = AXIS2_PLACEMENT_3D ( 'NONE', #2028, #1671, #43 ) ;
#346 = DIRECTION ( 'NONE',  ( -0.000000000000000000, -0.000000000000000000, -1.000000000000000000 ) ) ;
#347 = EDGE_LOOP ( 'NONE', ( #1120, #1349, #896, #2159 ) ) ;
#348 = PERSON_AND_ORGANIZATION ( #1382, #1586 ) ;
#349 = DIRECTION ( 'NONE',  ( -0.000000000000000000, -0.000000000000000000, -1.000000000000000000 ) ) ;
#350 = EDGE_LOOP ( 'NONE', ( #1620, #369 ) ) ;
#351 = DIRECTION ( 'NONE',  ( -0.000000000000000000, -0.000000000000000000, -1.000000000000000000 ) ) ;
#352 = CARTESIAN_POINT ( 'NONE',  ( -4.437499999999998224, -8.673617379884035472E-16, 0.000000000000000000 ) ) ;
#353 = FACE_OUTER_BOUND ( 'NONE', #1777, .T. ) ;
#354 = VERTEX_POINT ( 'NONE', #172 ) ;
#355 = CARTESIAN_POINT ( 'NONE',  ( 0.000000000000000000, -5.749999999999998224, 1.574999999999999512 ) ) ;
#356 = ADVANCED_FACE ( 'NONE', ( #545, #706 ), #1452, .F. ) ;
#357 = ADVANCED_FACE ( 'NONE', ( #872, #902 ), #143, .F. ) ;
#358 = AXIS2_PLACEMENT_3D ( 'NONE', #1970, #906, #1815 ) ;
#359 = AXIS2_PLACEMENT_3D ( 'NONE', #271, #1005, #96 ) ;
#360 = DIRECTION ( 'NONE',  ( -1.000000000000000000, 0.000000000000000000, 0.000000000000000000 ) ) ;
#361 = EDGE_LOOP ( 'NONE', ( #1369, #1282 ) ) ;
#362 = PERSON_AND_ORGANIZATION_ROLE ( 'classification_officer' ) ;
#363 = MANIFOLD_SOLID_BREP ( 'Revolve3[2]', #42 ) ;
#364 = DIRECTION ( 'NONE',  ( -0.000000000000000000, -0.000000000000000000, -1.000000000000000000 ) ) ;
#365 = ORIENTED_EDGE ( 'NONE', *, *, #53, .F. ) ;
#366 = CARTESIAN_POINT ( 'NONE',  ( 3.469377203451847524, -2.766735995748172083, 0.000000000000000000 ) ) ;
#367 = DIRECTION ( 'NONE',  ( -0.000000000000000000, -0.000000000000000000, -1.000000000000000000 ) ) ;
#368 = DIRECTION ( 'NONE',  ( -1.000000000000000000, 0.000000000000000000, 0.000000000000000000 ) ) ;
#369 = ORIENTED_EDGE ( 'NONE', *, *, #719, .T. ) ;
#370 = DIRECTION ( 'NONE',  ( -1.000000000000000000, 0.000000000000000000, 0.000000000000000000 ) ) ;
#371 = FACE_OUTER_BOUND ( 'NONE', #1351, .T. ) ;
#372 = VERTEX_POINT ( 'NONE', #1618 ) ;
#373 = EDGE_CURVE ( 'NONE', #2326, #1285, #1109, .T. ) ;
#374 = CARTESIAN_POINT ( 'NONE',  ( 0.000000000000000000, -9.797174393178825657E-16, 2.337500000000003020 ) ) ;
#375 = ORIENTED_EDGE ( 'NONE', *, *, #308, .F. ) ;
#376 = CARTESIAN_POINT ( 'NONE',  ( -5.749999999999997335, -9.797174393178825657E-16, 2.409000000000000252 ) ) ;
#377 = LINE ( 'NONE', #1105, #533 ) ;
#378 = EDGE_LOOP ( 'NONE', ( #218, #1100, #2139, #189 ) ) ;
#379 = ORIENTED_EDGE ( 'NONE', *, *, #740, .T. ) ;
#380 = EDGE_CURVE ( 'NONE', #1951, #1144, #1629, .T. ) ;
#381 = AXIS2_PLACEMENT_3D ( 'NONE', #382, #56, #211 ) ;
#382 = CARTESIAN_POINT ( 'NONE',  ( 0.000000000000000000, -8.673617379884035472E-16, -0.8706140074682939822 ) ) ;
#383 = CONICAL_SURFACE ( 'NONE', #148, 5.671249999999997016, 0.7853981633974411736 ) ;
#384 = AXIS2_PLACEMENT_3D ( 'NONE', #949, #1881, #249 ) ;
#385 = CARTESIAN_POINT ( 'NONE',  ( 1.925359092334194999, 3.998049351316968814, 0.000000000000000000 ) ) ;
#386 = ORIENTED_EDGE ( 'NONE', *, *, #268, .T. ) ;
#387 = AXIS2_PLACEMENT_3D ( 'NONE', #485, #1218, #273 ) ;
#388 = CIRCLE ( 'NONE', #80, 0.03937499999999991007 ) ;
#389 = CLOSED_SHELL ( 'NONE', ( #1677, #880 ) ) ;
#390 = TOROIDAL_SURFACE ( 'NONE', #876, 2.162499999999998757, 0.1625000000000000056 ) ;
#391 = ADVANCED_FACE ( 'NONE', ( #29 ), #2036, .T. ) ;
#392 = ORIENTED_EDGE ( 'NONE', *, *, #1275, .T. ) ;
#393 = CARTESIAN_POINT ( 'NONE',  ( 0.000000000000000000, -9.797174393178825657E-16, 2.500000000000002665 ) ) ;
#394 = VECTOR ( 'NONE', #1466, 1000.000000000000114 ) ;
#395 = DIRECTION ( 'NONE',  ( -0.000000000000000000, -0.000000000000000000, -1.000000000000000000 ) ) ;
#396 = EDGE_CURVE ( 'NONE', #1811, #1627, #1899, .T. ) ;
#397 = CARTESIAN_POINT ( 'NONE',  ( -3.124999999999998224, -9.797174393178825657E-16, -2.500000000000000000 ) ) ;
#398 = CARTESIAN_POINT ( 'NONE',  ( -2.790731148620467117, 0.6369661734499606487, -9.644093543285404257E-17 ) ) ;
#399 = ORIENTED_EDGE ( 'NONE', *, *, #396, .F. ) ;
#400 = AXIS2_PLACEMENT_3D ( 'NONE', #1666, #37, #772 ) ;
#401 = VECTOR ( 'NONE', #1803, 1000.000000000000000 ) ;
#402 = SPHERICAL_SURFACE ( 'NONE', #2062, 1.574999999999999512 ) ;
#403 = ORIENTED_EDGE ( 'NONE', *, *, #147, .T. ) ;
#404 = FACE_OUTER_BOUND ( 'NONE', #215, .T. ) ;
#405 = DIRECTION ( 'NONE',  ( -0.6234898018587319291, 0.7818314824680310249, 0.000000000000000000 ) ) ;
#406 = EDGE_CURVE ( 'NONE', #1389, #877, #1582, .T. ) ;
#407 = LINE ( 'NONE', #1134, #427 ) ;
#408 = ADVANCED_FACE ( 'NONE', ( #1474 ), #383, .T. ) ;
#409 = FACE_OUTER_BOUND ( 'NONE', #94, .T. ) ;
#410 = CARTESIAN_POINT ( 'NONE',  ( 0.000000000000000000, -9.797174393178825657E-16, 2.370000000000002771 ) ) ;
#411 = ORIENTED_EDGE ( 'NONE', *, *, #694, .T. ) ;
#412 = FACE_OUTER_BOUND ( 'NONE', #1397, .T. ) ;
#413 = ORIENTED_EDGE ( 'NONE', *, *, #166, .F. ) ;
#414 = DIRECTION ( 'NONE',  ( -0.000000000000000000, -0.000000000000000000, -1.000000000000000000 ) ) ;
#415 = DIRECTION ( 'NONE',  ( -1.000000000000000000, 0.000000000000000000, 0.000000000000000000 ) ) ;
#416 = CARTESIAN_POINT ( 'NONE',  ( 0.000000000000000000, -3.203749999999998987, -2.409000000000000252 ) ) ;
#417 = EDGE_CURVE ( 'NONE', #2326, #877, #1477, .T. ) ;
#418 = DIRECTION ( 'NONE',  ( -0.7071067811865577868, 0.000000000000000000, -0.7071067811865373587 ) ) ;
#419 = ORIENTED_EDGE ( 'NONE', *, *, #1050, .F. ) ;
#420 = AXIS2_PLACEMENT_3D ( 'NONE', #1661, #1493, #370 ) ;
#421 = AXIS2_PLACEMENT_3D ( 'NONE', #1659, #395, #760 ) ;
#422 = CIRCLE ( 'NONE', #1737, 5.580249999999995936 ) ;
#423 = EDGE_LOOP ( 'NONE', ( #1905, #99 ) ) ;
#424 = CARTESIAN_POINT ( 'NONE',  ( -3.124999999999998224, -9.797174393178825657E-16, 1.574999999999999512 ) ) ;
#425 = CARTESIAN_POINT ( 'NONE',  ( 3.294750000000003620, -5.762269351688079085E-16, -2.500000000000002665 ) ) ;
#426 = AXIS2_PLACEMENT_3D ( 'NONE', #1225, #853, #548 ) ;
#427 = VECTOR ( 'NONE', #1292, 1000.000000000000000 ) ;
#428 = PLANE ( 'NONE',  #345 ) ;
#429 = LINE ( 'NONE', #849, #1898 ) ;
#430 = DIRECTION ( 'NONE',  ( 0.9009688679024157043, -0.4338837391175651703, -1.224646799147353207E-16 ) ) ;
#431 = ORIENTED_EDGE ( 'NONE', *, *, #1153, .F. ) ;
#432 = EDGE_CURVE ( 'NONE', #447, #1877, #610, .T. ) ;
#433 = CARTESIAN_POINT ( 'NONE',  ( 0.000000000000000000, -9.797174393178825657E-16, -2.500000000000000000 ) ) ;
#434 = ORIENTED_EDGE ( 'NONE', *, *, #1812, .F. ) ;
#435 = DIRECTION ( 'NONE',  ( -1.000000000000000000, 0.000000000000000000, 0.000000000000000000 ) ) ;
#436 = FACE_OUTER_BOUND ( 'NONE', #1249, .T. ) ;
#437 = AXIS2_PLACEMENT_3D ( 'NONE', #1130, #783, #1844 ) ;
#438 = ORIENTED_EDGE ( 'NONE', *, *, #517, .F. ) ;
#439 = CARTESIAN_POINT ( 'NONE',  ( -6.499999999999998224, -9.797174393178825657E-16, -2.369999999999996998 ) ) ;
#440 = DIRECTION ( 'NONE',  ( 1.000000000000000000, 0.000000000000000000, 0.000000000000000000 ) ) ;
#441 = DIRECTION ( 'NONE',  ( -1.000000000000000000, 0.000000000000000000, 0.000000000000000000 ) ) ;
#442 = EDGE_LOOP ( 'NONE', ( #2059, #1238 ) ) ;
#443 = CARTESIAN_POINT ( 'NONE',  ( -2.237992618564738301, -1.784739557820619993, -9.644093543285404257E-17 ) ) ;
#444 = ORIENTED_EDGE ( 'NONE', *, *, #529, .F. ) ;
#445 = DIRECTION ( 'NONE',  ( -0.000000000000000000, -0.000000000000000000, -1.000000000000000000 ) ) ;
#446 = ADVANCED_FACE ( 'NONE', ( #1647 ), #1133, .T. ) ;
#447 = VERTEX_POINT ( 'NONE', #196 ) ;
#448 = CARTESIAN_POINT ( 'NONE',  ( 0.000000000000000000, -8.673617379884035472E-16, 2.460625000000003393 ) ) ;
#449 = EDGE_CURVE ( 'NONE', #1543, #965, #458, .T. ) ;
#450 = PRODUCT_DEFINITION_SHAPE ( 'NONE', 'NONE',  #1965 ) ;
#451 = DIRECTION ( 'NONE',  ( -0.000000000000000000, -0.000000000000000000, -1.000000000000000000 ) ) ;
#452 = ORIENTED_EDGE ( 'NONE', *, *, #813, .F. ) ;
#453 = APPLICATION_CONTEXT ( 'configuration controlled 3d designs of mechanical parts and assemblies' ) ;
#454 = DIRECTION ( 'NONE',  ( -0.000000000000000000, -0.000000000000000000, -1.000000000000000000 ) ) ;
#455 = VERTEX_POINT ( 'NONE', #603 ) ;
#456 = CIRCLE ( 'NONE', #1481, 5.749999999999996447 ) ;
#457 = DIRECTION ( 'NONE',  ( -0.000000000000000000, -0.000000000000000000, -1.000000000000000000 ) ) ;
#458 = CIRCLE ( 'NONE', #1776, 1.574999999999999512 ) ;
#459 = AXIS2_PLACEMENT_3D ( 'NONE', #1797, #1809, #207 ) ;
#460 = ORIENTED_EDGE ( 'NONE', *, *, #1413, .F. ) ;
#461 = CARTESIAN_POINT ( 'NONE',  ( 0.000000000000000000, -9.797174393178825657E-16, 2.337500000000003020 ) ) ;
#462 = EDGE_CURVE ( 'NONE', #1655, #354, #2274, .T. ) ;
#463 = AXIS2_PLACEMENT_3D ( 'NONE', #982, #2249, #2058 ) ;
#464 = AXIS2_PLACEMENT_3D ( 'NONE', #1358, #457, #835 ) ;
#465 = CLOSED_SHELL ( 'NONE', ( #861, #1262, #327, #862, #9, #356, #2133 ) ) ;
#466 = VERTEX_POINT ( 'NONE', #217 ) ;
#467 = FACE_BOUND ( 'NONE', #1093, .T. ) ;
#468 = ORIENTED_EDGE ( 'NONE', *, *, #1578, .F. ) ;
#469 =( NAMED_UNIT ( * ) PLANE_ANGLE_UNIT ( ) SI_UNIT ( $, .RADIAN. ) );
#470 = AXIS2_PLACEMENT_3D ( 'NONE', #1699, #1096, #368 ) ;
#471 = VERTEX_POINT ( 'NONE', #569 ) ;
#472 = DIRECTION ( 'NONE',  ( -1.000000000000000000, 0.000000000000000000, 0.000000000000000000 ) ) ;
#473 = AXIS2_PLACEMENT_3D ( 'NONE', #1915, #1020, #1188 ) ;
#474 = EDGE_CURVE ( 'NONE', #1808, #773, #18, .T. ) ;
#475 = DIRECTION ( 'NONE',  ( -1.000000000000000000, 1.224646799147354933E-16, 0.000000000000000000 ) ) ;
#476 = DIRECTION ( 'NONE',  ( -0.7071067811865507924, 0.000000000000000000, -0.7071067811865441310 ) ) ;
#477 = EDGE_LOOP ( 'NONE', ( #413, #1916, #1164, #326 ) ) ;
#478 = VERTEX_POINT ( 'NONE', #950 ) ;
#479 = FACE_OUTER_BOUND ( 'NONE', #2236, .T. ) ;
#480 = DIRECTION ( 'NONE',  ( -0.000000000000000000, -0.000000000000000000, -1.000000000000000000 ) ) ;
#481 = CARTESIAN_POINT ( 'NONE',  ( 0.000000000000000000, -9.797174393178825657E-16, 2.337500000000003020 ) ) ;
#482 = ADVANCED_FACE ( 'NONE', ( #40, #775 ), #1681, .F. ) ;
#483 = CARTESIAN_POINT ( 'NONE',  ( 0.000000000000000000, -8.673617379884035472E-16, -0.8706140074682939822 ) ) ;
#484 = ORIENTED_EDGE ( 'NONE', *, *, #380, .F. ) ;
#485 = CARTESIAN_POINT ( 'NONE',  ( 0.000000000000000000, -9.797174393178825657E-16, 2.460625000000003393 ) ) ;
#486 = EDGE_LOOP ( 'NONE', ( #263, #1097 ) ) ;
#487 = DIRECTION ( 'NONE',  ( -0.000000000000000000, -0.000000000000000000, -1.000000000000000000 ) ) ;
#488 = CARTESIAN_POINT ( 'NONE',  ( 0.000000000000000000, -9.797174393178825657E-16, -1.574999999999999512 ) ) ;
#489 = CIRCLE ( 'NONE', #955, 5.749999999999996447 ) ;
#490 = AXIS2_PLACEMENT_3D ( 'NONE', #366, #1451, #2002 ) ;
#491 = APPROVAL_PERSON_ORGANIZATION ( #2155, #146, #190 ) ;
#492 = CLOSED_SHELL ( 'NONE', ( #178, #1214, #550, #2295, #644, #687, #1019, #830, #1728, #253, #357, #632, #1839, #2088, #2324, #587, #1286, #1897 ) ) ;
#493 = AXIS2_PLACEMENT_3D ( 'NONE', #269, #988, #823 ) ;
#494 = DIRECTION ( 'NONE',  ( -1.000000000000000000, 0.000000000000000000, 0.000000000000000000 ) ) ;
#495 = CIRCLE ( 'NONE', #2051, 5.749999999999997335 ) ;
#496 = ADVANCED_FACE ( 'NONE', ( #1870 ), #786, .F. ) ;
#497 = DIRECTION ( 'NONE',  ( -0.000000000000000000, -0.000000000000000000, -1.000000000000000000 ) ) ;
#498 = VERTEX_POINT ( 'NONE', #425 ) ;
#499 = FACE_OUTER_BOUND ( 'NONE', #1538, .T. ) ;
#500 = ADVANCED_FACE ( 'NONE', ( #1158 ), #241, .F. ) ;
#501 = ORIENTED_EDGE ( 'NONE', *, *, #2260, .F. ) ;
#502 = DIRECTION ( 'NONE',  ( -0.000000000000000000, -0.000000000000000000, 1.000000000000000000 ) ) ;
#503 = DIRECTION ( 'NONE',  ( -1.000000000000000000, 0.000000000000000000, 0.000000000000000000 ) ) ;
#504 = AXIS2_PLACEMENT_3D ( 'NONE', #1259, #1758, #2177 ) ;
#505 = CARTESIAN_POINT ( 'NONE',  ( 0.000000000000000000, -9.797174393178825657E-16, 2.409000000000002029 ) ) ;
#506 = ORIENTED_EDGE ( 'NONE', *, *, #1691, .T. ) ;
#507 = AXIS2_PLACEMENT_3D ( 'NONE', #2105, #454, #1937 ) ;
#508 = EDGE_CURVE ( 'NONE', #1712, #1498, #377, .T. ) ;
#509 = LINE ( 'NONE', #1420, #1739 ) ;
#510 = DIRECTION ( 'NONE',  ( -0.000000000000000000, -0.000000000000000000, -1.000000000000000000 ) ) ;
#511 = ORIENTED_EDGE ( 'NONE', *, *, #1194, .F. ) ;
#512 = COORDINATED_UNIVERSAL_TIME_OFFSET ( 6, 0, .BEHIND. ) ;
#513 = DIRECTION ( 'NONE',  ( -0.000000000000000000, -0.000000000000000000, -1.000000000000000000 ) ) ;
#514 = VERTEX_POINT ( 'NONE', #749 ) ;
#515 = CARTESIAN_POINT ( 'NONE',  ( 0.000000000000000000, -8.673617379884035472E-16, 0.000000000000000000 ) ) ;
#516 = CARTESIAN_POINT ( 'NONE',  ( 0.000000000000000000, -8.673617379884035472E-16, -2.460625000000003393 ) ) ;
#517 = EDGE_CURVE ( 'NONE', #935, #2231, #110, .T. ) ;
#518 = DIRECTION ( 'NONE',  ( -0.000000000000000000, -0.000000000000000000, -1.000000000000000000 ) ) ;
#519 = ORIENTED_EDGE ( 'NONE', *, *, #2017, .T. ) ;
#520 = DIRECTION ( 'NONE',  ( -0.000000000000000000, -0.000000000000000000, -1.000000000000000000 ) ) ;
#521 = DIRECTION ( 'NONE',  ( -1.000000000000000000, 0.000000000000000000, 0.000000000000000000 ) ) ;
#522 = EDGE_LOOP ( 'NONE', ( #1230, #1845, #1962, #2168 ) ) ;
#523 = CARTESIAN_POINT ( 'NONE',  ( 0.000000000000000000, 0.000000000000000000, 0.000000000000000000 ) ) ;
#524 = EDGE_CURVE ( 'NONE', #1332, #2032, #1170, .T. ) ;
#525 = DIRECTION ( 'NONE',  ( -1.000000000000000000, 0.000000000000000000, 0.000000000000000000 ) ) ;
#526 = VERTEX_POINT ( 'NONE', #1523 ) ;
#527 = CARTESIAN_POINT ( 'NONE',  ( -3.164374999999997939, -8.673617379884035472E-16, 2.460625000000003393 ) ) ;
#528 = FACE_OUTER_BOUND ( 'NONE', #828, .T. ) ;
#529 = EDGE_CURVE ( 'NONE', #639, #2032, #297, .T. ) ;
#530 = LINE ( 'NONE', #1979, #2169 ) ;
#531 = ORIENTED_EDGE ( 'NONE', *, *, #2117, .T. ) ;
#532 = AXIS2_PLACEMENT_3D ( 'NONE', #1706, #1342, #81 ) ;
#533 = VECTOR ( 'NONE', #926, 1000.000000000000000 ) ;
#534 = TOROIDAL_SURFACE ( 'NONE', #874, 4.437499999999998224, 1.574999999999999512 ) ;
#535 = VECTOR ( 'NONE', #1264, 1000.000000000000114 ) ;
#536 = LINE ( 'NONE', #1570, #2 ) ;
#537 =( GEOMETRIC_REPRESENTATION_CONTEXT ( 3 ) GLOBAL_UNCERTAINTY_ASSIGNED_CONTEXT ( ( #881 ) ) GLOBAL_UNIT_ASSIGNED_CONTEXT ( ( #1370, #469, #1563 ) ) REPRESENTATION_CONTEXT ( 'NONE', 'WORKASPACE' ) );
#538 = AXIS2_PLACEMENT_3D ( 'NONE', #24, #2181, #1876 ) ;
#539 = CARTESIAN_POINT ( 'NONE',  ( -3.124999999999998224, -9.797174393178825657E-16, -2.500000000000000000 ) ) ;
#540 = ORIENTED_EDGE ( 'NONE', *, *, #1665, .T. ) ;
#541 = COORDINATED_UNIVERSAL_TIME_OFFSET ( 6, 0, .BEHIND. ) ;
#542 = CARTESIAN_POINT ( 'NONE',  ( 0.000000000000000000, -8.673617379884035472E-16, 0.8706140074682919838 ) ) ;
#543 = ORIENTED_EDGE ( 'NONE', *, *, #290, .T. ) ;
#544 = CARTESIAN_POINT ( 'NONE',  ( 4.437499999999998224, -3.239247208667657849E-16, 0.000000000000000000 ) ) ;
#545 = FACE_OUTER_BOUND ( 'NONE', #2247, .T. ) ;
#546 = SPHERICAL_SURFACE ( 'NONE', #1558, 1.574999999999999512 ) ;
#547 = ORIENTED_EDGE ( 'NONE', *, *, #2078, .F. ) ;
#548 = DIRECTION ( 'NONE',  ( 0.000000000000000000, 0.000000000000000000, -1.000000000000000000 ) ) ;
#549 = CIRCLE ( 'NONE', #1082, 3.124999999999998224 ) ;
#550 = ADVANCED_FACE ( 'NONE', ( #436 ), #1792, .T. ) ;
#551 = CIRCLE ( 'NONE', #1310, 6.369999999999998330 ) ;
#552 = CYLINDRICAL_SURFACE ( 'NONE', #2240, 3.124999999999998224 ) ;
#553 = ORIENTED_EDGE ( 'NONE', *, *, #1469, .F. ) ;
#554 = CALENDAR_DATE ( 2026, 18, 1 ) ;
#555 = DIRECTION ( 'NONE',  ( -1.000000000000000000, 0.000000000000000000, 0.000000000000000000 ) ) ;
#556 = ORIENTED_EDGE ( 'NONE', *, *, #1637, .T. ) ;
#557 = DIRECTION ( 'NONE',  ( 0.000000000000000000, 0.000000000000000000, -1.000000000000000000 ) ) ;
#558 = DIRECTION ( 'NONE',  ( 1.000000000000000000, 0.000000000000000000, 0.000000000000000000 ) ) ;
#559 = EDGE_CURVE ( 'NONE', #1877, #447, #1716, .T. ) ;
#560 = CARTESIAN_POINT ( 'NONE',  ( 0.000000000000000000, -9.797174393178825657E-16, -2.500000000000000000 ) ) ;
#561 = ORIENTED_EDGE ( 'NONE', *, *, #1089, .F. ) ;
#562 = CARTESIAN_POINT ( 'NONE',  ( 0.000000000000000000, -9.797174393178825657E-16, 2.500000000000002220 ) ) ;
#563 = DIRECTION ( 'NONE',  ( -0.000000000000000000, -0.000000000000000000, -1.000000000000000000 ) ) ;
#564 = EDGE_CURVE ( 'NONE', #948, #2069, #695, .T. ) ;
#565 = EDGE_LOOP ( 'NONE', ( #251, #317, #272, #1423 ) ) ;
#566 = DIRECTION ( 'NONE',  ( 0.000000000000000000, 0.000000000000000000, 1.000000000000000000 ) ) ;
#567 = EDGE_LOOP ( 'NONE', ( #1047, #531 ) ) ;
#568 = CARTESIAN_POINT ( 'NONE',  ( 3.124999999999998224, -5.970153145843349319E-16, -0.8706140074682919838 ) ) ;
#569 = CARTESIAN_POINT ( 'NONE',  ( 5.749999999999997335, -2.755455298081547243E-16, -2.409000000000000252 ) ) ;
#570 = DIRECTION ( 'NONE',  ( -1.000000000000000000, 0.000000000000000000, 0.000000000000000000 ) ) ;
#571 = CONICAL_SURFACE ( 'NONE', #798, 5.580249999999995936, 0.7853981633974387311 ) ;
#572 = DIRECTION ( 'NONE',  ( -0.000000000000000000, -0.000000000000000000, -1.000000000000000000 ) ) ;
#573 = AXIS2_PLACEMENT_3D ( 'NONE', #240, #51, #2248 ) ;
#574 = DIRECTION ( 'NONE',  ( 1.000000000000000000, 0.000000000000000000, -0.000000000000000000 ) ) ;
#575 = ORIENTED_EDGE ( 'NONE', *, *, #529, .T. ) ;
#576 = CIRCLE ( 'NONE', #1901, 5.671249999999997016 ) ;
#577 = ADVANCED_FACE ( 'NONE', ( #1418 ), #1271, .F. ) ;
#578 = AXIS2_PLACEMENT_3D ( 'NONE', #1928, #797, #1210 ) ;
#579 = CARTESIAN_POINT ( 'NONE',  ( -5.749999999999997335, -9.797174393178825657E-16, -2.409000000000000252 ) ) ;
#580 = ORIENTED_EDGE ( 'NONE', *, *, #702, .F. ) ;
#581 = CARTESIAN_POINT ( 'NONE',  ( 0.000000000000000000, -8.673617379884035472E-16, 1.928818708657080851E-16 ) ) ;
#582 = DIRECTION ( 'NONE',  ( 0.000000000000000000, 0.000000000000000000, 1.000000000000000000 ) ) ;
#583 = EDGE_CURVE ( 'NONE', #2071, #2007, #1648, .T. ) ;
#584 = DIRECTION ( 'NONE',  ( -0.000000000000000000, -0.000000000000000000, -1.000000000000000000 ) ) ;
#585 = DIRECTION ( 'NONE',  ( -0.7071067811865424657, 8.659560562354872461E-17, 0.7071067811865526798 ) ) ;
#586 = CIRCLE ( 'NONE', #2095, 5.749999999999996447 ) ;
#587 = ADVANCED_FACE ( 'NONE', ( #1619 ), #779, .T. ) ;
#588 = FACE_OUTER_BOUND ( 'NONE', #1595, .T. ) ;
#589 = ORIENTED_EDGE ( 'NONE', *, *, #1166, .F. ) ;
#590 = TOROIDAL_SURFACE ( 'NONE', #2253, 3.164374999999998828, 0.03937499999999991007 ) ;
#591 = DIRECTION ( 'NONE',  ( -0.000000000000000000, -0.000000000000000000, -1.000000000000000000 ) ) ;
#592 = ORIENTED_EDGE ( 'NONE', *, *, #788, .F. ) ;
#593 = SPHERICAL_SURFACE ( 'NONE', #1930, 1.574999999999999512 ) ;
#594 = DIRECTION ( 'NONE',  ( -0.000000000000000000, -0.000000000000000000, -1.000000000000000000 ) ) ;
#595 = DIRECTION ( 'NONE',  ( -1.000000000000000000, 0.000000000000000000, 0.000000000000000000 ) ) ;
#596 = EDGE_CURVE ( 'NONE', #2007, #1076, #1244, .T. ) ;
#597 = CARTESIAN_POINT ( 'NONE',  ( 1.999999999999998668, -7.347880794884120722E-16, -2.500000000000000000 ) ) ;
#598 = DIRECTION ( 'NONE',  ( -0.000000000000000000, -0.000000000000000000, -1.000000000000000000 ) ) ;
#599 = ORIENTED_EDGE ( 'NONE', *, *, #1246, .F. ) ;
#600 = DIRECTION ( 'NONE',  ( -0.7818314824680222541, 0.6234898018587430313, 0.000000000000000000 ) ) ;
#601 = ORIENTED_EDGE ( 'NONE', *, *, #95, .T. ) ;
#602 = CARTESIAN_POINT ( 'NONE',  ( 0.000000000000000000, -9.797174393178825657E-16, -2.500000000000000000 ) ) ;
#603 = CARTESIAN_POINT ( 'NONE',  ( -5.749999999999996447, -9.797174393178825657E-16, -2.408999999999996255 ) ) ;
#604 = FACE_BOUND ( 'NONE', #2153, .T. ) ;
#605 = EDGE_CURVE ( 'NONE', #141, #173, #2208, .T. ) ;
#606 = CARTESIAN_POINT ( 'NONE',  ( -3.294750000000003620, -9.797174393178825657E-16, -2.500000000000002665 ) ) ;
#607 = DIRECTION ( 'NONE',  ( -0.4338837391175651703, -0.9009688679024157043, 0.000000000000000000 ) ) ;
#608 = ORIENTED_EDGE ( 'NONE', *, *, #1040, .T. ) ;
#609 = AXIS2_PLACEMENT_3D ( 'NONE', #2035, #414, #39 ) ;
#610 = CIRCLE ( 'NONE', #721, 3.124999999999998224 ) ;
#611 = CARTESIAN_POINT ( 'NONE',  ( 0.000000000000000000, -9.797174393178825657E-16, -2.499999999999996891 ) ) ;
#612 = EDGE_LOOP ( 'NONE', ( #1599, #170, #2330, #701 ) ) ;
#613 = CARTESIAN_POINT ( 'NONE',  ( 0.000000000000000000, -9.797174393178825657E-16, -2.500000000000000000 ) ) ;
#614 = DIRECTION ( 'NONE',  ( -0.000000000000000000, -0.000000000000000000, -1.000000000000000000 ) ) ;
#615 = CIRCLE ( 'NONE', #1295, 1.574999999999999512 ) ;
#616 = CIRCLE ( 'NONE', #1940, 3.203749999999998099 ) ;
#617 = ORIENTED_EDGE ( 'NONE', *, *, #2081, .T. ) ;
#618 = ORIENTED_EDGE ( 'NONE', *, *, #2125, .F. ) ;
#619 = LINE ( 'NONE', #2063, #646 ) ;
#620 = CARTESIAN_POINT ( 'NONE',  ( 3.469377203451847524, -2.766735995748172083, 0.000000000000000000 ) ) ;
#621 = VERTEX_POINT ( 'NONE', #1051 ) ;
#622 = EDGE_CURVE ( 'NONE', #951, #806, #1307, .T. ) ;
#623 = CARTESIAN_POINT ( 'NONE',  ( 0.000000000000000000, -9.797174393178825657E-16, -2.337500000000001688 ) ) ;
#624 = ORIENTED_EDGE ( 'NONE', *, *, #1673, .F. ) ;
#625 = CARTESIAN_POINT ( 'NONE',  ( 6.499999999999998224, -1.836970198721031413E-16, -2.500000000000000000 ) ) ;
#626 = DIRECTION ( 'NONE',  ( -0.000000000000000000, -0.000000000000000000, -1.000000000000000000 ) ) ;
#627 = CIRCLE ( 'NONE', #1308, 6.369999999999998330 ) ;
#628 = ORIENTED_EDGE ( 'NONE', *, *, #2271, .F. ) ;
#629 = EDGE_CURVE ( 'NONE', #1808, #959, #586, .T. ) ;
#630 = DIRECTION ( 'NONE',  ( -0.6234898018587431423, -0.7818314824680221431, -0.000000000000000000 ) ) ;
#631 = ORIENTED_EDGE ( 'NONE', *, *, #1662, .F. ) ;
#632 = ADVANCED_FACE ( 'NONE', ( #860 ), #1577, .T. ) ;
#633 = CARTESIAN_POINT ( 'NONE',  ( 5.840999999999997527, -9.797174393178825657E-16, 2.500000000000002665 ) ) ;
#634 = EDGE_LOOP ( 'NONE', ( #291, #232 ) ) ;
#635 = LINE ( 'NONE', #1742, #226 ) ;
#636 = ORIENTED_EDGE ( 'NONE', *, *, #2213, .F. ) ;
#637 = CARTESIAN_POINT ( 'NONE',  ( 0.000000000000000000, -9.797174393178825657E-16, 2.500000000000002665 ) ) ;
#638 = DIRECTION ( 'NONE',  ( -0.000000000000000000, -0.000000000000000000, -1.000000000000000000 ) ) ;
#639 = VERTEX_POINT ( 'NONE', #1800 ) ;
#640 = PLANE ( 'NONE',  #2128 ) ;
#641 = VERTEX_POINT ( 'NONE', #2318 ) ;
#642 = CIRCLE ( 'NONE', #1545, 6.369999999999998330 ) ;
#643 = DIRECTION ( 'NONE',  ( -0.000000000000000000, -0.000000000000000000, -1.000000000000000000 ) ) ;
#644 = ADVANCED_FACE ( 'NONE', ( #1785 ), #1910, .F. ) ;
#645 = CIRCLE ( 'NONE', #2152, 5.749999999999997335 ) ;
#646 = VECTOR ( 'NONE', #2014, 1000.000000000000000 ) ;
#647 = ORIENTED_EDGE ( 'NONE', *, *, #236, .T. ) ;
#648 = DIRECTION ( 'NONE',  ( 1.000000000000000000, 0.000000000000000000, 0.000000000000000000 ) ) ;
#649 = LOCAL_TIME ( 16, 26, 40.00000000000000000, #541 ) ;
#650 = TOROIDAL_SURFACE ( 'NONE', #2084, 4.437499999999998224, 1.574999999999999512 ) ;
#651 = EDGE_CURVE ( 'NONE', #847, #471, #1080, .T. ) ;
#652 = ORIENTED_EDGE ( 'NONE', *, *, #1328, .F. ) ;
#653 = ADVANCED_FACE ( 'NONE', ( #707 ), #48, .F. ) ;
#654 = DIRECTION ( 'NONE',  ( 0.7071067811865577868, 0.000000000000000000, 0.7071067811865373587 ) ) ;
#655 = ORIENTED_EDGE ( 'NONE', *, *, #1465, .F. ) ;
#656 = CARTESIAN_POINT ( 'NONE',  ( -3.203749999999998099, -8.673617379884035472E-16, -2.460625000000003393 ) ) ;
#657 = AXIS2_PLACEMENT_3D ( 'NONE', #1042, #1454, #903 ) ;
#658 = EDGE_LOOP ( 'NONE', ( #1279, #855, #4, #1026 ) ) ;
#659 = CARTESIAN_POINT ( 'NONE',  ( 5.749999999999997335, -2.755455298081547243E-16, 2.409000000000000252 ) ) ;
#660 = LINE ( 'NONE', #2102, #1024 ) ;
#661 = AXIS2_PLACEMENT_3D ( 'NONE', #104, #1206, #1368 ) ;
#662 = EDGE_CURVE ( 'NONE', #2218, #968, #2286, .T. ) ;
#663 = DIRECTION ( 'NONE',  ( -1.000000000000000000, 0.000000000000000000, 0.000000000000000000 ) ) ;
#664 = FACE_OUTER_BOUND ( 'NONE', #840, .T. ) ;
#665 = ORIENTED_EDGE ( 'NONE', *, *, #2066, .T. ) ;
#666 = ORIENTED_EDGE ( 'NONE', *, *, #210, .T. ) ;
#667 = DIRECTION ( 'NONE',  ( 0.000000000000000000, 0.000000000000000000, 1.000000000000000000 ) ) ;
#668 = CARTESIAN_POINT ( 'NONE',  ( 6.369999999999998330, -1.916572240665609565E-16, 2.500000000000002220 ) ) ;
#669 = EDGE_CURVE ( 'NONE', #1216, #1655, #530, .T. ) ;
#670 = CARTESIAN_POINT ( 'NONE',  ( 6.369999999999998330, -1.996174282610187471E-16, 2.370000000000002771 ) ) ;
#671 = CARTESIAN_POINT ( 'NONE',  ( 5.861754071993225956, 1.337907115412283687, -9.644093543285404257E-17 ) ) ;
#672 = ORIENTED_EDGE ( 'NONE', *, *, #732, .F. ) ;
#673 = CARTESIAN_POINT ( 'NONE',  ( -2.162499999999998757, -9.797174393178825657E-16, 2.500000000000003109 ) ) ;
#674 = VECTOR ( 'NONE', #2151, 1000.000000000000000 ) ;
#675 = ORIENTED_EDGE ( 'NONE', *, *, #1251, .F. ) ;
#676 = DIRECTION ( 'NONE',  ( -1.000000000000000000, 0.000000000000000000, 0.000000000000000000 ) ) ;
#677 = FACE_OUTER_BOUND ( 'NONE', #378, .T. ) ;
#678 = CONICAL_SURFACE ( 'NONE', #2011, 5.840999999999997527, 0.7853981633974388421 ) ;
#679 = AXIS2_PLACEMENT_3D ( 'NONE', #1646, #1350, #229 ) ;
#680 = ADVANCED_FACE ( 'NONE', ( #353 ), #546, .T. ) ;
#681 = CC_DESIGN_APPROVAL ( #1630, ( #1063 ) ) ;
#682 = DIRECTION ( 'NONE',  ( -1.000000000000000000, 0.000000000000000000, 0.000000000000000000 ) ) ;
#683 = AXIS2_PLACEMENT_3D ( 'NONE', #385, #32, #607 ) ;
#684 = CIRCLE ( 'NONE', #420, 3.124999999999998224 ) ;
#685 = DIRECTION ( 'NONE',  ( -1.000000000000000000, -1.224646799147354933E-16, 0.000000000000000000 ) ) ;
#686 = DIRECTION ( 'NONE',  ( 1.000000000000000000, 0.000000000000000000, 0.000000000000000000 ) ) ;
#687 = ADVANCED_FACE ( 'NONE', ( #2000 ), #1807, .T. ) ;
#688 = ORIENTED_EDGE ( 'NONE', *, *, #2335, .T. ) ;
#689 = DATE_AND_TIME ( #1793, #649 ) ;
#690 = DIRECTION ( 'NONE',  ( 0.000000000000000000, 0.000000000000000000, 1.000000000000000000 ) ) ;
#691 = ORIENTED_EDGE ( 'NONE', *, *, #1888, .F. ) ;
#692 = CARTESIAN_POINT ( 'NONE',  ( 0.000000000000000000, -6.012499999999998401, -9.644093543285404257E-17 ) ) ;
#693 = CARTESIAN_POINT ( 'NONE',  ( 0.000000000000000000, -9.797174393178825657E-16, 2.409000000000000252 ) ) ;
#694 = EDGE_CURVE ( 'NONE', #1372, #2042, #1872, .T. ) ;
#695 = CIRCLE ( 'NONE', #1035, 5.671249999999997016 ) ;
#696 = CARTESIAN_POINT ( 'NONE',  ( 0.000000000000000000, -9.797174393178825657E-16, 2.500000000000002220 ) ) ;
#697 = AXIS2_PLACEMENT_3D ( 'NONE', #1057, #513, #555 ) ;
#698 = ORIENTED_EDGE ( 'NONE', *, *, #2094, .T. ) ;
#699 = DIRECTION ( 'NONE',  ( -0.000000000000000000, -0.000000000000000000, -1.000000000000000000 ) ) ;
#700 = CARTESIAN_POINT ( 'NONE',  ( 0.000000000000000000, -9.797174393178825657E-16, -2.500000000000000000 ) ) ;
#701 = ORIENTED_EDGE ( 'NONE', *, *, #622, .F. ) ;
#702 = EDGE_CURVE ( 'NONE', #2269, #117, #125, .T. ) ;
#703 = CARTESIAN_POINT ( 'NONE',  ( 4.326242610306850089, 0.9874366444311032387, 0.000000000000000000 ) ) ;
#704 = EDGE_LOOP ( 'NONE', ( #419, #1884 ) ) ;
#705 = DIRECTION ( 'NONE',  ( -0.000000000000000000, -0.000000000000000000, -1.000000000000000000 ) ) ;
#706 = FACE_BOUND ( 'NONE', #86, .T. ) ;
#707 = FACE_OUTER_BOUND ( 'NONE', #347, .T. ) ;
#708 = ORIENTED_EDGE ( 'NONE', *, *, #2224, .T. ) ;
#709 = DIRECTION ( 'NONE',  ( 0.000000000000000000, 0.000000000000000000, -1.000000000000000000 ) ) ;
#710 = ORIENTED_EDGE ( 'NONE', *, *, #1494, .F. ) ;
#711 = DATE_AND_TIME ( #1642, #113 ) ;
#712 = DIRECTION ( 'NONE',  ( -1.000000000000000000, -1.224646799147353454E-16, 0.000000000000000000 ) ) ;
#713 = ORIENTED_EDGE ( 'NONE', *, *, #1000, .T. ) ;
#714 = FACE_OUTER_BOUND ( 'NONE', #2164, .T. ) ;
#715 = DIRECTION ( 'NONE',  ( -0.000000000000000000, -0.000000000000000000, -1.000000000000000000 ) ) ;
#716 = CC_DESIGN_DATE_AND_TIME_ASSIGNMENT ( #2353, #2143, ( #1063 ) ) ;
#717 = CARTESIAN_POINT ( 'NONE',  ( -1.925359092334139266, 3.998049351316995459, 0.000000000000000000 ) ) ;
#718 = EDGE_LOOP ( 'NONE', ( #1865, #647, #2178, #159 ) ) ;
#719 = EDGE_CURVE ( 'NONE', #1139, #2173, #1749, .T. ) ;
#720 = CIRCLE ( 'NONE', #995, 3.124999999999998224 ) ;
#721 = AXIS2_PLACEMENT_3D ( 'NONE', #1669, #230, #1339 ) ;
#722 = EDGE_CURVE ( 'NONE', #117, #2269, #1911, .T. ) ;
#723 = VECTOR ( 'NONE', #643, 1000.000000000000000 ) ;
#724 = CARTESIAN_POINT ( 'NONE',  ( 0.000000000000000000, -9.797174393178825657E-16, 2.409000000000000252 ) ) ;
#725 = CLOSED_SHELL ( 'NONE', ( #1598, #837 ) ) ;
#726 = APPROVAL_PERSON_ORGANIZATION ( #731, #1630, #2313 ) ;
#727 = CIRCLE ( 'NONE', #2049, 3.124999999999998224 ) ;
#728 = AXIS2_PLACEMENT_3D ( 'NONE', #997, #2273, #1181 ) ;
#729 = CARTESIAN_POINT ( 'NONE',  ( 0.000000000000000000, -4.437499999999999112, 0.000000000000000000 ) ) ;
#730 = ORIENTED_EDGE ( 'NONE', *, *, #79, .F. ) ;
#731 = PERSON_AND_ORGANIZATION ( #1382, #1586 ) ;
#732 = EDGE_CURVE ( 'NONE', #471, #847, #1794, .T. ) ;
#733 = EDGE_CURVE ( 'NONE', #1547, #320, #1039, .T. ) ;
#734 = DIRECTION ( 'NONE',  ( -0.7071067811865408004, 0.000000000000000000, -0.7071067811865543451 ) ) ;
#735 = ORIENTED_EDGE ( 'NONE', *, *, #662, .F. ) ;
#736 = CARTESIAN_POINT ( 'NONE',  ( -3.203749999999998099, -9.797174393178825657E-16, 2.409000000000000252 ) ) ;
#737 = CARTESIAN_POINT ( 'NONE',  ( 0.000000000000000000, -3.203749999999998987, 2.409000000000000252 ) ) ;
#738 = DIRECTION ( 'NONE',  ( -1.000000000000000000, 0.000000000000000000, 0.000000000000000000 ) ) ;
#739 = VERTEX_POINT ( 'NONE', #1795 ) ;
#740 = EDGE_CURVE ( 'NONE', #1877, #877, #179, .T. ) ;
#741 = AXIS2_PLACEMENT_3D ( 'NONE', #703, #1975, #319 ) ;
#742 = FACE_OUTER_BOUND ( 'NONE', #1854, .T. ) ;
#743 = AXIS2_PLACEMENT_3D ( 'NONE', #1615, #566, #1449 ) ;
#744 = DIRECTION ( 'NONE',  ( -1.000000000000000000, 0.000000000000000000, 0.000000000000000000 ) ) ;
#745 = EDGE_LOOP ( 'NONE', ( #980, #865 ) ) ;
#746 = LINE ( 'NONE', #2184, #126 ) ;
#747 = VERTEX_POINT ( 'NONE', #2134 ) ;
#748 = CARTESIAN_POINT ( 'NONE',  ( 0.000000000000000000, -9.797174393178825657E-16, -2.460625000000003393 ) ) ;
#749 = CARTESIAN_POINT ( 'NONE',  ( -3.124999999999998224, -8.673617379884035472E-16, 0.8706140074682919838 ) ) ;
#750 = DIRECTION ( 'NONE',  ( -1.000000000000000000, 0.000000000000000000, 0.000000000000000000 ) ) ;
#751 = LINE ( 'NONE', #597, #2194 ) ;
#752 = CC_DESIGN_DATE_AND_TIME_ASSIGNMENT ( #689, #922, ( #1965 ) ) ;
#753 = EDGE_CURVE ( 'NONE', #1462, #2079, #2287, .T. ) ;
#754 = FACE_OUTER_BOUND ( 'NONE', #1159, .T. ) ;
#755 = EDGE_LOOP ( 'NONE', ( #97, #337 ) ) ;
#756 = EDGE_CURVE ( 'NONE', #1695, #132, #851, .T. ) ;
#757 = CARTESIAN_POINT ( 'NONE',  ( 3.469377203451847524, -2.766735995748172083, 0.000000000000000000 ) ) ;
#758 = EDGE_LOOP ( 'NONE', ( #540, #2291 ) ) ;
#759 = CARTESIAN_POINT ( 'NONE',  ( -3.469377203451887048, -2.766735995748122789, 0.000000000000000000 ) ) ;
#760 = DIRECTION ( 'NONE',  ( -1.000000000000000000, 0.000000000000000000, 0.000000000000000000 ) ) ;
#761 = ORIENTED_EDGE ( 'NONE', *, *, #1530, .T. ) ;
#762 = CARTESIAN_POINT ( 'NONE',  ( 4.700761788338982505, -3.748732433675692199, -9.644093543285404257E-17 ) ) ;
#763 = AXIS2_PLACEMENT_3D ( 'NONE', #1220, #502, #440 ) ;
#764 = DIRECTION ( 'NONE',  ( -1.000000000000000000, 0.000000000000000000, 0.000000000000000000 ) ) ;
#765 = AXIS2_PLACEMENT_3D ( 'NONE', #1143, #594, #1489 ) ;
#766 = VECTOR ( 'NONE', #1280, 1000.000000000000000 ) ;
#767 = DIRECTION ( 'NONE',  ( -1.000000000000000000, 0.000000000000000000, 0.000000000000000000 ) ) ;
#768 = EDGE_LOOP ( 'NONE', ( #580, #1036 ) ) ;
#769 = AXIS2_PLACEMENT_3D ( 'NONE', #1553, #306, #1753 ) ;
#770 = AXIS2_PLACEMENT_3D ( 'NONE', #279, #1195, #93 ) ;
#771 = EDGE_CURVE ( 'NONE', #514, #1076, #549, .T. ) ;
#772 = DIRECTION ( 'NONE',  ( -1.000000000000000000, 0.000000000000000000, 0.000000000000000000 ) ) ;
#773 = VERTEX_POINT ( 'NONE', #2329 ) ;
#774 = CARTESIAN_POINT ( 'NONE',  ( -5.580249999999995936, -2.907617662875607668E-16, -2.500000000000002220 ) ) ;
#775 = FACE_BOUND ( 'NONE', #1450, .T. ) ;
#776 = ORIENTED_EDGE ( 'NONE', *, *, #796, .T. ) ;
#777 = DIRECTION ( 'NONE',  ( -1.000000000000000000, 0.000000000000000000, 0.000000000000000000 ) ) ;
#778 = EDGE_CURVE ( 'NONE', #907, #1444, #1198, .T. ) ;
#779 = TOROIDAL_SURFACE ( 'NONE', #504, 6.369999999999998330, 0.1300000000000000044 ) ;
#780 = DIRECTION ( 'NONE',  ( -0.000000000000000000, -0.000000000000000000, -1.000000000000000000 ) ) ;
#781 = ORIENTED_EDGE ( 'NONE', *, *, #1346, .F. ) ;
#782 = VECTOR ( 'NONE', #1092, 1000.000000000000000 ) ;
#783 = DIRECTION ( 'NONE',  ( 0.2225209339563050392, -0.9749279121818257288, 0.000000000000000000 ) ) ;
#784 = ORIENTED_EDGE ( 'NONE', *, *, #1673, .T. ) ;
#785 = FACE_OUTER_BOUND ( 'NONE', #1709, .T. ) ;
#786 = CYLINDRICAL_SURFACE ( 'NONE', #1061, 3.124999999999998224 ) ;
#787 = EDGE_CURVE ( 'NONE', #1892, #948, #3, .T. ) ;
#788 = EDGE_CURVE ( 'NONE', #968, #47, #1272, .T. ) ;
#789 = FACE_OUTER_BOUND ( 'NONE', #477, .T. ) ;
#790 = CARTESIAN_POINT ( 'NONE',  ( 0.000000000000000000, -9.797174393178825657E-16, -2.500000000000002665 ) ) ;
#791 = CARTESIAN_POINT ( 'NONE',  ( 6.499999999999998224, -1.836970198721031413E-16, 2.370000000000002771 ) ) ;
#792 = ORIENTED_EDGE ( 'NONE', *, *, #1469, .T. ) ;
#793 = VERTEX_POINT ( 'NONE', #923 ) ;
#794 = CARTESIAN_POINT ( 'NONE',  ( -3.164374999999998828, -8.673617379884035472E-16, -2.460625000000003393 ) ) ;
#795 = CARTESIAN_POINT ( 'NONE',  ( 0.000000000000000000, -9.797174393178825657E-16, -2.369999999999996998 ) ) ;
#796 = EDGE_CURVE ( 'NONE', #739, #1372, #1412, .T. ) ;
#797 = DIRECTION ( 'NONE',  ( 0.000000000000000000, 0.000000000000000000, 1.000000000000000000 ) ) ;
#798 = AXIS2_PLACEMENT_3D ( 'NONE', #1231, #487, #133 ) ;
#799 = DIRECTION ( 'NONE',  ( -0.000000000000000000, -0.000000000000000000, -1.000000000000000000 ) ) ;
#800 = VERTEX_POINT ( 'NONE', #1644 ) ;
#801 = VECTOR ( 'NONE', #1439, 1000.000000000000000 ) ;
#802 = AXIS2_PLACEMENT_3D ( 'NONE', #1104, #1963, #17 ) ;
#803 = CC_DESIGN_SECURITY_CLASSIFICATION ( #1063, ( #1333 ) ) ;
#804 = EDGE_CURVE ( 'NONE', #2042, #1332, #746, .T. ) ;
#805 = DIRECTION ( 'NONE',  ( 1.000000000000000000, 0.000000000000000000, 0.000000000000000000 ) ) ;
#806 = VERTEX_POINT ( 'NONE', #1950 ) ;
#807 = FACE_BOUND ( 'NONE', #1456, .T. ) ;
#808 = CARTESIAN_POINT ( 'NONE',  ( 5.749999999999996447, -2.755455298081548229E-16, -2.408999999999996255 ) ) ;
#809 = AXIS2_PLACEMENT_3D ( 'NONE', #1263, #699, #1043 ) ;
#810 = AXIS2_PLACEMENT_3D ( 'NONE', #448, #1391, #472 ) ;
#811 = ORIENTED_EDGE ( 'NONE', *, *, #380, .T. ) ;
#812 = CARTESIAN_POINT ( 'NONE',  ( -1.241992203223994062, 2.579023384370681793, -9.644093543285404257E-17 ) ) ;
#813 = EDGE_CURVE ( 'NONE', #2065, #305, #1946, .T. ) ;
#814 = CARTESIAN_POINT ( 'NONE',  ( -1.999999999999998668, -9.797174393178825657E-16, -2.500000000000000000 ) ) ;
#815 = ORIENTED_EDGE ( 'NONE', *, *, #268, .F. ) ;
#816 = CIRCLE ( 'NONE', #1718, 3.124999999999998224 ) ;
#817 = CARTESIAN_POINT ( 'NONE',  ( 0.000000000000000000, -9.797174393178825657E-16, 2.409000000000002029 ) ) ;
#818 = ORIENTED_EDGE ( 'NONE', *, *, #308, .T. ) ;
#819 = CARTESIAN_POINT ( 'NONE',  ( 5.749999999999997335, -2.755455298081547243E-16, -2.500000000000000000 ) ) ;
#820 = VECTOR ( 'NONE', #734, 1000.000000000000114 ) ;
#821 = EDGE_LOOP ( 'NONE', ( #38, #952 ) ) ;
#822 = CARTESIAN_POINT ( 'NONE',  ( 0.000000000000000000, -8.673617379884035472E-16, 0.000000000000000000 ) ) ;
#823 = DIRECTION ( 'NONE',  ( 1.000000000000000000, 0.000000000000000000, 0.000000000000000000 ) ) ;
#824 = ORIENTED_EDGE ( 'NONE', *, *, #1850, .F. ) ;
#825 = EDGE_CURVE ( 'NONE', #773, #10, #2129, .T. ) ;
#826 = LINE ( 'NONE', #2268, #204 ) ;
#827 = EDGE_CURVE ( 'NONE', #305, #2065, #1529, .T. ) ;
#828 = EDGE_LOOP ( 'NONE', ( #1636, #1782, #1302, #1006 ) ) ;
#829 = ORIENTED_EDGE ( 'NONE', *, *, #508, .F. ) ;
#830 = ADVANCED_FACE ( 'NONE', ( #412 ), #2055, .F. ) ;
#831 = DIRECTION ( 'NONE',  ( -1.000000000000000000, 0.000000000000000000, 0.000000000000000000 ) ) ;
#832 = ORIENTED_EDGE ( 'NONE', *, *, #605, .F. ) ;
#833 = DIRECTION ( 'NONE',  ( -0.000000000000000000, -0.000000000000000000, -1.000000000000000000 ) ) ;
#834 = EDGE_LOOP ( 'NONE', ( #1745, #1697, #1533, #1607 ) ) ;
#835 = DIRECTION ( 'NONE',  ( -1.000000000000000000, 0.000000000000000000, 0.000000000000000000 ) ) ;
#836 = AXIS2_PLACEMENT_3D ( 'NONE', #729, #329, #709 ) ;
#837 = ADVANCED_FACE ( 'NONE', ( #1520 ), #402, .T. ) ;
#838 = AXIS2_PLACEMENT_3D ( 'NONE', #2332, #1038, #161 ) ;
#839 = CONICAL_SURFACE ( 'NONE', #915, 3.124999999999998224, 0.7853981633974530530 ) ;
#840 = EDGE_LOOP ( 'NONE', ( #675, #392 ) ) ;
#841 = FACE_OUTER_BOUND ( 'NONE', #1820, .T. ) ;
#842 = AXIS2_PLACEMENT_3D ( 'NONE', #355, #1981, #2127 ) ;
#843 = CLOSED_SHELL ( 'NONE', ( #1115, #1135 ) ) ;
#844 = VECTOR ( 'NONE', #346, 1000.000000000000000 ) ;
#845 = DIRECTION ( 'NONE',  ( 1.224646799147353207E-16, 1.000000000000000000, -0.000000000000000000 ) ) ;
#846 = DIRECTION ( 'NONE',  ( -1.000000000000000000, 0.000000000000000000, 0.000000000000000000 ) ) ;
#847 = VERTEX_POINT ( 'NONE', #579 ) ;
#848 = ORIENTED_EDGE ( 'NONE', *, *, #1770, .T. ) ;
#849 = CARTESIAN_POINT ( 'NONE',  ( -5.749999999999997335, -9.797174393178825657E-16, -2.500000000000000000 ) ) ;
#850 = DIRECTION ( 'NONE',  ( -1.000000000000000000, 0.000000000000000000, 0.000000000000000000 ) ) ;
#851 = CIRCLE ( 'NONE', #2096, 2.162499999999998757 ) ;
#852 = EDGE_CURVE ( 'NONE', #258, #2071, #1323, .T. ) ;
#853 = DIRECTION ( 'NONE',  ( 0.9009688679024158153, -0.4338837391175652258, 0.000000000000000000 ) ) ;
#854 = DIRECTION ( 'NONE',  ( -1.000000000000000000, 0.000000000000000000, 0.000000000000000000 ) ) ;
#855 = ORIENTED_EDGE ( 'NONE', *, *, #1067, .T. ) ;
#856 = DIRECTION ( 'NONE',  ( -1.000000000000000000, 1.224646799147354933E-16, 0.000000000000000000 ) ) ;
#857 = VERTEX_POINT ( 'NONE', #1301 ) ;
#858 = CARTESIAN_POINT ( 'NONE',  ( -3.124999999999998224, -9.797174393178825657E-16, -2.409000000000000252 ) ) ;
#859 = DIRECTION ( 'NONE',  ( -0.000000000000000000, -0.000000000000000000, -1.000000000000000000 ) ) ;
#860 = FACE_OUTER_BOUND ( 'NONE', #1842, .T. ) ;
#861 = ADVANCED_FACE ( 'NONE', ( #60 ), #1867, .F. ) ;
#862 = ADVANCED_FACE ( 'NONE', ( #2230 ), #590, .T. ) ;
#863 = DIRECTION ( 'NONE',  ( -0.000000000000000000, -0.000000000000000000, -1.000000000000000000 ) ) ;
#864 = FACE_OUTER_BOUND ( 'NONE', #197, .T. ) ;
#865 = ORIENTED_EDGE ( 'NONE', *, *, #753, .F. ) ;
#866 = PERSON_AND_ORGANIZATION_ROLE ( 'design_owner' ) ;
#867 = EDGE_CURVE ( 'NONE', #2013, #1487, #1873, .T. ) ;
#868 = AXIS2_PLACEMENT_3D ( 'NONE', #2038, #1863, #1296 ) ;
#869 = DIRECTION ( 'NONE',  ( -1.000000000000000000, 0.000000000000000000, 0.000000000000000000 ) ) ;
#870 = EDGE_LOOP ( 'NONE', ( #1337, #68, #1752, #2199 ) ) ;
#871 = CARTESIAN_POINT ( 'NONE',  ( 0.000000000000000000, -9.797174393178825657E-16, -2.500000000000000000 ) ) ;
#872 = FACE_BOUND ( 'NONE', #1852, .T. ) ;
#873 = AXIS2_PLACEMENT_3D ( 'NONE', #63, #2233, #415 ) ;
#874 = AXIS2_PLACEMENT_3D ( 'NONE', #515, #351, #1628 ) ;
#875 = CARTESIAN_POINT ( 'NONE',  ( 0.000000000000000000, -9.797174393178825657E-16, 2.409000000000000252 ) ) ;
#876 = AXIS2_PLACEMENT_3D ( 'NONE', #1384, #83, #2244 ) ;
#877 = VERTEX_POINT ( 'NONE', #2012 ) ;
#878 = AXIS2_PLACEMENT_3D ( 'NONE', #1098, #1813, #777 ) ;
#879 = DIRECTION ( 'NONE',  ( 0.000000000000000000, 0.000000000000000000, -1.000000000000000000 ) ) ;
#880 = ADVANCED_FACE ( 'NONE', ( #2023 ), #1167, .T. ) ;
#881 = UNCERTAINTY_MEASURE_WITH_UNIT (LENGTH_MEASURE( 1.000000000000000082E-05 ), #1370, 'distance_accuracy_value', 'NONE');
#882 = CARTESIAN_POINT ( 'NONE',  ( -2.862499999999998490, -8.673617379884035472E-16, 1.928818708657080851E-16 ) ) ;
#883 = ORIENTED_EDGE ( 'NONE', *, *, #95, .F. ) ;
#884 = APPROVAL_STATUS ( 'not_yet_approved' ) ;
#885 = CARTESIAN_POINT ( 'NONE',  ( 4.437499999999998224, -3.239247208667657849E-16, 0.000000000000000000 ) ) ;
#886 = ORIENTED_EDGE ( 'NONE', *, *, #1998, .T. ) ;
#887 = CARTESIAN_POINT ( 'NONE',  ( 0.000000000000000000, -9.797174393178825657E-16, 2.460625000000003393 ) ) ;
#888 = FACE_OUTER_BOUND ( 'NONE', #1967, .T. ) ;
#889 = AXIS2_PLACEMENT_3D ( 'NONE', #1810, #2124, #2303 ) ;
#890 = DIRECTION ( 'NONE',  ( 1.000000000000000000, 0.000000000000000000, 0.000000000000000000 ) ) ;
#891 = AXIS2_PLACEMENT_3D ( 'NONE', #2314, #1961, #1781 ) ;
#892 = ORIENTED_EDGE ( 'NONE', *, *, #300, .F. ) ;
#893 = AXIS2_PLACEMENT_3D ( 'NONE', #1072, #1088, #686 ) ;
#894 = DIRECTION ( 'NONE',  ( -1.000000000000000000, 0.000000000000000000, 0.000000000000000000 ) ) ;
#895 = DIRECTION ( 'NONE',  ( 0.000000000000000000, 0.000000000000000000, -1.000000000000000000 ) ) ;
#896 = ORIENTED_EDGE ( 'NONE', *, *, #974, .T. ) ;
#897 = CALENDAR_DATE ( 2026, 18, 1 ) ;
#898 = ADVANCED_FACE ( 'NONE', ( #1687 ), #49, .F. ) ;
#899 = CARTESIAN_POINT ( 'NONE',  ( -5.580249999999995936, -9.797174393178825657E-16, 2.500000000000002665 ) ) ;
#900 = ORIENTED_EDGE ( 'NONE', *, *, #65, .F. ) ;
#901 = DIRECTION ( 'NONE',  ( -0.000000000000000000, -0.000000000000000000, -1.000000000000000000 ) ) ;
#902 = FACE_OUTER_BOUND ( 'NONE', #758, .T. ) ;
#903 = DIRECTION ( 'NONE',  ( 1.000000000000000000, 0.000000000000000000, 0.000000000000000000 ) ) ;
#904 = ORIENTED_EDGE ( 'NONE', *, *, #2258, .F. ) ;
#905 = CARTESIAN_POINT ( 'NONE',  ( -2.162499999999998757, -7.148875690022676698E-16, -2.500000000000001332 ) ) ;
#906 = DIRECTION ( 'NONE',  ( -0.2225209339563182231, -0.9749279121818227312, -0.000000000000000000 ) ) ;
#907 = VERTEX_POINT ( 'NONE', #1119 ) ;
#908 = CARTESIAN_POINT ( 'NONE',  ( 0.000000000000000000, -9.797174393178825657E-16, -2.500000000000001332 ) ) ;
#909 = ORIENTED_EDGE ( 'NONE', *, *, #733, .T. ) ;
#910 = DIRECTION ( 'NONE',  ( -1.000000000000000000, 0.000000000000000000, 0.000000000000000000 ) ) ;
#911 = EDGE_CURVE ( 'NONE', #526, #1498, #816, .T. ) ;
#912 = DIRECTION ( 'NONE',  ( -0.000000000000000000, -0.000000000000000000, 1.000000000000000000 ) ) ;
#913 = ORIENTED_EDGE ( 'NONE', *, *, #931, .F. ) ;
#914 = AXIS2_PLACEMENT_3D ( 'NONE', #737, #1256, #1403 ) ;
#915 = AXIS2_PLACEMENT_3D ( 'NONE', #1438, #2160, #1990 ) ;
#916 = CIRCLE ( 'NONE', #2305, 5.749999999999996447 ) ;
#917 = DIRECTION ( 'NONE',  ( -1.000000000000000000, 0.000000000000000000, 0.000000000000000000 ) ) ;
#918 = CIRCLE ( 'NONE', #1222, 0.03937499999999991007 ) ;
#919 = VECTOR ( 'NONE', #2072, 999.9999999999998863 ) ;
#920 = DIRECTION ( 'NONE',  ( -0.000000000000000000, -0.000000000000000000, 1.000000000000000000 ) ) ;
#921 = EDGE_LOOP ( 'NONE', ( #1129, #70, #59, #2099 ) ) ;
#922 = DATE_TIME_ROLE ( 'creation_date' ) ;
#923 = CARTESIAN_POINT ( 'NONE',  ( -3.203749999999997655, -9.797174393178825657E-16, 2.460625000000003393 ) ) ;
#924 = ORIENTED_EDGE ( 'NONE', *, *, #198, .F. ) ;
#925 = FACE_OUTER_BOUND ( 'NONE', #1314, .T. ) ;
#926 = DIRECTION ( 'NONE',  ( -0.000000000000000000, -0.000000000000000000, -1.000000000000000000 ) ) ;
#927 = ORIENTED_EDGE ( 'NONE', *, *, #1182, .T. ) ;
#928 = EDGE_CURVE ( 'NONE', #2218, #478, #627, .T. ) ;
#929 = ORIENTED_EDGE ( 'NONE', *, *, #1166, .T. ) ;
#930 = AXIS2_PLACEMENT_3D ( 'NONE', #2333, #136, #890 ) ;
#931 = EDGE_CURVE ( 'NONE', #2204, #1144, #1601, .T. ) ;
#932 = CARTESIAN_POINT ( 'NONE',  ( 1.999999999999998668, -7.347880794884120722E-16, -2.337500000000001688 ) ) ;
#933 = AXIS2_PLACEMENT_3D ( 'NONE', #238, #1287, #1696 ) ;
#934 = DIRECTION ( 'NONE',  ( 0.000000000000000000, 0.000000000000000000, 1.000000000000000000 ) ) ;
#935 = VERTEX_POINT ( 'NONE', #2033 ) ;
#936 = EDGE_CURVE ( 'NONE', #935, #2079, #1853, .T. ) ;
#937 = DIRECTION ( 'NONE',  ( -0.7071067811865507924, 0.000000000000000000, -0.7071067811865441310 ) ) ;
#938 = EDGE_LOOP ( 'NONE', ( #1880, #1510, #1202, #672 ) ) ;
#939 = DIRECTION ( 'NONE',  ( -0.7818314824680312469, -0.6234898018587319291, 0.000000000000000000 ) ) ;
#940 = DIRECTION ( 'NONE',  ( -1.000000000000000000, 0.000000000000000000, 0.000000000000000000 ) ) ;
#941 = CARTESIAN_POINT ( 'NONE',  ( 0.000000000000000000, -9.797174393178825657E-16, 2.409000000000000252 ) ) ;
#942 = CARTESIAN_POINT ( 'NONE',  ( 0.000000000000000000, -3.203749999999998987, 2.409000000000000252 ) ) ;
#943 = EDGE_CURVE ( 'NONE', #107, #235, #1345, .T. ) ;
#944 = CARTESIAN_POINT ( 'NONE',  ( 0.000000000000000000, -9.797174393178825657E-16, 2.409000000000000252 ) ) ;
#945 = EDGE_LOOP ( 'NONE', ( #781, #1956 ) ) ;
#946 = APPLICATION_CONTEXT ( 'configuration controlled 3d designs of mechanical parts and assemblies' ) ;
#947 = DIRECTION ( 'NONE',  ( 0.9009688679024158153, -0.4338837391175652258, 0.000000000000000000 ) ) ;
#948 = VERTEX_POINT ( 'NONE', #1336 ) ;
#949 = CARTESIAN_POINT ( 'NONE',  ( 0.000000000000000000, -5.671249999999997904, -2.409000000000000252 ) ) ;
#950 = CARTESIAN_POINT ( 'NONE',  ( -6.369999999999998330, -1.916572240665609565E-16, -2.499999999999996891 ) ) ;
#951 = VERTEX_POINT ( 'NONE', #2041 ) ;
#952 = ORIENTED_EDGE ( 'NONE', *, *, #2081, .F. ) ;
#953 = AXIS2_PLACEMENT_3D ( 'NONE', #2205, #1309, #1480 ) ;
#954 = FACE_OUTER_BOUND ( 'NONE', #921, .T. ) ;
#955 = AXIS2_PLACEMENT_3D ( 'NONE', #1211, #295, #558 ) ;
#956 = CIRCLE ( 'NONE', #573, 2.162499999999998757 ) ;
#957 = DIRECTION ( 'NONE',  ( -0.000000000000000000, -0.000000000000000000, -1.000000000000000000 ) ) ;
#958 = EDGE_CURVE ( 'NONE', #455, #639, #970, .T. ) ;
#959 = VERTEX_POINT ( 'NONE', #1385 ) ;
#960 = AXIS2_PLACEMENT_3D ( 'NONE', #481, #799, #1515 ) ;
#961 = DIRECTION ( 'NONE',  ( 0.6234898018587431423, 0.7818314824680221431, 0.000000000000000000 ) ) ;
#962 = ORIENTED_EDGE ( 'NONE', *, *, #1070, .T. ) ;
#963 = DIRECTION ( 'NONE',  ( -1.224646799147353207E-16, 1.000000000000000000, 0.000000000000000000 ) ) ;
#964 = DIRECTION ( 'NONE',  ( -0.7071067811865408004, 8.659560562354850274E-17, 0.7071067811865541231 ) ) ;
#965 = VERTEX_POINT ( 'NONE', #443 ) ;
#966 = CARTESIAN_POINT ( 'NONE',  ( -5.749999999999996447, -9.797174393178825657E-16, 2.409000000000000252 ) ) ;
#967 = DIRECTION ( 'NONE',  ( -0.000000000000000000, -0.000000000000000000, -1.000000000000000000 ) ) ;
#968 = VERTEX_POINT ( 'NONE', #1540 ) ;
#969 = AXIS2_PLACEMENT_3D ( 'NONE', #1727, #1033, #1711 ) ;
#970 = LINE ( 'NONE', #2089, #1165 ) ;
#971 = ORIENTED_EDGE ( 'NONE', *, *, #2299, .T. ) ;
#972 = DIRECTION ( 'NONE',  ( -1.000000000000000000, -1.224646799147353454E-16, 0.000000000000000000 ) ) ;
#973 = CARTESIAN_POINT ( 'NONE',  ( 0.000000000000000000, -9.797174393178825657E-16, -2.500000000000000000 ) ) ;
#974 = EDGE_CURVE ( 'NONE', #1816, #354, #826, .T. ) ;
#975 = DIRECTION ( 'NONE',  ( -1.000000000000000000, 0.000000000000000000, 0.000000000000000000 ) ) ;
#976 = CARTESIAN_POINT ( 'NONE',  ( 0.000000000000000000, -9.797174393178825657E-16, 2.409000000000000252 ) ) ;
#977 = FACE_OUTER_BOUND ( 'NONE', #567, .T. ) ;
#978 = EDGE_LOOP ( 'NONE', ( #892, #618 ) ) ;
#979 = DIRECTION ( 'NONE',  ( -1.000000000000000000, 0.000000000000000000, 0.000000000000000000 ) ) ;
#980 = ORIENTED_EDGE ( 'NONE', *, *, #1388, .F. ) ;
#981 = DIRECTION ( 'NONE',  ( -0.6234898018587319291, 0.7818314824680310249, 0.000000000000000000 ) ) ;
#982 = CARTESIAN_POINT ( 'NONE',  ( 0.000000000000000000, -9.797174393178825657E-16, -2.499999999999996891 ) ) ;
#983 = ORIENTED_EDGE ( 'NONE', *, *, #1359, .T. ) ;
#984 = LINE ( 'NONE', #20, #394 ) ;
#985 = EDGE_CURVE ( 'NONE', #2042, #857, #2027, .T. ) ;
#986 = DIRECTION ( 'NONE',  ( 1.000000000000000000, 0.000000000000000000, 0.000000000000000000 ) ) ;
#987 = AXIS2_PLACEMENT_3D ( 'NONE', #1945, #328, #1957 ) ;
#988 = DIRECTION ( 'NONE',  ( 0.000000000000000000, 0.000000000000000000, 1.000000000000000000 ) ) ;
#989 = ORIENTED_EDGE ( 'NONE', *, *, #524, .T. ) ;
#990 = CIRCLE ( 'NONE', #111, 1.574999999999999734 ) ;
#991 = CIRCLE ( 'NONE', #2309, 3.203749999999998099 ) ;
#992 = CARTESIAN_POINT ( 'NONE',  ( 3.124999999999998224, -5.970153145843349319E-16, 0.8706140074682919838 ) ) ;
#993 = ORIENTED_EDGE ( 'NONE', *, *, #1012, .T. ) ;
#994 = CARTESIAN_POINT ( 'NONE',  ( 0.000000000000000000, -9.797174393178825657E-16, 2.500000000000002665 ) ) ;
#995 = AXIS2_PLACEMENT_3D ( 'NONE', #724, #137, #494 ) ;
#996 = ORIENTED_EDGE ( 'NONE', *, *, #662, .T. ) ;
#997 = CARTESIAN_POINT ( 'NONE',  ( 0.000000000000000000, -9.797174393178825657E-16, -2.500000000000002665 ) ) ;
#998 = CIRCLE ( 'NONE', #1787, 1.574999999999999289 ) ;
#999 = ADVANCED_FACE ( 'NONE', ( #1722, #467 ), #640, .F. ) ;
#1000 = EDGE_CURVE ( 'NONE', #800, #2074, #1683, .T. ) ;
#1001 = CARTESIAN_POINT ( 'NONE',  ( 3.164374999999998828, -4.798375664832130868E-16, -2.460625000000003393 ) ) ;
#1002 = ORIENTED_EDGE ( 'NONE', *, *, #1637, .F. ) ;
#1003 = AXIS2_PLACEMENT_3D ( 'NONE', #696, #1966, #312 ) ;
#1004 = AXIS2_PLACEMENT_3D ( 'NONE', #433, #1471, #1678 ) ;
#1005 = DIRECTION ( 'NONE',  ( 0.2225209339563182231, 0.9749279121818227312, 0.000000000000000000 ) ) ;
#1006 = ORIENTED_EDGE ( 'NONE', *, *, #2029, .F. ) ;
#1007 = EDGE_CURVE ( 'NONE', #1139, #2173, #313, .T. ) ;
#1008 = VERTEX_POINT ( 'NONE', #1199 ) ;
#1009 = FACE_BOUND ( 'NONE', #486, .T. ) ;
#1010 = CARTESIAN_POINT ( 'NONE',  ( 3.124999999999998224, -5.970153145843348333E-16, -2.409000000000000252 ) ) ;
#1011 = ORIENTED_EDGE ( 'NONE', *, *, #1691, .F. ) ;
#1012 = EDGE_CURVE ( 'NONE', #2090, #47, #1561, .T. ) ;
#1013 = CARTESIAN_POINT ( 'NONE',  ( -6.499999999999998224, -9.797174393178825657E-16, -2.500000000000000000 ) ) ;
#1014 = ORIENTED_EDGE ( 'NONE', *, *, #1067, .F. ) ;
#1015 = CYLINDRICAL_SURFACE ( 'NONE', #1, 3.124999999999998224 ) ;
#1016 = ORIENTED_EDGE ( 'NONE', *, *, #153, .F. ) ;
#1017 = DIRECTION ( 'NONE',  ( 0.9009688679024216995, 0.4338837391175525693, 0.000000000000000000 ) ) ;
#1018 = LINE ( 'NONE', #1719, #1518 ) ;
#1019 = ADVANCED_FACE ( 'NONE', ( #1213 ), #304, .F. ) ;
#1020 = DIRECTION ( 'NONE',  ( -0.000000000000000000, -0.000000000000000000, -1.000000000000000000 ) ) ;
#1021 = ORIENTED_EDGE ( 'NONE', *, *, #2117, .F. ) ;
#1022 = CIRCLE ( 'NONE', #296, 3.294750000000003620 ) ;
#1023 = CARTESIAN_POINT ( 'NONE',  ( 0.000000000000000000, -9.797174393178825657E-16, -2.500000000000000000 ) ) ;
#1024 = VECTOR ( 'NONE', #480, 1000.000000000000000 ) ;
#1025 = AXIS2_PLACEMENT_3D ( 'NONE', #527, #5, #557 ) ;
#1026 = ORIENTED_EDGE ( 'NONE', *, *, #1850, .T. ) ;
#1027 = DIRECTION ( 'NONE',  ( -0.000000000000000000, -0.000000000000000000, -1.000000000000000000 ) ) ;
#1028 = CARTESIAN_POINT ( 'NONE',  ( 3.203749999999998099, -5.873712210410494759E-16, -2.500000000000000000 ) ) ;
#1029 = CIRCLE ( 'NONE', #464, 3.203749999999997655 ) ;
#1030 = CIRCLE ( 'NONE', #2115, 3.203749999999997655 ) ;
#1031 = VECTOR ( 'NONE', #1692, 1000.000000000000000 ) ;
#1032 = CARTESIAN_POINT ( 'NONE',  ( 0.000000000000000000, -9.797174393178825657E-16, 2.500000000000002665 ) ) ;
#1033 = DIRECTION ( 'NONE',  ( -0.000000000000000000, -0.000000000000000000, -1.000000000000000000 ) ) ;
#1034 = ORIENTED_EDGE ( 'NONE', *, *, #1328, .T. ) ;
#1035 = AXIS2_PLACEMENT_3D ( 'NONE', #875, #1993, #1405 ) ;
#1036 = ORIENTED_EDGE ( 'NONE', *, *, #722, .F. ) ;
#1037 = CARTESIAN_POINT ( 'NONE',  ( 0.000000000000000000, -9.797174393178825657E-16, -2.500000000000000000 ) ) ;
#1038 = DIRECTION ( 'NONE',  ( -0.000000000000000000, -0.000000000000000000, -1.000000000000000000 ) ) ;
#1039 = CIRCLE ( 'NONE', #14, 3.203749999999998099 ) ;
#1040 = EDGE_CURVE ( 'NONE', #1008, #2024, #1987, .T. ) ;
#1041 = AXIS2_PLACEMENT_3D ( 'NONE', #1751, #281, #2068 ) ;
#1042 = CARTESIAN_POINT ( 'NONE',  ( 0.000000000000000000, -9.797174393178825657E-16, 2.409000000000000252 ) ) ;
#1043 = DIRECTION ( 'NONE',  ( -1.000000000000000000, 0.000000000000000000, 0.000000000000000000 ) ) ;
#1044 = CARTESIAN_POINT ( 'NONE',  ( 0.000000000000000000, -9.797174393178825657E-16, -2.500000000000000000 ) ) ;
#1045 = EDGE_LOOP ( 'NONE', ( #1379, #1572, #927, #1984 ) ) ;
#1046 = DIRECTION ( 'NONE',  ( -0.000000000000000000, -0.000000000000000000, -1.000000000000000000 ) ) ;
#1047 = ORIENTED_EDGE ( 'NONE', *, *, #943, .F. ) ;
#1048 = DIRECTION ( 'NONE',  ( -0.9009688679024218105, -0.4338837391175526248, -0.000000000000000000 ) ) ;
#1049 = CARTESIAN_POINT ( 'NONE',  ( 0.000000000000000000, -9.797174393178825657E-16, -2.500000000000000000 ) ) ;
#1050 = EDGE_CURVE ( 'NONE', #1066, #1227, #1560, .T. ) ;
#1051 = CARTESIAN_POINT ( 'NONE',  ( -1.999999999999998668, -9.797174393178825657E-16, -2.337500000000001688 ) ) ;
#1052 = ORIENTED_EDGE ( 'NONE', *, *, #596, .F. ) ;
#1053 = CARTESIAN_POINT ( 'NONE',  ( 2.162499999999998757, -9.797174393178825657E-16, -2.337500000000001688 ) ) ;
#1054 = CARTESIAN_POINT ( 'NONE',  ( 5.580249999999995936, -2.963339092236812547E-16, 2.500000000000002665 ) ) ;
#1055 = ORIENTED_EDGE ( 'NONE', *, *, #1490, .T. ) ;
#1056 = PERSON_AND_ORGANIZATION ( #1382, #1586 ) ;
#1057 = CARTESIAN_POINT ( 'NONE',  ( 0.000000000000000000, -9.797174393178825657E-16, -2.409000000000000252 ) ) ;
#1058 = ORIENTED_EDGE ( 'NONE', *, *, #936, .F. ) ;
#1059 = DIRECTION ( 'NONE',  ( -1.000000000000000000, 0.000000000000000000, 0.000000000000000000 ) ) ;
#1060 = CARTESIAN_POINT ( 'NONE',  ( -2.608725981444284248, 5.417075318263309569, -9.644093543285404257E-17 ) ) ;
#1061 = AXIS2_PLACEMENT_3D ( 'NONE', #1500, #2044, #1290 ) ;
#1062 = AXIS2_PLACEMENT_3D ( 'NONE', #260, #1488, #1142 ) ;
#1063 = SECURITY_CLASSIFICATION ( '', '', #1817 ) ;
#1064 = DIRECTION ( 'NONE',  ( -1.000000000000000000, 0.000000000000000000, 0.000000000000000000 ) ) ;
#1065 = TOROIDAL_SURFACE ( 'NONE', #960, 2.162499999999998757, 0.1625000000000000056 ) ;
#1066 = VERTEX_POINT ( 'NONE', #1891 ) ;
#1067 = EDGE_CURVE ( 'NONE', #466, #1189, #19, .T. ) ;
#1068 = AXIS2_PLACEMENT_3D ( 'NONE', #1044, #1997, #360 ) ;
#1069 = DIRECTION ( 'NONE',  ( -1.000000000000000000, 0.000000000000000000, 0.000000000000000000 ) ) ;
#1070 = EDGE_CURVE ( 'NONE', #1826, #621, #315, .T. ) ;
#1071 = MANIFOLD_SOLID_BREP ( 'Revolve4[1]', #1516 ) ;
#1072 = CARTESIAN_POINT ( 'NONE',  ( 0.000000000000000000, -9.797174393178825657E-16, -2.409000000000000252 ) ) ;
#1073 = ORIENTED_EDGE ( 'NONE', *, *, #732, .T. ) ;
#1074 = APPLICATION_PROTOCOL_DEFINITION ( 'international standard', 'config_control_design', 1994, #453 ) ;
#1075 = CARTESIAN_POINT ( 'NONE',  ( 0.000000000000000000, -9.797174393178825657E-16, -2.409000000000000252 ) ) ;
#1076 = VERTEX_POINT ( 'NONE', #992 ) ;
#1077 = CARTESIAN_POINT ( 'NONE',  ( 3.124999999999998224, -5.970153145843348333E-16, -2.500000000000000000 ) ) ;
#1078 = DIRECTION ( 'NONE',  ( -1.000000000000000000, 0.000000000000000000, 0.000000000000000000 ) ) ;
#1079 = MANIFOLD_SOLID_BREP ( 'CirPattern1[5]', #389 ) ;
#1080 = CIRCLE ( 'NONE', #2252, 5.749999999999997335 ) ;
#1081 = EDGE_CURVE ( 'NONE', #2007, #2071, #1531, .T. ) ;
#1082 = AXIS2_PLACEMENT_3D ( 'NONE', #542, #1267, #1626 ) ;
#1083 = ORIENTED_EDGE ( 'NONE', *, *, #1652, .F. ) ;
#1084 = CONICAL_SURFACE ( 'NONE', #893, 5.671249999999997016, 0.7853981633974411736 ) ;
#1085 = MANIFOLD_SOLID_BREP ( 'Revolve4[2]', #465 ) ;
#1086 = AXIS2_PLACEMENT_3D ( 'NONE', #2141, #155, #895 ) ;
#1087 = SPHERICAL_SURFACE ( 'NONE', #426, 1.574999999999999512 ) ;
#1088 = DIRECTION ( 'NONE',  ( 0.000000000000000000, 0.000000000000000000, 1.000000000000000000 ) ) ;
#1089 = EDGE_CURVE ( 'NONE', #806, #951, #1799, .T. ) ;
#1090 = ORIENTED_EDGE ( 'NONE', *, *, #1383, .F. ) ;
#1091 = DATE_AND_TIME ( #897, #2352 ) ;
#1092 = DIRECTION ( 'NONE',  ( -0.000000000000000000, -0.000000000000000000, -1.000000000000000000 ) ) ;
#1093 = EDGE_LOOP ( 'NONE', ( #2022, #1688 ) ) ;
#1094 = CARTESIAN_POINT ( 'NONE',  ( 0.000000000000000000, -9.797174393178825657E-16, 2.500000000000002665 ) ) ;
#1095 = DIRECTION ( 'NONE',  ( -1.000000000000000000, 0.000000000000000000, 0.000000000000000000 ) ) ;
#1096 = DIRECTION ( 'NONE',  ( -0.000000000000000000, -0.000000000000000000, -1.000000000000000000 ) ) ;
#1097 = ORIENTED_EDGE ( 'NONE', *, *, #462, .T. ) ;
#1098 = CARTESIAN_POINT ( 'NONE',  ( 0.000000000000000000, -9.797174393178825657E-16, -2.500000000000000000 ) ) ;
#1099 = LINE ( 'NONE', #1761, #401 ) ;
#1100 = ORIENTED_EDGE ( 'NONE', *, *, #1494, .T. ) ;
#1101 = EDGE_CURVE ( 'NONE', #959, #10, #2259, .T. ) ;
#1102 = DIRECTION ( 'NONE',  ( -1.000000000000000000, 0.000000000000000000, 0.000000000000000000 ) ) ;
#1103 = ORIENTED_EDGE ( 'NONE', *, *, #1359, .F. ) ;
#1104 = CARTESIAN_POINT ( 'NONE',  ( 0.000000000000000000, -9.797174393178825657E-16, -2.500000000000000000 ) ) ;
#1105 = CARTESIAN_POINT ( 'NONE',  ( 3.124999999999998224, -5.970153145843348333E-16, -2.500000000000000000 ) ) ;
#1106 = CIRCLE ( 'NONE', #1252, 0.1624999999999998945 ) ;
#1107 = ADVANCED_BREP_SHAPE_REPRESENTATION ( '4648K306_440C Stainless Steel Ball Bearing for Food and Beverage', ( #1878, #1858, #286, #324, #1875, #307, #288, #1079, #1137, #1920, #363, #1071, #1085, #1933 ), #537 ) ;
#1108 = ORIENTED_EDGE ( 'NONE', *, *, #2104, .F. ) ;
#1109 = CIRCLE ( 'NONE', #1215, 3.203749999999998099 ) ;
#1110 = VECTOR ( 'NONE', #1893, 1000.000000000000000 ) ;
#1111 = LOCAL_TIME ( 16, 26, 40.00000000000000000, #1960 ) ;
#1112 = FACE_OUTER_BOUND ( 'NONE', #1714, .T. ) ;
#1113 = AXIS2_PLACEMENT_3D ( 'NONE', #1306, #2060, #595 ) ;
#1114 = CIRCLE ( 'NONE', #1400, 0.1299999999999998934 ) ;
#1115 = ADVANCED_FACE ( 'NONE', ( #664 ), #2289, .T. ) ;
#1116 = TOROIDAL_SURFACE ( 'NONE', #1223, 4.437499999999998224, 1.574999999999999512 ) ;
#1117 = DIRECTION ( 'NONE',  ( -1.000000000000000000, 0.000000000000000000, 0.000000000000000000 ) ) ;
#1118 = ORIENTED_EDGE ( 'NONE', *, *, #2165, .T. ) ;
#1119 = CARTESIAN_POINT ( 'NONE',  ( 1.999999999999998668, -7.347880794884120722E-16, 2.337500000000003020 ) ) ;
#1120 = ORIENTED_EDGE ( 'NONE', *, *, #669, .F. ) ;
#1121 = CARTESIAN_POINT ( 'NONE',  ( 0.000000000000000000, -9.797174393178825657E-16, -2.500000000000002665 ) ) ;
#1122 = DIRECTION ( 'NONE',  ( 0.7818314824680310249, 0.6234898018587320401, 0.000000000000000000 ) ) ;
#1123 = CARTESIAN_POINT ( 'NONE',  ( 0.000000000000000000, -9.797174393178825657E-16, -2.500000000000000000 ) ) ;
#1124 = EDGE_CURVE ( 'NONE', #1627, #1811, #1564, .T. ) ;
#1125 = DIRECTION ( 'NONE',  ( -1.000000000000000000, 0.000000000000000000, 0.000000000000000000 ) ) ;
#1126 = AXIS2_PLACEMENT_3D ( 'NONE', #623, #833, #257 ) ;
#1127 = AXIS2_PLACEMENT_3D ( 'NONE', #817, #1551, #2075 ) ;
#1128 = DIRECTION ( 'NONE',  ( 0.000000000000000000, 0.000000000000000000, 1.000000000000000000 ) ) ;
#1129 = ORIENTED_EDGE ( 'NONE', *, *, #583, .T. ) ;
#1130 = CARTESIAN_POINT ( 'NONE',  ( 4.326242610306850089, 0.9874366444311032387, 0.000000000000000000 ) ) ;
#1131 = ORIENTED_EDGE ( 'NONE', *, *, #974, .F. ) ;
#1132 = CARTESIAN_POINT ( 'NONE',  ( 2.162499999999998757, -7.148875690022676698E-16, 2.500000000000003109 ) ) ;
#1133 = CYLINDRICAL_SURFACE ( 'NONE', #873, 5.749999999999997335 ) ;
#1134 = CARTESIAN_POINT ( 'NONE',  ( -3.203749999999998099, -9.797174393178825657E-16, -2.500000000000000000 ) ) ;
#1135 = ADVANCED_FACE ( 'NONE', ( #1422 ), #1226, .T. ) ;
#1136 = DIRECTION ( 'NONE',  ( -1.000000000000000000, 0.000000000000000000, 0.000000000000000000 ) ) ;
#1137 = MANIFOLD_SOLID_BREP ( 'CirPattern1[6]', #1371 ) ;
#1138 = DIRECTION ( 'NONE',  ( -1.000000000000000000, 0.000000000000000000, 0.000000000000000000 ) ) ;
#1139 = VERTEX_POINT ( 'NONE', #671 ) ;
#1140 = DIRECTION ( 'NONE',  ( 0.000000000000000000, 0.000000000000000000, 1.000000000000000000 ) ) ;
#1141 = ORIENTED_EDGE ( 'NONE', *, *, #210, .F. ) ;
#1142 = DIRECTION ( 'NONE',  ( -1.000000000000000000, 0.000000000000000000, 0.000000000000000000 ) ) ;
#1143 = CARTESIAN_POINT ( 'NONE',  ( 0.000000000000000000, -9.797174393178825657E-16, 2.500000000000002665 ) ) ;
#1144 = VERTEX_POINT ( 'NONE', #175 ) ;
#1145 = CONICAL_SURFACE ( 'NONE', #1734, 3.203749999999998099, 0.7853981633974627119 ) ;
#1146 = FACE_OUTER_BOUND ( 'NONE', #1667, .T. ) ;
#1147 = AXIS2_PLACEMENT_3D ( 'NONE', #2147, #1232, #2161 ) ;
#1148 = CIRCLE ( 'NONE', #1818, 2.862499999999998490 ) ;
#1149 = DIRECTION ( 'NONE',  ( 0.4338837391175651703, 0.9009688679024157043, 0.000000000000000000 ) ) ;
#1150 = ORIENTED_EDGE ( 'NONE', *, *, #756, .T. ) ;
#1151 = CC_DESIGN_APPROVAL ( #1441, ( #1965 ) ) ;
#1152 = AXIS2_PLACEMENT_3D ( 'NONE', #2166, #1748, #127 ) ;
#1153 = EDGE_CURVE ( 'NONE', #478, #2218, #551, .T. ) ;
#1154 = CIRCLE ( 'NONE', #150, 5.580249999999995936 ) ;
#1155 = DIRECTION ( 'NONE',  ( -0.000000000000000000, -0.000000000000000000, -1.000000000000000000 ) ) ;
#1156 = ORIENTED_EDGE ( 'NONE', *, *, #1040, .F. ) ;
#1157 = PLANE ( 'NONE',  #384 ) ;
#1158 = FACE_OUTER_BOUND ( 'NONE', #184, .T. ) ;
#1159 = EDGE_LOOP ( 'NONE', ( #2267, #248, #1766, #1011 ) ) ;
#1160 = EDGE_CURVE ( 'NONE', #1444, #2290, #277, .T. ) ;
#1161 = DIRECTION ( 'NONE',  ( 0.000000000000000000, 0.000000000000000000, 1.000000000000000000 ) ) ;
#1162 = AXIS2_PLACEMENT_3D ( 'NONE', #885, #1602, #712 ) ;
#1163 = CARTESIAN_POINT ( 'NONE',  ( 0.000000000000000000, -9.797174393178825657E-16, -2.500000000000000000 ) ) ;
#1164 = ORIENTED_EDGE ( 'NONE', *, *, #65, .T. ) ;
#1165 = VECTOR ( 'NONE', #476, 1000.000000000000114 ) ;
#1166 = EDGE_CURVE ( 'NONE', #959, #1808, #128, .T. ) ;
#1167 = SPHERICAL_SURFACE ( 'NONE', #437, 1.574999999999999512 ) ;
#1168 = ORIENTED_EDGE ( 'NONE', *, *, #1608, .T. ) ;
#1169 = FACE_BOUND ( 'NONE', #745, .T. ) ;
#1170 = LINE ( 'NONE', #808, #1329 ) ;
#1171 = VERTEX_POINT ( 'NONE', #1947 ) ;
#1172 = DIRECTION ( 'NONE',  ( 0.000000000000000000, 0.000000000000000000, 1.000000000000000000 ) ) ;
#1173 = PLANE ( 'NONE',  #578 ) ;
#1174 = CARTESIAN_POINT ( 'NONE',  ( 0.000000000000000000, -9.797174393178825657E-16, 2.500000000000002665 ) ) ;
#1175 = ORIENTED_EDGE ( 'NONE', *, *, #82, .F. ) ;
#1176 = DIRECTION ( 'NONE',  ( -0.000000000000000000, 0.000000000000000000, -1.000000000000000000 ) ) ;
#1177 = EDGE_LOOP ( 'NONE', ( #1786, #1517, #996, #730 ) ) ;
#1178 = DIRECTION ( 'NONE',  ( -1.000000000000000000, 0.000000000000000000, 0.000000000000000000 ) ) ;
#1179 = EDGE_CURVE ( 'NONE', #1066, #847, #138, .T. ) ;
#1180 = ORIENTED_EDGE ( 'NONE', *, *, #406, .F. ) ;
#1181 = DIRECTION ( 'NONE',  ( -1.000000000000000000, 0.000000000000000000, 0.000000000000000000 ) ) ;
#1182 = EDGE_CURVE ( 'NONE', #1824, #2269, #2337, .T. ) ;
#1183 = AXIS2_PLACEMENT_3D ( 'NONE', #1445, #1406, #2113 ) ;
#1184 = CARTESIAN_POINT ( 'NONE',  ( -4.700761788339035796, -3.748732433675625142, -9.644093543285404257E-17 ) ) ;
#1185 = ORIENTED_EDGE ( 'NONE', *, *, #564, .T. ) ;
#1186 = CIRCLE ( 'NONE', #2237, 1.574999999999999512 ) ;
#1187 = CIRCLE ( 'NONE', #191, 3.033999999999996255 ) ;
#1188 = DIRECTION ( 'NONE',  ( -1.000000000000000000, 0.000000000000000000, 0.000000000000000000 ) ) ;
#1189 = VERTEX_POINT ( 'NONE', #882 ) ;
#1190 = FACE_OUTER_BOUND ( 'NONE', #612, .T. ) ;
#1191 = AXIS2_PLACEMENT_3D ( 'NONE', #2122, #2241, #676 ) ;
#1192 = ORIENTED_EDGE ( 'NONE', *, *, #396, .T. ) ;
#1193 = DIRECTION ( 'NONE',  ( -1.000000000000000000, 0.000000000000000000, 0.000000000000000000 ) ) ;
#1194 = EDGE_CURVE ( 'NONE', #209, #1892, #1154, .T. ) ;
#1195 = DIRECTION ( 'NONE',  ( 0.000000000000000000, -1.000000000000000000, 0.000000000000000000 ) ) ;
#1196 = ORIENTED_EDGE ( 'NONE', *, *, #1886, .T. ) ;
#1197 = AXIS2_PLACEMENT_3D ( 'NONE', #2345, #1955, #183 ) ;
#1198 = CIRCLE ( 'NONE', #91, 1.999999999999998668 ) ;
#1199 = CARTESIAN_POINT ( 'NONE',  ( 5.749999999999997335, -2.755455298081547243E-16, 1.574999999999999512 ) ) ;
#1200 = ORIENTED_EDGE ( 'NONE', *, *, #1772, .T. ) ;
#1201 = ADVANCED_FACE ( 'NONE', ( #2296 ), #2349, .T. ) ;
#1202 = ORIENTED_EDGE ( 'NONE', *, *, #1179, .T. ) ;
#1203 = FACE_OUTER_BOUND ( 'NONE', #658, .T. ) ;
#1204 = EDGE_CURVE ( 'NONE', #209, #2069, #1395, .T. ) ;
#1205 = CARTESIAN_POINT ( 'NONE',  ( -2.162499999999998757, -7.148875690022676698E-16, -2.337500000000001688 ) ) ;
#1206 = DIRECTION ( 'NONE',  ( -0.2225209339563050392, 0.9749279121818257288, 0.000000000000000000 ) ) ;
#1207 = ORIENTED_EDGE ( 'NONE', *, *, #1050, .T. ) ;
#1208 = DIRECTION ( 'NONE',  ( -1.000000000000000000, 0.000000000000000000, 0.000000000000000000 ) ) ;
#1209 = EDGE_LOOP ( 'NONE', ( #2001, #1941, #1980, #2003 ) ) ;
#1210 = DIRECTION ( 'NONE',  ( 1.000000000000000000, 0.000000000000000000, -0.000000000000000000 ) ) ;
#1211 = CARTESIAN_POINT ( 'NONE',  ( 0.000000000000000000, -9.797174393178825657E-16, -2.408999999999996255 ) ) ;
#1212 = FACE_OUTER_BOUND ( 'NONE', #167, .T. ) ;
#1213 = FACE_OUTER_BOUND ( 'NONE', #1425, .T. ) ;
#1214 = ADVANCED_FACE ( 'NONE', ( #1983 ), #1482, .F. ) ;
#1215 = AXIS2_PLACEMENT_3D ( 'NONE', #2343, #715, #910 ) ;
#1216 = VERTEX_POINT ( 'NONE', #2325 ) ;
#1217 = CONICAL_SURFACE ( 'NONE', #2306, 5.580249999999995936, 0.7853981633974387311 ) ;
#1218 = DIRECTION ( 'NONE',  ( -0.000000000000000000, -0.000000000000000000, -1.000000000000000000 ) ) ;
#1219 = ORIENTED_EDGE ( 'NONE', *, *, #1703, .T. ) ;
#1220 = CARTESIAN_POINT ( 'NONE',  ( 0.000000000000000000, -9.797174393178825657E-16, 2.500000000000002665 ) ) ;
#1221 = CARTESIAN_POINT ( 'NONE',  ( 0.000000000000000000, -9.797174393178825657E-16, -2.409000000000000252 ) ) ;
#1222 = AXIS2_PLACEMENT_3D ( 'NONE', #1001, #287, #1363 ) ;
#1223 = AXIS2_PLACEMENT_3D ( 'NONE', #822, #108, #850 ) ;
#1224 = ADVANCED_FACE ( 'NONE', ( #1581 ), #552, .T. ) ;
#1225 = CARTESIAN_POINT ( 'NONE',  ( 1.925359092334194999, 3.998049351316968814, 0.000000000000000000 ) ) ;
#1226 = SPHERICAL_SURFACE ( 'NONE', #2323, 1.574999999999999512 ) ;
#1227 = VERTEX_POINT ( 'NONE', #1248 ) ;
#1228 = DIRECTION ( 'NONE',  ( -0.000000000000000000, -0.000000000000000000, -1.000000000000000000 ) ) ;
#1229 = ADVANCED_FACE ( 'NONE', ( #1276 ), #316, .F. ) ;
#1230 = ORIENTED_EDGE ( 'NONE', *, *, #2229, .T. ) ;
#1231 = CARTESIAN_POINT ( 'NONE',  ( 0.000000000000000000, -9.797174393178825657E-16, 2.500000000000002665 ) ) ;
#1232 = DIRECTION ( 'NONE',  ( -0.000000000000000000, 0.000000000000000000, -1.000000000000000000 ) ) ;
#1233 = VECTOR ( 'NONE', #2219, 999.9999999999998863 ) ;
#1234 = CARTESIAN_POINT ( 'NONE',  ( 0.000000000000000000, -9.797174393178825657E-16, 2.409000000000000252 ) ) ;
#1235 = ORIENTED_EDGE ( 'NONE', *, *, #778, .T. ) ;
#1236 = CARTESIAN_POINT ( 'NONE',  ( 0.000000000000000000, -9.797174393178825657E-16, 2.500000000000002220 ) ) ;
#1237 = DIRECTION ( 'NONE',  ( 0.2225209339563182231, 0.9749279121818227312, 0.000000000000000000 ) ) ;
#1238 = ORIENTED_EDGE ( 'NONE', *, *, #1923, .T. ) ;
#1239 = DIRECTION ( 'NONE',  ( 1.000000000000000000, 0.000000000000000000, 0.000000000000000000 ) ) ;
#1240 = ORIENTED_EDGE ( 'NONE', *, *, #1609, .T. ) ;
#1241 = CARTESIAN_POINT ( 'NONE',  ( -6.499999999999998224, -9.797174393178825657E-16, 2.370000000000002771 ) ) ;
#1242 = FACE_OUTER_BOUND ( 'NONE', #2149, .T. ) ;
#1243 = ADVANCED_FACE ( 'NONE', ( #371 ), #1084, .T. ) ;
#1244 = LINE ( 'NONE', #2138, #237 ) ;
#1245 = ORIENTED_EDGE ( 'NONE', *, *, #2271, .T. ) ;
#1246 = EDGE_CURVE ( 'NONE', #857, #455, #1099, .T. ) ;
#1247 = FACE_OUTER_BOUND ( 'NONE', #945, .T. ) ;
#1248 = CARTESIAN_POINT ( 'NONE',  ( 5.749999999999997335, -2.755455298081547243E-16, -1.574999999999999512 ) ) ;
#1249 = EDGE_LOOP ( 'NONE', ( #832, #193, #1623, #1437 ) ) ;
#1250 = APPROVAL_DATE_TIME ( #711, #146 ) ;
#1251 = EDGE_CURVE ( 'NONE', #1612, #1796, #54, .T. ) ;
#1252 = AXIS2_PLACEMENT_3D ( 'NONE', #1053, #1773, #879 ) ;
#1253 = CARTESIAN_POINT ( 'NONE',  ( 0.000000000000000000, -9.797174393178825657E-16, -2.409000000000000252 ) ) ;
#1254 = ORIENTED_EDGE ( 'NONE', *, *, #1837, .T. ) ;
#1255 = FACE_OUTER_BOUND ( 'NONE', #870, .T. ) ;
#1256 = DIRECTION ( 'NONE',  ( 0.000000000000000000, 0.000000000000000000, 1.000000000000000000 ) ) ;
#1257 = AXIS2_PLACEMENT_3D ( 'NONE', #52, #1834, #940 ) ;
#1258 = AXIS2_PLACEMENT_3D ( 'NONE', #871, #1693, #66 ) ;
#1259 = CARTESIAN_POINT ( 'NONE',  ( 0.000000000000000000, -9.797174393178825657E-16, 2.370000000000002771 ) ) ;
#1260 = TOROIDAL_SURFACE ( 'NONE', #493, 2.162499999999998757, 0.1625000000000000056 ) ;
#1261 = EDGE_LOOP ( 'NONE', ( #1484, #818, #102, #1300 ) ) ;
#1262 = ADVANCED_FACE ( 'NONE', ( #864 ), #1504, .T. ) ;
#1263 = CARTESIAN_POINT ( 'NONE',  ( 0.000000000000000000, -8.673617379884035472E-16, 0.000000000000000000 ) ) ;
#1264 = DIRECTION ( 'NONE',  ( 0.7071067811865408004, 8.659560562354850274E-17, -0.7071067811865543451 ) ) ;
#1265 = EDGE_LOOP ( 'NONE', ( #55, #25 ) ) ;
#1266 = PERSON_AND_ORGANIZATION_ROLE ( 'creator' ) ;
#1267 = DIRECTION ( 'NONE',  ( -0.000000000000000000, -0.000000000000000000, -1.000000000000000000 ) ) ;
#1268 = VERTEX_POINT ( 'NONE', #12 ) ;
#1269 = DIRECTION ( 'NONE',  ( -0.000000000000000000, -0.000000000000000000, -1.000000000000000000 ) ) ;
#1270 = PLANE ( 'NONE',  #914 ) ;
#1271 = CYLINDRICAL_SURFACE ( 'NONE', #889, 3.124999999999998224 ) ;
#1272 = CIRCLE ( 'NONE', #1750, 6.499999999999998224 ) ;
#1273 = VERTEX_POINT ( 'NONE', #791 ) ;
#1274 = DIRECTION ( 'NONE',  ( -1.000000000000000000, 0.000000000000000000, 0.000000000000000000 ) ) ;
#1275 = EDGE_CURVE ( 'NONE', #1612, #1796, #998, .T. ) ;
#1276 = FACE_OUTER_BOUND ( 'NONE', #1535, .T. ) ;
#1277 = ORIENTED_EDGE ( 'NONE', *, *, #622, .T. ) ;
#1278 = CARTESIAN_POINT ( 'NONE',  ( -3.124999999999998224, -9.797174393178825657E-16, -2.500000000000000000 ) ) ;
#1279 = ORIENTED_EDGE ( 'NONE', *, *, #2150, .T. ) ;
#1280 = DIRECTION ( 'NONE',  ( -0.000000000000000000, -0.000000000000000000, -1.000000000000000000 ) ) ;
#1281 = CARTESIAN_POINT ( 'NONE',  ( -3.033999999999996255, -9.797174393178825657E-16, 2.500000000000002665 ) ) ;
#1282 = ORIENTED_EDGE ( 'NONE', *, *, #1251, .T. ) ;
#1283 = CARTESIAN_POINT ( 'NONE',  ( 3.124999999999998224, -5.970153145843349319E-16, -2.500000000000000000 ) ) ;
#1284 = FACE_BOUND ( 'NONE', #821, .T. ) ;
#1285 = VERTEX_POINT ( 'NONE', #1654 ) ;
#1286 = ADVANCED_FACE ( 'NONE', ( #1829 ), #1317, .F. ) ;
#1287 = DIRECTION ( 'NONE',  ( -0.000000000000000000, -0.000000000000000000, -1.000000000000000000 ) ) ;
#1288 = ORIENTED_EDGE ( 'NONE', *, *, #517, .T. ) ;
#1289 = CARTESIAN_POINT ( 'NONE',  ( -3.033999999999997144, -6.025874575204554198E-16, -2.500000000000001332 ) ) ;
#1290 = DIRECTION ( 'NONE',  ( -1.000000000000000000, 0.000000000000000000, 0.000000000000000000 ) ) ;
#1291 = AXIS2_PLACEMENT_3D ( 'NONE', #1653, #764, #21 ) ;
#1292 = DIRECTION ( 'NONE',  ( -0.000000000000000000, -0.000000000000000000, -1.000000000000000000 ) ) ;
#1293 = CIRCLE ( 'NONE', #186, 5.749999999999997335 ) ;
#1294 = AXIS2_PLACEMENT_3D ( 'NONE', #1037, #1027, #2301 ) ;
#1295 = AXIS2_PLACEMENT_3D ( 'NONE', #46, #430, #1149 ) ;
#1296 = DIRECTION ( 'NONE',  ( 0.000000000000000000, 0.000000000000000000, -1.000000000000000000 ) ) ;
#1297 = CIRCLE ( 'NONE', #6, 3.124999999999998224 ) ;
#1298 = AXIS2_PLACEMENT_3D ( 'NONE', #1467, #572, #1136 ) ;
#1299 = CARTESIAN_POINT ( 'NONE',  ( 5.749999999999996447, -2.755455298081548229E-16, -2.408999999999996255 ) ) ;
#1300 = ORIENTED_EDGE ( 'NONE', *, *, #2017, .F. ) ;
#1301 = CARTESIAN_POINT ( 'NONE',  ( -5.749999999999996447, -9.797174393178825657E-16, -0.8706140074682939822 ) ) ;
#1302 = ORIENTED_EDGE ( 'NONE', *, *, #2299, .F. ) ;
#1303 = CYLINDRICAL_SURFACE ( 'NONE', #609, 3.203749999999998099 ) ;
#1304 = DIRECTION ( 'NONE',  ( -0.000000000000000000, -0.000000000000000000, -1.000000000000000000 ) ) ;
#1305 = EDGE_CURVE ( 'NONE', #1712, #1268, #1421, .T. ) ;
#1306 = CARTESIAN_POINT ( 'NONE',  ( 0.000000000000000000, -9.797174393178825657E-16, 2.409000000000000252 ) ) ;
#1307 = CIRCLE ( 'NONE', #930, 3.124999999999998224 ) ;
#1308 = AXIS2_PLACEMENT_3D ( 'NONE', #611, #591, #1313 ) ;
#1309 = DIRECTION ( 'NONE',  ( -0.000000000000000000, -0.000000000000000000, -1.000000000000000000 ) ) ;
#1310 = AXIS2_PLACEMENT_3D ( 'NONE', #1432, #1790, #188 ) ;
#1311 = CARTESIAN_POINT ( 'NONE',  ( 0.000000000000000000, -9.797174393178825657E-16, 2.500000000000002665 ) ) ;
#1312 = ORIENTED_EDGE ( 'NONE', *, *, #103, .T. ) ;
#1313 = DIRECTION ( 'NONE',  ( 1.000000000000000000, 0.000000000000000000, 0.000000000000000000 ) ) ;
#1314 = EDGE_LOOP ( 'NONE', ( #2121, #1401, #1726, #2263 ) ) ;
#1315 = FACE_OUTER_BOUND ( 'NONE', #1409, .T. ) ;
#1316 = DIRECTION ( 'NONE',  ( -1.000000000000000000, 0.000000000000000000, 0.000000000000000000 ) ) ;
#1317 = CONICAL_SURFACE ( 'NONE', #44, 5.749999999999996447, 0.7853981633974530530 ) ;
#1318 = FACE_OUTER_BOUND ( 'NONE', #2053, .T. ) ;
#1319 = ADVANCED_FACE ( 'NONE', ( #1284, #588 ), #1495, .F. ) ;
#1320 = CYLINDRICAL_SURFACE ( 'NONE', #1298, 5.749999999999996447 ) ;
#1321 = DIRECTION ( 'NONE',  ( -1.000000000000000000, 0.000000000000000000, 0.000000000000000000 ) ) ;
#1322 = ORIENTED_EDGE ( 'NONE', *, *, #2344, .T. ) ;
#1323 = LINE ( 'NONE', #1486, #1377 ) ;
#1324 = ORIENTED_EDGE ( 'NONE', *, *, #852, .T. ) ;
#1325 = FACE_OUTER_BOUND ( 'NONE', #1679, .T. ) ;
#1326 = PLANE ( 'NONE',  #303 ) ;
#1327 = FACE_OUTER_BOUND ( 'NONE', #246, .T. ) ;
#1328 = EDGE_CURVE ( 'NONE', #320, #1724, #1459, .T. ) ;
#1329 = VECTOR ( 'NONE', #1882, 1000.000000000000114 ) ;
#1330 = CONICAL_SURFACE ( 'NONE', #769, 3.033999999999997144, 0.7853981633974437271 ) ;
#1331 = DIRECTION ( 'NONE',  ( -0.000000000000000000, -0.000000000000000000, -1.000000000000000000 ) ) ;
#1332 = VERTEX_POINT ( 'NONE', #1299 ) ;
#1333 = PRODUCT_DEFINITION_FORMATION_WITH_SPECIFIED_SOURCE ( 'ANY', '', #1894, .NOT_KNOWN. ) ;
#1334 = AXIS2_PLACEMENT_3D ( 'NONE', #620, #630, #1354 ) ;
#1335 = VECTOR ( 'NONE', #30, 1000.000000000000000 ) ;
#1336 = CARTESIAN_POINT ( 'NONE',  ( -5.671249999999997016, -9.797174393178825657E-16, 2.409000000000000252 ) ) ;
#1337 = ORIENTED_EDGE ( 'NONE', *, *, #2265, .T. ) ;
#1338 = FACE_OUTER_BOUND ( 'NONE', #1700, .T. ) ;
#1339 = DIRECTION ( 'NONE',  ( -1.000000000000000000, 0.000000000000000000, 0.000000000000000000 ) ) ;
#1340 = ORIENTED_EDGE ( 'NONE', *, *, #1305, .F. ) ;
#1341 = CYLINDRICAL_SURFACE ( 'NONE', #299, 3.203749999999998099 ) ;
#1342 = DIRECTION ( 'NONE',  ( 0.000000000000000000, -1.000000000000000000, 0.000000000000000000 ) ) ;
#1343 = CARTESIAN_POINT ( 'NONE',  ( 3.203749999999998099, -5.817990781049286922E-16, -2.409000000000000252 ) ) ;
#1344 = ORIENTED_EDGE ( 'NONE', *, *, #290, .F. ) ;
#1345 = CIRCLE ( 'NONE', #165, 1.574999999999999734 ) ;
#1346 = EDGE_CURVE ( 'NONE', #641, #1360, #1479, .T. ) ;
#1347 = DIRECTION ( 'NONE',  ( -0.000000000000000000, -0.000000000000000000, -1.000000000000000000 ) ) ;
#1348 = EDGE_CURVE ( 'NONE', #330, #1914, #1936, .T. ) ;
#1349 = ORIENTED_EDGE ( 'NONE', *, *, #22, .T. ) ;
#1350 = DIRECTION ( 'NONE',  ( -0.000000000000000000, -0.000000000000000000, -1.000000000000000000 ) ) ;
#1351 = EDGE_LOOP ( 'NONE', ( #139, #438, #1731, #2220 ) ) ;
#1352 = DIRECTION ( 'NONE',  ( 0.000000000000000000, 0.000000000000000000, 1.000000000000000000 ) ) ;
#1353 = ADVANCED_FACE ( 'NONE', ( #754 ), #41, .T. ) ;
#1354 = DIRECTION ( 'NONE',  ( 0.000000000000000000, 0.000000000000000000, -1.000000000000000000 ) ) ;
#1355 = EDGE_LOOP ( 'NONE', ( #543, #784 ) ) ;
#1356 = DIRECTION ( 'NONE',  ( 0.7071067811865408004, 0.000000000000000000, 0.7071067811865541231 ) ) ;
#1357 = ORIENTED_EDGE ( 'NONE', *, *, #135, .T. ) ;
#1358 = CARTESIAN_POINT ( 'NONE',  ( 0.000000000000000000, -9.797174393178825657E-16, 2.460625000000003393 ) ) ;
#1359 = EDGE_CURVE ( 'NONE', #2074, #800, #991, .T. ) ;
#1360 = VERTEX_POINT ( 'NONE', #1483 ) ;
#1361 = LINE ( 'NONE', #1028, #2120 ) ;
#1362 = CONICAL_SURFACE ( 'NONE', #338, 3.033999999999997144, 0.7853981633974437271 ) ;
#1363 = DIRECTION ( 'NONE',  ( -1.000000000000000000, -1.224646799147360110E-16, 0.000000000000000000 ) ) ;
#1364 = ORIENTED_EDGE ( 'NONE', *, *, #559, .F. ) ;
#1365 = VECTOR ( 'NONE', #1822, 1000.000000000000000 ) ;
#1366 = AXIS2_PLACEMENT_3D ( 'NONE', #2091, #1387, #1926 ) ;
#1367 = CIRCLE ( 'NONE', #1587, 2.162499999999998757 ) ;
#1368 = DIRECTION ( 'NONE',  ( -0.9749279121818257288, -0.2225209339563050115, 0.000000000000000000 ) ) ;
#1369 = ORIENTED_EDGE ( 'NONE', *, *, #1275, .F. ) ;
#1370 =( LENGTH_UNIT ( ) NAMED_UNIT ( * ) SI_UNIT ( .MILLI., .METRE. ) );
#1371 = CLOSED_SHELL ( 'NONE', ( #1511, #1764 ) ) ;
#1372 = VERTEX_POINT ( 'NONE', #2206 ) ;
#1373 = SPHERICAL_SURFACE ( 'NONE', #1743, 1.574999999999999512 ) ;
#1374 = EDGE_CURVE ( 'NONE', #2290, #2182, #1367, .T. ) ;
#1375 = FACE_OUTER_BOUND ( 'NONE', #1589, .T. ) ;
#1376 = ORIENTED_EDGE ( 'NONE', *, *, #1643, .T. ) ;
#1377 = VECTOR ( 'NONE', #937, 1000.000000000000114 ) ;
#1378 = CARTESIAN_POINT ( 'NONE',  ( 0.000000000000000000, -3.124999999999999112, 2.500000000000002665 ) ) ;
#1379 = ORIENTED_EDGE ( 'NONE', *, *, #2094, .F. ) ;
#1380 = ORIENTED_EDGE ( 'NONE', *, *, #629, .F. ) ;
#1381 = CARTESIAN_POINT ( 'NONE',  ( 3.124999999999998224, -5.970153145843348333E-16, 2.409000000000000252 ) ) ;
#1382 = PERSON ( 'UNSPECIFIED', 'UNSPECIFIED', 'UNSPECIFIED', ('UNSPECIFIED'), ('UNSPECIFIED'), ('UNSPECIFIED') ) ;
#1383 = EDGE_CURVE ( 'NONE', #1273, #2090, #2016, .T. ) ;
#1384 = CARTESIAN_POINT ( 'NONE',  ( 0.000000000000000000, -9.797174393178825657E-16, 2.337500000000003020 ) ) ;
#1385 = CARTESIAN_POINT ( 'NONE',  ( 5.749999999999996447, -2.755455298081548229E-16, 2.409000000000000252 ) ) ;
#1386 = ORIENTED_EDGE ( 'NONE', *, *, #911, .T. ) ;
#1387 = DIRECTION ( 'NONE',  ( 1.000000000000000000, 0.000000000000000000, 0.000000000000000000 ) ) ;
#1388 = EDGE_CURVE ( 'NONE', #2079, #1462, #576, .T. ) ;
#1389 = VERTEX_POINT ( 'NONE', #1675 ) ;
#1390 = DIRECTION ( 'NONE',  ( 0.000000000000000000, -1.000000000000000000, 0.000000000000000000 ) ) ;
#1391 = DIRECTION ( 'NONE',  ( -0.000000000000000000, -0.000000000000000000, -1.000000000000000000 ) ) ;
#1392 = CARTESIAN_POINT ( 'NONE',  ( -3.294750000000003620, -5.762269351688079085E-16, 2.500000000000002665 ) ) ;
#1393 = EDGE_CURVE ( 'NONE', #641, #1360, #615, .T. ) ;
#1394 = CIRCLE ( 'NONE', #1774, 5.840999999999998415 ) ;
#1395 = LINE ( 'NONE', #1054, #535 ) ;
#1396 = AXIS2_PLACEMENT_3D ( 'NONE', #461, #1352, #1193 ) ;
#1397 = EDGE_LOOP ( 'NONE', ( #1720, #2250, #386, #599 ) ) ;
#1398 = MECHANICAL_CONTEXT ( 'NONE', #946, 'mechanical' ) ;
#1399 = TOROIDAL_SURFACE ( 'NONE', #265, 6.369999999999998330, 0.1300000000000000044 ) ;
#1400 = AXIS2_PLACEMENT_3D ( 'NONE', #670, #2307, #685 ) ;
#1401 = ORIENTED_EDGE ( 'NONE', *, *, #2260, .T. ) ;
#1402 = DIRECTION ( 'NONE',  ( -0.000000000000000000, -0.000000000000000000, -1.000000000000000000 ) ) ;
#1403 = DIRECTION ( 'NONE',  ( 1.000000000000000000, 0.000000000000000000, -0.000000000000000000 ) ) ;
#1404 = CIRCLE ( 'NONE', #340, 3.124999999999998224 ) ;
#1405 = DIRECTION ( 'NONE',  ( -1.000000000000000000, 0.000000000000000000, 0.000000000000000000 ) ) ;
#1406 = DIRECTION ( 'NONE',  ( -1.224646799147353207E-16, 1.000000000000000000, 0.000000000000000000 ) ) ;
#1407 = ADVANCED_FACE ( 'NONE', ( #1864 ), #234, .F. ) ;
#1408 = DIRECTION ( 'NONE',  ( -0.000000000000000000, -0.000000000000000000, -1.000000000000000000 ) ) ;
#1409 = EDGE_LOOP ( 'NONE', ( #1741, #280 ) ) ;
#1410 = AXIS2_PLACEMENT_3D ( 'NONE', #8, #518, #682 ) ;
#1411 = DATE_AND_TIME ( #554, #1111 ) ;
#1412 = CIRCLE ( 'NONE', #743, 5.749999999999996447 ) ;
#1413 = EDGE_CURVE ( 'NONE', #1268, #526, #58, .T. ) ;
#1414 = DIRECTION ( 'NONE',  ( 0.000000000000000000, 0.000000000000000000, 1.000000000000000000 ) ) ;
#1415 = EDGE_LOOP ( 'NONE', ( #1890, #2300 ) ) ;
#1416 = LINE ( 'NONE', #1077, #766 ) ;
#1417 = CARTESIAN_POINT ( 'NONE',  ( 0.000000000000000000, -5.749999999999998224, 2.500000000000002220 ) ) ;
#1418 = FACE_OUTER_BOUND ( 'NONE', #1771, .T. ) ;
#1419 = ORIENTED_EDGE ( 'NONE', *, *, #1883, .F. ) ;
#1420 = CARTESIAN_POINT ( 'NONE',  ( -3.124999999999998224, -9.797174393178825657E-16, -2.500000000000000000 ) ) ;
#1421 = CIRCLE ( 'NONE', #23, 3.124999999999998224 ) ;
#1422 = FACE_OUTER_BOUND ( 'NONE', #361, .T. ) ;
#1423 = ORIENTED_EDGE ( 'NONE', *, *, #2066, .F. ) ;
#1424 = CARTESIAN_POINT ( 'NONE',  ( 0.000000000000000000, -9.797174393178825657E-16, 2.409000000000000252 ) ) ;
#1425 = EDGE_LOOP ( 'NONE', ( #1472, #131, #2004, #1002 ) ) ;
#1426 = DIRECTION ( 'NONE',  ( -1.000000000000000000, 0.000000000000000000, 0.000000000000000000 ) ) ;
#1427 = DIRECTION ( 'NONE',  ( -0.000000000000000000, -0.000000000000000000, -1.000000000000000000 ) ) ;
#1428 = EDGE_CURVE ( 'NONE', #621, #1695, #2239, .T. ) ;
#1429 = CARTESIAN_POINT ( 'NONE',  ( 0.000000000000000000, -9.797174393178825657E-16, -2.409000000000000252 ) ) ;
#1430 = ORIENTED_EDGE ( 'NONE', *, *, #1124, .F. ) ;
#1431 = CARTESIAN_POINT ( 'NONE',  ( 5.749999999999996447, -2.755455298081548229E-16, -2.500000000000000000 ) ) ;
#1432 = CARTESIAN_POINT ( 'NONE',  ( 0.000000000000000000, -9.797174393178825657E-16, -2.499999999999996891 ) ) ;
#1433 = ORIENTED_EDGE ( 'NONE', *, *, #1992, .T. ) ;
#1434 = PERSON_AND_ORGANIZATION ( #1382, #1586 ) ;
#1435 = AXIS2_PLACEMENT_3D ( 'NONE', #321, #1048, #2254 ) ;
#1436 = CARTESIAN_POINT ( 'NONE',  ( 0.000000000000000000, -9.797174393178825657E-16, 2.409000000000000252 ) ) ;
#1437 = ORIENTED_EDGE ( 'NONE', *, *, #1921, .F. ) ;
#1438 = CARTESIAN_POINT ( 'NONE',  ( 0.000000000000000000, -9.797174393178825657E-16, 2.409000000000002029 ) ) ;
#1439 = DIRECTION ( 'NONE',  ( -0.000000000000000000, -0.000000000000000000, -1.000000000000000000 ) ) ;
#1440 = AXIS2_PLACEMENT_3D ( 'NONE', #208, #626, #73 ) ;
#1441 = APPROVAL ( #884, 'UNSPECIFIED' ) ;
#1442 = EDGE_CURVE ( 'NONE', #747, #1171, #388, .T. ) ;
#1443 = TOROIDAL_SURFACE ( 'NONE', #809, 4.437499999999998224, 1.574999999999999512 ) ;
#1444 = VERTEX_POINT ( 'NONE', #2278 ) ;
#1445 = CARTESIAN_POINT ( 'NONE',  ( 2.162499999999998757, -7.148875690022676698E-16, 2.337500000000003020 ) ) ;
#1446 = CARTESIAN_POINT ( 'NONE',  ( 0.000000000000000000, -9.797174393178825657E-16, 2.500000000000002665 ) ) ;
#1447 = ORIENTED_EDGE ( 'NONE', *, *, #2125, .T. ) ;
#1448 = APPROVAL_STATUS ( 'not_yet_approved' ) ;
#1449 = DIRECTION ( 'NONE',  ( -1.000000000000000000, 0.000000000000000000, 0.000000000000000000 ) ) ;
#1450 = EDGE_LOOP ( 'NONE', ( #848, #1903 ) ) ;
#1451 = DIRECTION ( 'NONE',  ( -0.6234898018587431423, -0.7818314824680221431, -1.224646799147353207E-16 ) ) ;
#1452 = PLANE ( 'NONE',  #1147 ) ;
#1453 = AXIS2_PLACEMENT_3D ( 'NONE', #1436, #1461, #15 ) ;
#1454 = DIRECTION ( 'NONE',  ( 0.000000000000000000, 0.000000000000000000, 1.000000000000000000 ) ) ;
#1455 = AXIS2_PLACEMENT_3D ( 'NONE', #1765, #140, #1239 ) ;
#1456 = EDGE_LOOP ( 'NONE', ( #1118, #1150 ) ) ;
#1457 = FACE_OUTER_BOUND ( 'NONE', #2245, .T. ) ;
#1458 = ADVANCED_FACE ( 'NONE', ( #2288 ), #390, .T. ) ;
#1459 = LINE ( 'NONE', #2052, #152 ) ;
#1460 = ORIENTED_EDGE ( 'NONE', *, *, #53, .T. ) ;
#1461 = DIRECTION ( 'NONE',  ( -0.000000000000000000, -0.000000000000000000, -1.000000000000000000 ) ) ;
#1462 = VERTEX_POINT ( 'NONE', #1537 ) ;
#1463 = CARTESIAN_POINT ( 'NONE',  ( 5.840999999999998415, -2.644012439359137485E-16, -2.499999999999996891 ) ) ;
#1464 = DIRECTION ( 'NONE',  ( 0.000000000000000000, 0.000000000000000000, -1.000000000000000000 ) ) ;
#1465 = EDGE_CURVE ( 'NONE', #258, #163, #1187, .T. ) ;
#1466 = DIRECTION ( 'NONE',  ( 0.7071067811865441310, 0.000000000000000000, 0.7071067811865507924 ) ) ;
#1467 = CARTESIAN_POINT ( 'NONE',  ( 0.000000000000000000, -9.797174393178825657E-16, -2.500000000000000000 ) ) ;
#1468 = DIRECTION ( 'NONE',  ( 0.000000000000000000, 0.000000000000000000, -1.000000000000000000 ) ) ;
#1469 = EDGE_CURVE ( 'NONE', #1444, #621, #1931, .T. ) ;
#1470 = EDGE_LOOP ( 'NONE', ( #1083, #1565, #1491, #1090 ) ) ;
#1471 = DIRECTION ( 'NONE',  ( -0.000000000000000000, -0.000000000000000000, -1.000000000000000000 ) ) ;
#1472 = ORIENTED_EDGE ( 'NONE', *, *, #629, .T. ) ;
#1473 = CARTESIAN_POINT ( 'NONE',  ( 6.369999999999998330, -9.797174393178825657E-16, -2.499999999999996891 ) ) ;
#1474 = FACE_OUTER_BOUND ( 'NONE', #206, .T. ) ;
#1475 = VECTOR ( 'NONE', #585, 999.9999999999998863 ) ;
#1476 = ORIENTED_EDGE ( 'NONE', *, *, #2243, .T. ) ;
#1477 = CIRCLE ( 'NONE', #1704, 0.03937499999999991007 ) ;
#1478 = TOROIDAL_SURFACE ( 'NONE', #2238, 6.369999999999998330, 0.1300000000000000044 ) ;
#1479 = CIRCLE ( 'NONE', #683, 1.574999999999999512 ) ;
#1480 = DIRECTION ( 'NONE',  ( -1.000000000000000000, 0.000000000000000000, 0.000000000000000000 ) ) ;
#1481 = AXIS2_PLACEMENT_3D ( 'NONE', #2292, #1161, #2316 ) ;
#1482 = CONICAL_SURFACE ( 'NONE', #2087, 5.749999999999996447, 0.7853981633974530530 ) ;
#1483 = CARTESIAN_POINT ( 'NONE',  ( 1.241992203224030034, 2.579023384370664473, -9.644093543285404257E-17 ) ) ;
#1484 = ORIENTED_EDGE ( 'NONE', *, *, #2224, .F. ) ;
#1485 = ADVANCED_FACE ( 'NONE', ( #1889 ), #2202, .F. ) ;
#1486 = CARTESIAN_POINT ( 'NONE',  ( -3.124999999999998224, -9.797174393178825657E-16, 2.409000000000002029 ) ) ;
#1487 = VERTEX_POINT ( 'NONE', #255 ) ;
#1488 = DIRECTION ( 'NONE',  ( -0.000000000000000000, -0.000000000000000000, -1.000000000000000000 ) ) ;
#1489 = DIRECTION ( 'NONE',  ( -1.000000000000000000, 0.000000000000000000, 0.000000000000000000 ) ) ;
#1490 = EDGE_CURVE ( 'NONE', #1487, #1189, #1862, .T. ) ;
#1491 = ORIENTED_EDGE ( 'NONE', *, *, #1921, .T. ) ;
#1492 = ORIENTED_EDGE ( 'NONE', *, *, #1246, .T. ) ;
#1493 = DIRECTION ( 'NONE',  ( -0.000000000000000000, -0.000000000000000000, -1.000000000000000000 ) ) ;
#1494 = EDGE_CURVE ( 'NONE', #1285, #1389, #918, .T. ) ;
#1495 = PLANE ( 'NONE',  #266 ) ;
#1496 = ORIENTED_EDGE ( 'NONE', *, *, #1569, .T. ) ;
#1497 = CARTESIAN_POINT ( 'NONE',  ( 0.000000000000000000, -8.673617379884035472E-16, -0.8706140074682919838 ) ) ;
#1498 = VERTEX_POINT ( 'NONE', #1010 ) ;
#1499 = CARTESIAN_POINT ( 'NONE',  ( 4.437499999999998224, -3.239247208667657849E-16, 0.000000000000000000 ) ) ;
#1500 = CARTESIAN_POINT ( 'NONE',  ( 0.000000000000000000, -9.797174393178825657E-16, -2.500000000000000000 ) ) ;
#1501 = DIRECTION ( 'NONE',  ( -0.000000000000000000, -0.000000000000000000, -1.000000000000000000 ) ) ;
#1502 = ADVANCED_FACE ( 'NONE', ( #1212 ), #650, .F. ) ;
#1503 = CARTESIAN_POINT ( 'NONE',  ( 3.203749999999998099, -9.797174393178825657E-16, 2.409000000000000252 ) ) ;
#1504 = CYLINDRICAL_SURFACE ( 'NONE', #1828, 3.203749999999998099 ) ;
#1505 = ORIENTED_EDGE ( 'NONE', *, *, #1733, .T. ) ;
#1506 = DIRECTION ( 'NONE',  ( -0.000000000000000000, -0.000000000000000000, -1.000000000000000000 ) ) ;
#1507 = ORIENTED_EDGE ( 'NONE', *, *, #508, .T. ) ;
#1508 = FACE_OUTER_BOUND ( 'NONE', #423, .T. ) ;
#1509 = DIRECTION ( 'NONE',  ( 1.000000000000000000, 0.000000000000000000, 0.000000000000000000 ) ) ;
#1510 = ORIENTED_EDGE ( 'NONE', *, *, #203, .T. ) ;
#1511 = ADVANCED_FACE ( 'NONE', ( #977 ), #2256, .T. ) ;
#1512 = CIRCLE ( 'NONE', #838, 3.124999999999998224 ) ;
#1513 = AXIS2_PLACEMENT_3D ( 'NONE', #1680, #2232, #1689 ) ;
#1514 = CARTESIAN_POINT ( 'NONE',  ( 0.000000000000000000, -8.673617379884035472E-16, -0.8706140074682919838 ) ) ;
#1515 = DIRECTION ( 'NONE',  ( -1.000000000000000000, 0.000000000000000000, 0.000000000000000000 ) ) ;
#1516 = CLOSED_SHELL ( 'NONE', ( #278, #577, #1954, #2190, #331, #496, #162 ) ) ;
#1517 = ORIENTED_EDGE ( 'NONE', *, *, #928, .F. ) ;
#1518 = VECTOR ( 'NONE', #1557, 1000.000000000000114 ) ;
#1519 = CIRCLE ( 'NONE', #728, 3.294750000000003620 ) ;
#1520 = FACE_OUTER_BOUND ( 'NONE', #755, .T. ) ;
#1521 = EDGE_LOOP ( 'NONE', ( #983, #713 ) ) ;
#1522 = DIRECTION ( 'NONE',  ( -0.000000000000000000, -0.000000000000000000, -1.000000000000000000 ) ) ;
#1523 = CARTESIAN_POINT ( 'NONE',  ( -3.124999999999998224, -9.797174393178825657E-16, -2.409000000000000252 ) ) ;
#1524 = ORIENTED_EDGE ( 'NONE', *, *, #943, .T. ) ;
#1525 = DIRECTION ( 'NONE',  ( -0.000000000000000000, -0.000000000000000000, -1.000000000000000000 ) ) ;
#1526 = DIRECTION ( 'NONE',  ( -0.000000000000000000, -0.000000000000000000, -1.000000000000000000 ) ) ;
#1527 = AXIS2_PLACEMENT_3D ( 'NONE', #1988, #364, #869 ) ;
#1528 = EDGE_LOOP ( 'NONE', ( #815, #989, #444, #2193 ) ) ;
#1529 = CIRCLE ( 'NONE', #1649, 3.033999999999997144 ) ;
#1530 = EDGE_CURVE ( 'NONE', #2065, #951, #1018, .T. ) ;
#1531 = CIRCLE ( 'NONE', #1127, 3.124999999999998224 ) ;
#1532 = DIRECTION ( 'NONE',  ( 1.000000000000000000, 0.000000000000000000, 0.000000000000000000 ) ) ;
#1533 = ORIENTED_EDGE ( 'NONE', *, *, #1843, .T. ) ;
#1534 = DIRECTION ( 'NONE',  ( -0.000000000000000000, -0.000000000000000000, -1.000000000000000000 ) ) ;
#1535 = EDGE_LOOP ( 'NONE', ( #624, #811, #1460, #50 ) ) ;
#1536 = CARTESIAN_POINT ( 'NONE',  ( -1.925359092334139266, 3.998049351316995459, 0.000000000000000000 ) ) ;
#1537 = CARTESIAN_POINT ( 'NONE',  ( -5.671249999999997016, -2.851896233514402789E-16, -2.409000000000000252 ) ) ;
#1538 = EDGE_LOOP ( 'NONE', ( #2076, #2215, #2281, #89 ) ) ;
#1539 = ADVANCED_FACE ( 'NONE', ( #1694 ), #1065, .T. ) ;
#1540 = CARTESIAN_POINT ( 'NONE',  ( 6.499999999999998224, -1.836970198721031413E-16, -2.369999999999996998 ) ) ;
#1541 = ORIENTED_EDGE ( 'NONE', *, *, #1757, .F. ) ;
#1542 = FACE_OUTER_BOUND ( 'NONE', #1177, .T. ) ;
#1543 = VERTEX_POINT ( 'NONE', #1184 ) ;
#1544 = CARTESIAN_POINT ( 'NONE',  ( 0.000000000000000000, -3.294750000000004064, 2.500000000000002220 ) ) ;
#1545 = AXIS2_PLACEMENT_3D ( 'NONE', #1236, #2336, #1069 ) ;
#1546 = DIRECTION ( 'NONE',  ( -1.224646799147353207E-16, 1.000000000000000000, 0.000000000000000000 ) ) ;
#1547 = VERTEX_POINT ( 'NONE', #1343 ) ;
#1548 = AXIS2_PLACEMENT_3D ( 'NONE', #1049, #1427, #1078 ) ;
#1549 = CIRCLE ( 'NONE', #75, 3.203749999999998099 ) ;
#1550 = CIRCLE ( 'NONE', #1152, 1.574999999999999512 ) ;
#1551 = DIRECTION ( 'NONE',  ( -0.000000000000000000, -0.000000000000000000, -1.000000000000000000 ) ) ;
#1552 = ORIENTED_EDGE ( 'NONE', *, *, #1923, .F. ) ;
#1553 = CARTESIAN_POINT ( 'NONE',  ( 0.000000000000000000, -9.797174393178825657E-16, -2.500000000000001332 ) ) ;
#1554 = ORIENTED_EDGE ( 'NONE', *, *, #804, .F. ) ;
#1555 = DIRECTION ( 'NONE',  ( 0.000000000000000000, 0.000000000000000000, -1.000000000000000000 ) ) ;
#1556 = ADVANCED_FACE ( 'NONE', ( #1902 ), #1707, .T. ) ;
#1557 = DIRECTION ( 'NONE',  ( -0.7071067811865441310, 8.659560562354892183E-17, 0.7071067811865507924 ) ) ;
#1558 = AXIS2_PLACEMENT_3D ( 'NONE', #717, #2340, #332 ) ;
#1559 = ADVANCED_FACE ( 'NONE', ( #1375 ), #1260, .T. ) ;
#1560 = CIRCLE ( 'NONE', #1041, 5.749999999999997335 ) ;
#1561 = LINE ( 'NONE', #1013, #276 ) ;
#1562 = ORIENTED_EDGE ( 'NONE', *, *, #931, .T. ) ;
#1563 =( NAMED_UNIT ( * ) SI_UNIT ( $, .STERADIAN. ) SOLID_ANGLE_UNIT ( ) );
#1564 = CIRCLE ( 'NONE', #1721, 3.203749999999998099 ) ;
#1565 = ORIENTED_EDGE ( 'NONE', *, *, #1665, .F. ) ;
#1566 = FACE_OUTER_BOUND ( 'NONE', #938, .T. ) ;
#1567 = DIRECTION ( 'NONE',  ( -0.000000000000000000, 0.000000000000000000, -1.000000000000000000 ) ) ;
#1568 = ADVANCED_FACE ( 'NONE', ( #1708, #2085 ), #2097, .F. ) ;
#1569 = EDGE_CURVE ( 'NONE', #163, #258, #231, .T. ) ;
#1570 = CARTESIAN_POINT ( 'NONE',  ( -5.749999999999996447, -9.797174393178825657E-16, -2.500000000000000000 ) ) ;
#1571 = DIRECTION ( 'NONE',  ( -0.000000000000000000, -0.000000000000000000, -1.000000000000000000 ) ) ;
#1572 = ORIENTED_EDGE ( 'NONE', *, *, #2328, .F. ) ;
#1573 = DIRECTION ( 'NONE',  ( 0.7071067811865507924, 8.659560562354973534E-17, -0.7071067811865441310 ) ) ;
#1574 = EDGE_LOOP ( 'NONE', ( #1541, #824, #1312, #1277 ) ) ;
#1575 = DIRECTION ( 'NONE',  ( 1.000000000000000000, 0.000000000000000000, 0.000000000000000000 ) ) ;
#1576 = DIRECTION ( 'NONE',  ( 0.000000000000000000, 0.000000000000000000, -1.000000000000000000 ) ) ;
#1577 = CYLINDRICAL_SURFACE ( 'NONE', #202, 6.499999999999998224 ) ;
#1578 = EDGE_CURVE ( 'NONE', #2086, #2106, #1550, .T. ) ;
#1579 = ADVANCED_FACE ( 'NONE', ( #314 ), #1443, .F. ) ;
#1580 = AXIS2_PLACEMENT_3D ( 'NONE', #2101, #1390, #121 ) ;
#1581 = FACE_OUTER_BOUND ( 'NONE', #1574, .T. ) ;
#1582 = CIRCLE ( 'NONE', #421, 3.124999999999998224 ) ;
#1583 = ORIENTED_EDGE ( 'NONE', *, *, #300, .T. ) ;
#1584 = AXIS2_PLACEMENT_3D ( 'NONE', #1094, #705, #1426 ) ;
#1585 = PERSON_AND_ORGANIZATION ( #1382, #1586 ) ;
#1586 = ORGANIZATION ( 'UNSPECIFIED', 'UNSPECIFIED', '' ) ;
#1587 = AXIS2_PLACEMENT_3D ( 'NONE', #1311, #780, #1138 ) ;
#1588 = DIRECTION ( 'NONE',  ( 0.000000000000000000, 0.000000000000000000, 1.000000000000000000 ) ) ;
#1589 = EDGE_LOOP ( 'NONE', ( #2100, #2185, #506, #2107 ) ) ;
#1590 = CARTESIAN_POINT ( 'NONE',  ( -5.580249999999995936, -9.797174393178825657E-16, 2.500000000000002665 ) ) ;
#1591 = CLOSED_SHELL ( 'NONE', ( #680, #124 ) ) ;
#1592 = DIRECTION ( 'NONE',  ( -0.000000000000000000, -0.000000000000000000, -1.000000000000000000 ) ) ;
#1593 = AXIS2_PLACEMENT_3D ( 'NONE', #790, #1674, #31 ) ;
#1594 = DIRECTION ( 'NONE',  ( -0.000000000000000000, -0.000000000000000000, -1.000000000000000000 ) ) ;
#1595 = EDGE_LOOP ( 'NONE', ( #1288, #1476 ) ) ;
#1596 = DIRECTION ( 'NONE',  ( 0.000000000000000000, 0.000000000000000000, 1.000000000000000000 ) ) ;
#1597 = DIRECTION ( 'NONE',  ( -1.000000000000000000, 0.000000000000000000, 0.000000000000000000 ) ) ;
#1598 = ADVANCED_FACE ( 'NONE', ( #1247 ), #1087, .T. ) ;
#1599 = ORIENTED_EDGE ( 'NONE', *, *, #1530, .F. ) ;
#1600 = PERSON_AND_ORGANIZATION ( #1382, #1586 ) ;
#1601 = CIRCLE ( 'NONE', #2214, 3.124999999999998224 ) ;
#1602 = DIRECTION ( 'NONE',  ( -1.224646799147353207E-16, 1.000000000000000000, 0.000000000000000000 ) ) ;
#1603 = ORIENTED_EDGE ( 'NONE', *, *, #825, .T. ) ;
#1604 = CYLINDRICAL_SURFACE ( 'NONE', #802, 1.999999999999998668 ) ;
#1605 = DIRECTION ( 'NONE',  ( 1.000000000000000000, 0.000000000000000000, 0.000000000000000000 ) ) ;
#1606 = DIRECTION ( 'NONE',  ( -0.000000000000000000, -0.000000000000000000, -1.000000000000000000 ) ) ;
#1607 = ORIENTED_EDGE ( 'NONE', *, *, #1812, .T. ) ;
#1608 = EDGE_CURVE ( 'NONE', #2071, #514, #509, .T. ) ;
#1609 = EDGE_CURVE ( 'NONE', #1076, #514, #727, .T. ) ;
#1610 = SPHERICAL_SURFACE ( 'NONE', #987, 1.574999999999999512 ) ;
#1611 = CARTESIAN_POINT ( 'NONE',  ( 0.000000000000000000, -9.797174393178825657E-16, 2.409000000000000252 ) ) ;
#1612 = VERTEX_POINT ( 'NONE', #1968 ) ;
#1613 = APPROVAL_ROLE ( '' ) ;
#1614 = CC_DESIGN_PERSON_AND_ORGANIZATION_ASSIGNMENT ( #348, #866, ( #1894 ) ) ;
#1615 = CARTESIAN_POINT ( 'NONE',  ( 0.000000000000000000, -8.673617379884035472E-16, 0.8706140074682939822 ) ) ;
#1616 = ORIENTED_EDGE ( 'NONE', *, *, #1837, .F. ) ;
#1617 = DIRECTION ( 'NONE',  ( -1.000000000000000000, -1.224646799147353454E-16, 0.000000000000000000 ) ) ;
#1618 = CARTESIAN_POINT ( 'NONE',  ( -3.124999999999998224, -9.797174393178825657E-16, 2.409000000000000252 ) ) ;
#1619 = FACE_OUTER_BOUND ( 'NONE', #1470, .T. ) ;
#1620 = ORIENTED_EDGE ( 'NONE', *, *, #1007, .F. ) ;
#1621 = DIRECTION ( 'NONE',  ( -0.000000000000000000, -0.000000000000000000, -1.000000000000000000 ) ) ;
#1622 = DIRECTION ( 'NONE',  ( 0.000000000000000000, 0.000000000000000000, -1.000000000000000000 ) ) ;
#1623 = ORIENTED_EDGE ( 'NONE', *, *, #2229, .F. ) ;
#1624 = CALENDAR_DATE ( 2026, 18, 1 ) ;
#1625 = CIRCLE ( 'NONE', #679, 5.749999999999997335 ) ;
#1626 = DIRECTION ( 'NONE',  ( -1.000000000000000000, 0.000000000000000000, 0.000000000000000000 ) ) ;
#1627 = VERTEX_POINT ( 'NONE', #151 ) ;
#1628 = DIRECTION ( 'NONE',  ( -1.000000000000000000, 0.000000000000000000, 0.000000000000000000 ) ) ;
#1629 = LINE ( 'NONE', #2175, #1365 ) ;
#1630 = APPROVAL ( #1448, 'UNSPECIFIED' ) ;
#1631 = CIRCLE ( 'NONE', #1396, 1.999999999999998668 ) ;
#1632 = LOCAL_TIME ( 16, 26, 40.00000000000000000, #2327 ) ;
#1633 = CIRCLE ( 'NONE', #1113, 3.203749999999998099 ) ;
#1634 = DIRECTION ( 'NONE',  ( -1.000000000000000000, 0.000000000000000000, 0.000000000000000000 ) ) ;
#1635 = AXIS2_PLACEMENT_3D ( 'NONE', #1205, #845, #475 ) ;
#1636 = ORIENTED_EDGE ( 'NONE', *, *, #2328, .T. ) ;
#1637 = EDGE_CURVE ( 'NONE', #1808, #739, #536, .T. ) ;
#1638 = CIRCLE ( 'NONE', #2242, 6.499999999999998224 ) ;
#1639 = CYLINDRICAL_SURFACE ( 'NONE', #154, 3.124999999999998224 ) ;
#1640 = DIRECTION ( 'NONE',  ( -0.000000000000000000, -0.000000000000000000, -1.000000000000000000 ) ) ;
#1641 = ORIENTED_EDGE ( 'NONE', *, *, #1770, .F. ) ;
#1642 = CALENDAR_DATE ( 2026, 18, 1 ) ;
#1643 = EDGE_CURVE ( 'NONE', #1171, #793, #1030, .T. ) ;
#1644 = CARTESIAN_POINT ( 'NONE',  ( 3.203749999999998099, -5.873712210410494759E-16, 2.409000000000000252 ) ) ;
#1645 = ORIENTED_EDGE ( 'NONE', *, *, #559, .T. ) ;
#1646 = CARTESIAN_POINT ( 'NONE',  ( 0.000000000000000000, -9.797174393178825657E-16, 2.409000000000000252 ) ) ;
#1647 = FACE_OUTER_BOUND ( 'NONE', #2338, .T. ) ;
#1648 = CIRCLE ( 'NONE', #2061, 3.124999999999998224 ) ;
#1649 = AXIS2_PLACEMENT_3D ( 'NONE', #227, #1155, #2246 ) ;
#1650 = ORIENTED_EDGE ( 'NONE', *, *, #250, .T. ) ;
#1651 = AXIS2_PLACEMENT_3D ( 'NONE', #1611, #920, #521 ) ;
#1652 = EDGE_CURVE ( 'NONE', #141, #1273, #1114, .T. ) ;
#1653 = CARTESIAN_POINT ( 'NONE',  ( 0.000000000000000000, -4.437499999999999112, 0.000000000000000000 ) ) ;
#1654 = CARTESIAN_POINT ( 'NONE',  ( 3.203749999999998099, -4.750155197115703588E-16, -2.460625000000003393 ) ) ;
#1655 = VERTEX_POINT ( 'NONE', #1392 ) ;
#1656 = DIRECTION ( 'NONE',  ( -1.000000000000000000, 0.000000000000000000, 0.000000000000000000 ) ) ;
#1657 = ORIENTED_EDGE ( 'NONE', *, *, #474, .F. ) ;
#1658 = CARTESIAN_POINT ( 'NONE',  ( -3.124999999999998224, -9.797174393178825657E-16, 2.409000000000002029 ) ) ;
#1659 = CARTESIAN_POINT ( 'NONE',  ( 0.000000000000000000, -9.797174393178825657E-16, -2.460625000000003393 ) ) ;
#1660 = ORIENTED_EDGE ( 'NONE', *, *, #1759, .T. ) ;
#1661 = CARTESIAN_POINT ( 'NONE',  ( 0.000000000000000000, -9.797174393178825657E-16, -1.574999999999999512 ) ) ;
#1662 = EDGE_CURVE ( 'NONE', #907, #2182, #1702, .T. ) ;
#1663 = DIRECTION ( 'NONE',  ( -0.000000000000000000, -0.000000000000000000, -1.000000000000000000 ) ) ;
#1664 = ORIENTED_EDGE ( 'NONE', *, *, #1081, .F. ) ;
#1665 = EDGE_CURVE ( 'NONE', #173, #141, #642, .T. ) ;
#1666 = CARTESIAN_POINT ( 'NONE',  ( 0.000000000000000000, -9.797174393178825657E-16, -2.500000000000000000 ) ) ;
#1667 = EDGE_LOOP ( 'NONE', ( #1554, #434, #1492, #1650 ) ) ;
#1668 = CARTESIAN_POINT ( 'NONE',  ( 0.000000000000000000, -9.797174393178825657E-16, 2.370000000000002771 ) ) ;
#1669 = CARTESIAN_POINT ( 'NONE',  ( 0.000000000000000000, -9.797174393178825657E-16, -2.409000000000000252 ) ) ;
#1670 = AXIS2_PLACEMENT_3D ( 'NONE', #942, #1995, #1125 ) ;
#1671 = DIRECTION ( 'NONE',  ( -0.000000000000000000, 0.000000000000000000, -1.000000000000000000 ) ) ;
#1672 = AXIS2_PLACEMENT_3D ( 'NONE', #2123, #1592, #1756 ) ;
#1673 = EDGE_CURVE ( 'NONE', #1951, #372, #720, .T. ) ;
#1674 = DIRECTION ( 'NONE',  ( -0.000000000000000000, -0.000000000000000000, -1.000000000000000000 ) ) ;
#1675 = CARTESIAN_POINT ( 'NONE',  ( 3.124999999999998224, -4.798375664832130868E-16, -2.460625000000003393 ) ) ;
#1676 = ORIENTED_EDGE ( 'NONE', *, *, #1643, .F. ) ;
#1677 = ADVANCED_FACE ( 'NONE', ( #2140 ), #1610, .T. ) ;
#1678 = DIRECTION ( 'NONE',  ( -1.000000000000000000, 0.000000000000000000, 0.000000000000000000 ) ) ;
#1679 = EDGE_LOOP ( 'NONE', ( #34, #1376, #601, #1976 ) ) ;
#1680 = CARTESIAN_POINT ( 'NONE',  ( 0.000000000000000000, -3.124999999999998224, -2.500000000000001332 ) ) ;
#1681 = PLANE ( 'NONE',  #1257 ) ;
#1682 = EDGE_LOOP ( 'NONE', ( #501, #655, #1324, #1664 ) ) ;
#1683 = CIRCLE ( 'NONE', #507, 3.203749999999998099 ) ;
#1684 = LINE ( 'NONE', #220, #1475 ) ;
#1685 = DIRECTION ( 'NONE',  ( -1.000000000000000000, 0.000000000000000000, 0.000000000000000000 ) ) ;
#1686 = ORIENTED_EDGE ( 'NONE', *, *, #474, .T. ) ;
#1687 = FACE_OUTER_BOUND ( 'NONE', #256, .T. ) ;
#1688 = ORIENTED_EDGE ( 'NONE', *, *, #2104, .T. ) ;
#1689 = DIRECTION ( 'NONE',  ( 1.000000000000000000, 0.000000000000000000, -0.000000000000000000 ) ) ;
#1690 = CARTESIAN_POINT ( 'NONE',  ( 0.000000000000000000, -9.797174393178825657E-16, -2.409000000000000252 ) ) ;
#1691 = EDGE_CURVE ( 'NONE', #1826, #132, #1106, .T. ) ;
#1692 = DIRECTION ( 'NONE',  ( -0.000000000000000000, -0.000000000000000000, -1.000000000000000000 ) ) ;
#1693 = DIRECTION ( 'NONE',  ( -0.000000000000000000, -0.000000000000000000, -1.000000000000000000 ) ) ;
#1694 = FACE_OUTER_BOUND ( 'NONE', #1209, .T. ) ;
#1695 = VERTEX_POINT ( 'NONE', #905 ) ;
#1696 = DIRECTION ( 'NONE',  ( -1.000000000000000000, 0.000000000000000000, 0.000000000000000000 ) ) ;
#1697 = ORIENTED_EDGE ( 'NONE', *, *, #1888, .T. ) ;
#1698 = DIRECTION ( 'NONE',  ( -0.000000000000000000, -0.000000000000000000, -1.000000000000000000 ) ) ;
#1699 = CARTESIAN_POINT ( 'NONE',  ( 0.000000000000000000, -9.797174393178825657E-16, -2.409000000000000252 ) ) ;
#1700 = EDGE_LOOP ( 'NONE', ( #628, #1447, #1832, #1156 ) ) ;
#1701 = DIRECTION ( 'NONE',  ( -0.000000000000000000, -0.000000000000000000, 1.000000000000000000 ) ) ;
#1702 = CIRCLE ( 'NONE', #1183, 0.1624999999999998945 ) ;
#1703 = EDGE_CURVE ( 'NONE', #621, #1826, #2203, .T. ) ;
#1704 = AXIS2_PLACEMENT_3D ( 'NONE', #794, #2026, #1464 ) ;
#1705 = CIRCLE ( 'NONE', #2082, 6.499999999999998224 ) ;
#1706 = CARTESIAN_POINT ( 'NONE',  ( -6.369999999999998330, -9.797174393178825657E-16, 2.370000000000002771 ) ) ;
#1707 = CONICAL_SURFACE ( 'NONE', #2277, 3.124999999999998224, 0.7853981633974530530 ) ;
#1708 = FACE_BOUND ( 'NONE', #2297, .T. ) ;
#1709 = EDGE_LOOP ( 'NONE', ( #1052, #274, #1168, #222 ) ) ;
#1710 = CIRCLE ( 'NONE', #1904, 3.124999999999998224 ) ;
#1711 = DIRECTION ( 'NONE',  ( -1.000000000000000000, 0.000000000000000000, 0.000000000000000000 ) ) ;
#1712 = VERTEX_POINT ( 'NONE', #1788 ) ;
#1713 = CARTESIAN_POINT ( 'NONE',  ( 0.000000000000000000, -9.797174393178825657E-16, -2.369999999999996998 ) ) ;
#1714 = EDGE_LOOP ( 'NONE', ( #468, #1322 ) ) ;
#1715 = CARTESIAN_POINT ( 'NONE',  ( 3.294750000000003620, -5.762269351688079085E-16, -2.500000000000002665 ) ) ;
#1716 = CIRCLE ( 'NONE', #470, 3.124999999999998224 ) ;
#1717 = EDGE_CURVE ( 'NONE', #959, #1372, #164, .T. ) ;
#1718 = AXIS2_PLACEMENT_3D ( 'NONE', #69, #2209, #1656 ) ;
#1719 = CARTESIAN_POINT ( 'NONE',  ( -3.033999999999997144, -6.081596004565759077E-16, -2.500000000000001332 ) ) ;
#1720 = ORIENTED_EDGE ( 'NONE', *, *, #985, .F. ) ;
#1721 = AXIS2_PLACEMENT_3D ( 'NONE', #289, #1740, #846 ) ;
#1722 = FACE_OUTER_BOUND ( 'NONE', #2210, .T. ) ;
#1723 = ORIENTED_EDGE ( 'NONE', *, *, #1101, .T. ) ;
#1724 = VERTEX_POINT ( 'NONE', #606 ) ;
#1725 = DIRECTION ( 'NONE',  ( -1.000000000000000000, 0.000000000000000000, 0.000000000000000000 ) ) ;
#1726 = ORIENTED_EDGE ( 'NONE', *, *, #583, .F. ) ;
#1727 = CARTESIAN_POINT ( 'NONE',  ( 0.000000000000000000, -9.797174393178825657E-16, 1.574999999999999512 ) ) ;
#1728 = ADVANCED_FACE ( 'NONE', ( #1146 ), #1320, .F. ) ;
#1729 = ORIENTED_EDGE ( 'NONE', *, *, #753, .T. ) ;
#1730 = FACE_OUTER_BOUND ( 'NONE', #2272, .T. ) ;
#1731 = ORIENTED_EDGE ( 'NONE', *, *, #936, .T. ) ;
#1732 = CARTESIAN_POINT ( 'NONE',  ( 0.000000000000000000, -8.673617379884035472E-16, 0.000000000000000000 ) ) ;
#1733 = EDGE_CURVE ( 'NONE', #2231, #1462, #1684, .T. ) ;
#1734 = AXIS2_PLACEMENT_3D ( 'NONE', #976, #294, #1942 ) ;
#1735 = DIRECTION ( 'NONE',  ( -0.000000000000000000, -0.000000000000000000, -1.000000000000000000 ) ) ;
#1736 = AXIS2_PLACEMENT_3D ( 'NONE', #2222, #405, #2212 ) ;
#1737 = AXIS2_PLACEMENT_3D ( 'NONE', #1917, #106, #118 ) ;
#1738 = CLOSED_SHELL ( 'NONE', ( #391, #2180 ) ) ;
#1739 = VECTOR ( 'NONE', #1802, 1000.000000000000000 ) ;
#1740 = DIRECTION ( 'NONE',  ( -0.000000000000000000, -0.000000000000000000, -1.000000000000000000 ) ) ;
#1741 = ORIENTED_EDGE ( 'NONE', *, *, #827, .T. ) ;
#1742 = CARTESIAN_POINT ( 'NONE',  ( 3.124999999999998224, -5.970153145843349319E-16, 2.409000000000002029 ) ) ;
#1743 = AXIS2_PLACEMENT_3D ( 'NONE', #1536, #1017, #1555 ) ;
#1744 = ADVANCED_FACE ( 'NONE', ( #409, #2020 ), #185, .F. ) ;
#1745 = ORIENTED_EDGE ( 'NONE', *, *, #694, .F. ) ;
#1746 = DIRECTION ( 'NONE',  ( 1.000000000000000000, 0.000000000000000000, 0.000000000000000000 ) ) ;
#1747 = CARTESIAN_POINT ( 'NONE',  ( 3.124999999999998224, -5.970153145843348333E-16, 2.409000000000000252 ) ) ;
#1748 = DIRECTION ( 'NONE',  ( -1.000000000000000000, -0.000000000000000000, -1.224646799147353207E-16 ) ) ;
#1749 = CIRCLE ( 'NONE', #741, 1.575000000000000178 ) ;
#1750 = AXIS2_PLACEMENT_3D ( 'NONE', #192, #690, #158 ) ;
#1751 = CARTESIAN_POINT ( 'NONE',  ( 0.000000000000000000, -9.797174393178825657E-16, -1.574999999999999512 ) ) ;
#1752 = ORIENTED_EDGE ( 'NONE', *, *, #564, .F. ) ;
#1753 = DIRECTION ( 'NONE',  ( 1.000000000000000000, 0.000000000000000000, 0.000000000000000000 ) ) ;
#1754 = ORIENTED_EDGE ( 'NONE', *, *, #1383, .T. ) ;
#1755 = FACE_OUTER_BOUND ( 'NONE', #634, .T. ) ;
#1756 = DIRECTION ( 'NONE',  ( -1.000000000000000000, 0.000000000000000000, 0.000000000000000000 ) ) ;
#1757 = EDGE_CURVE ( 'NONE', #2013, #806, #1849, .T. ) ;
#1758 = DIRECTION ( 'NONE',  ( -0.000000000000000000, -0.000000000000000000, -1.000000000000000000 ) ) ;
#1759 = EDGE_CURVE ( 'NONE', #10, #773, #2310, .T. ) ;
#1760 = CARTESIAN_POINT ( 'NONE',  ( 0.000000000000000000, -8.673617379884035472E-16, 0.8706140074682919838 ) ) ;
#1761 = CARTESIAN_POINT ( 'NONE',  ( -5.749999999999996447, -9.797174393178825657E-16, -2.500000000000000000 ) ) ;
#1762 = ORIENTED_EDGE ( 'NONE', *, *, #2150, .F. ) ;
#1763 = SHAPE_DEFINITION_REPRESENTATION ( #450, #1107 ) ;
#1764 = ADVANCED_FACE ( 'NONE', ( #742 ), #2191, .T. ) ;
#1765 = CARTESIAN_POINT ( 'NONE',  ( 0.000000000000000000, -9.797174393178825657E-16, -2.500000000000001332 ) ) ;
#1766 = ORIENTED_EDGE ( 'NONE', *, *, #2165, .F. ) ;
#1767 = CYLINDRICAL_SURFACE ( 'NONE', #1294, 3.203749999999998099 ) ;
#1768 = DIRECTION ( 'NONE',  ( -0.000000000000000000, 0.000000000000000000, -1.000000000000000000 ) ) ;
#1769 = DIRECTION ( 'NONE',  ( -0.7071067811865577868, 8.659560562355058583E-17, 0.7071067811865373587 ) ) ;
#1770 = EDGE_CURVE ( 'NONE', #1268, #1712, #684, .T. ) ;
#1771 = EDGE_LOOP ( 'NONE', ( #547, #698, #2346, #1959 ) ) ;
#1772 = EDGE_CURVE ( 'NONE', #877, #1389, #2008, .T. ) ;
#1773 = DIRECTION ( 'NONE',  ( 0.000000000000000000, -1.000000000000000000, 0.000000000000000000 ) ) ;
#1774 = AXIS2_PLACEMENT_3D ( 'NONE', #1952, #667, #1575 ) ;
#1775 = DIRECTION ( 'NONE',  ( -1.000000000000000000, 0.000000000000000000, 0.000000000000000000 ) ) ;
#1776 = AXIS2_PLACEMENT_3D ( 'NONE', #2201, #1847, #1122 ) ;
#1777 = EDGE_LOOP ( 'NONE', ( #1552, #2334 ) ) ;
#1778 = AXIS2_PLACEMENT_3D ( 'NONE', #613, #1522, #2070 ) ;
#1779 = AXIS2_PLACEMENT_3D ( 'NONE', #2262, #283, #856 ) ;
#1780 = AXIS2_PLACEMENT_3D ( 'NONE', #67, #1735, #115 ) ;
#1781 = DIRECTION ( 'NONE',  ( -1.000000000000000000, 0.000000000000000000, 0.000000000000000000 ) ) ;
#1782 = ORIENTED_EDGE ( 'NONE', *, *, #1442, .T. ) ;
#1783 = DIRECTION ( 'NONE',  ( -1.000000000000000000, 0.000000000000000000, 0.000000000000000000 ) ) ;
#1784 = LINE ( 'NONE', #322, #801 ) ;
#1785 = FACE_OUTER_BOUND ( 'NONE', #76, .T. ) ;
#1786 = ORIENTED_EDGE ( 'NONE', *, *, #2294, .F. ) ;
#1787 = AXIS2_PLACEMENT_3D ( 'NONE', #212, #2039, #2192 ) ;
#1788 = CARTESIAN_POINT ( 'NONE',  ( 3.124999999999998224, -5.970153145843348333E-16, -1.574999999999999512 ) ) ;
#1789 = ADVANCED_FACE ( 'NONE', ( #1457 ), #233, .F. ) ;
#1790 = DIRECTION ( 'NONE',  ( -0.000000000000000000, -0.000000000000000000, -1.000000000000000000 ) ) ;
#1791 = ORIENTED_EDGE ( 'NONE', *, *, #417, .T. ) ;
#1792 = TOROIDAL_SURFACE ( 'NONE', #1410, 6.369999999999998330, 0.1300000000000000044 ) ;
#1793 = CALENDAR_DATE ( 2026, 18, 1 ) ;
#1794 = CIRCLE ( 'NONE', #242, 5.749999999999997335 ) ;
#1795 = CARTESIAN_POINT ( 'NONE',  ( -5.749999999999996447, -8.673617379884035472E-16, 0.8706140074682939822 ) ) ;
#1796 = VERTEX_POINT ( 'NONE', #398 ) ;
#1797 = CARTESIAN_POINT ( 'NONE',  ( 0.000000000000000000, -9.797174393178825657E-16, 2.409000000000000252 ) ) ;
#1798 = FACE_OUTER_BOUND ( 'NONE', #1521, .T. ) ;
#1799 = CIRCLE ( 'NONE', #2176, 3.124999999999998224 ) ;
#1800 = CARTESIAN_POINT ( 'NONE',  ( -5.840999999999998415, -9.797174393178825657E-16, -2.499999999999996891 ) ) ;
#1801 = EDGE_LOOP ( 'NONE', ( #219, #2207, #1034, #403 ) ) ;
#1802 = DIRECTION ( 'NONE',  ( -0.000000000000000000, -0.000000000000000000, -1.000000000000000000 ) ) ;
#1803 = DIRECTION ( 'NONE',  ( -0.000000000000000000, -0.000000000000000000, -1.000000000000000000 ) ) ;
#1804 = EDGE_LOOP ( 'NONE', ( #2228, #1835, #333, #84 ) ) ;
#1805 = PERSON_AND_ORGANIZATION_ROLE ( 'creator' ) ;
#1806 = ADVANCED_FACE ( 'NONE', ( #954 ), #1639, .T. ) ;
#1807 = CYLINDRICAL_SURFACE ( 'NONE', #1527, 6.499999999999998224 ) ;
#1808 = VERTEX_POINT ( 'NONE', #966 ) ;
#1809 = DIRECTION ( 'NONE',  ( -0.000000000000000000, -0.000000000000000000, -1.000000000000000000 ) ) ;
#1810 = CARTESIAN_POINT ( 'NONE',  ( 0.000000000000000000, -9.797174393178825657E-16, -2.500000000000000000 ) ) ;
#1811 = VERTEX_POINT ( 'NONE', #2216 ) ;
#1812 = EDGE_CURVE ( 'NONE', #857, #2042, #267, .T. ) ;
#1813 = DIRECTION ( 'NONE',  ( -0.000000000000000000, -0.000000000000000000, -1.000000000000000000 ) ) ;
#1814 = ADVANCED_FACE ( 'NONE', ( #2030 ), #2304, .F. ) ;
#1815 = DIRECTION ( 'NONE',  ( 0.9749279121818228422, -0.2225209339563183064, 0.000000000000000000 ) ) ;
#1816 = VERTEX_POINT ( 'NONE', #1503 ) ;
#1817 = SECURITY_CLASSIFICATION_LEVEL ( 'unclassified' ) ;
#1818 = AXIS2_PLACEMENT_3D ( 'NONE', #581, #2025, #435 ) ;
#1819 = DIRECTION ( 'NONE',  ( -1.000000000000000000, 0.000000000000000000, 0.000000000000000000 ) ) ;
#1820 = EDGE_LOOP ( 'NONE', ( #1380, #1686, #156, #2142 ) ) ;
#1821 = DIRECTION ( 'NONE',  ( -1.224646799147353207E-16, 1.000000000000000000, 0.000000000000000000 ) ) ;
#1822 = DIRECTION ( 'NONE',  ( -0.000000000000000000, -0.000000000000000000, -1.000000000000000000 ) ) ;
#1823 = ADVANCED_FACE ( 'NONE', ( #1112 ), #199, .T. ) ;
#1824 = VERTEX_POINT ( 'NONE', #2225 ) ;
#1825 = AXIS2_PLACEMENT_3D ( 'NONE', #1032, #1596, #894 ) ;
#1826 = VERTEX_POINT ( 'NONE', #932 ) ;
#1827 = TOROIDAL_SURFACE ( 'NONE', #810, 3.164374999999997939, 0.03937499999999991007 ) ;
#1828 = AXIS2_PLACEMENT_3D ( 'NONE', #1163, #1331, #2031 ) ;
#1829 = FACE_OUTER_BOUND ( 'NONE', #1804, .T. ) ;
#1830 = ORIENTED_EDGE ( 'NONE', *, *, #1160, .T. ) ;
#1831 = CARTESIAN_POINT ( 'NONE',  ( 0.000000000000000000, -9.797174393178825657E-16, 1.574999999999999512 ) ) ;
#1832 = ORIENTED_EDGE ( 'NONE', *, *, #1883, .T. ) ;
#1833 = DIRECTION ( 'NONE',  ( -1.000000000000000000, 0.000000000000000000, 0.000000000000000000 ) ) ;
#1834 = DIRECTION ( 'NONE',  ( -0.000000000000000000, 0.000000000000000000, -1.000000000000000000 ) ) ;
#1835 = ORIENTED_EDGE ( 'NONE', *, *, #250, .F. ) ;
#1836 = AXIS2_PLACEMENT_3D ( 'NONE', #1424, #2144, #525 ) ;
#1837 = EDGE_CURVE ( 'NONE', #907, #1826, #751, .T. ) ;
#1838 = DIRECTION ( 'NONE',  ( 1.000000000000000000, 0.000000000000000000, -0.000000000000000000 ) ) ;
#1839 = ADVANCED_FACE ( 'NONE', ( #2050, #1755 ), #1173, .F. ) ;
#1840 = DIRECTION ( 'NONE',  ( -0.000000000000000000, -0.000000000000000000, -1.000000000000000000 ) ) ;
#1841 = DIRECTION ( 'NONE',  ( 1.000000000000000000, 0.000000000000000000, 0.000000000000000000 ) ) ;
#1842 = EDGE_LOOP ( 'NONE', ( #636, #1754, #993, #1927 ) ) ;
#1843 = EDGE_CURVE ( 'NONE', #739, #857, #259, .T. ) ;
#1844 = DIRECTION ( 'NONE',  ( 0.000000000000000000, 0.000000000000000000, -1.000000000000000000 ) ) ;
#1845 = ORIENTED_EDGE ( 'NONE', *, *, #2213, .T. ) ;
#1846 = CARTESIAN_POINT ( 'NONE',  ( 0.000000000000000000, -9.797174393178825657E-16, -2.500000000000000000 ) ) ;
#1847 = DIRECTION ( 'NONE',  ( 0.6234898018587320401, -0.7818314824680310249, -0.000000000000000000 ) ) ;
#1848 = FACE_BOUND ( 'NONE', #2126, .T. ) ;
#1849 = LINE ( 'NONE', #1283, #1969 ) ;
#1850 = EDGE_CURVE ( 'NONE', #1487, #2013, #1710, .T. ) ;
#1851 = DIRECTION ( 'NONE',  ( -1.000000000000000000, 0.000000000000000000, 0.000000000000000000 ) ) ;
#1852 = EDGE_LOOP ( 'NONE', ( #1660, #1603 ) ) ;
#1853 = LINE ( 'NONE', #26, #1233 ) ;
#1854 = EDGE_LOOP ( 'NONE', ( #1021, #1524 ) ) ;
#1855 = PLANE ( 'NONE',  #1513 ) ;
#1856 = CARTESIAN_POINT ( 'NONE',  ( 0.000000000000000000, -9.797174393178825657E-16, -2.409000000000000252 ) ) ;
#1857 = CIRCLE ( 'NONE', #1435, 1.574999999999999512 ) ;
#1858 = MANIFOLD_SOLID_BREP ( 'Chamfer2', #112 ) ;
#1859 = CARTESIAN_POINT ( 'NONE',  ( -3.203749999999998099, -9.797174393178825657E-16, -2.500000000000000000 ) ) ;
#1860 = AXIS2_PLACEMENT_3D ( 'NONE', #973, #614, #2015 ) ;
#1861 = AXIS2_PLACEMENT_3D ( 'NONE', #887, #1269, #194 ) ;
#1862 = CIRCLE ( 'NONE', #770, 1.574999999999999512 ) ;
#1863 = DIRECTION ( 'NONE',  ( -0.6234898018587431423, -0.7818314824680221431, -0.000000000000000000 ) ) ;
#1864 = FACE_OUTER_BOUND ( 'NONE', #120, .T. ) ;
#1865 = ORIENTED_EDGE ( 'NONE', *, *, #432, .F. ) ;
#1866 = ADVANCED_FACE ( 'NONE', ( #1887 ), #571, .T. ) ;
#1867 = CYLINDRICAL_SURFACE ( 'NONE', #933, 3.124999999999998224 ) ;
#1868 = ORIENTED_EDGE ( 'NONE', *, *, #1413, .T. ) ;
#1869 = CYLINDRICAL_SURFACE ( 'NONE', #341, 3.124999999999998224 ) ;
#1870 = FACE_OUTER_BOUND ( 'NONE', #1045, .T. ) ;
#1871 = DIRECTION ( 'NONE',  ( -0.000000000000000000, -0.000000000000000000, -1.000000000000000000 ) ) ;
#1872 = CIRCLE ( 'NONE', #1162, 1.574999999999999512 ) ;
#1873 = CIRCLE ( 'NONE', #2171, 3.124999999999998224 ) ;
#1874 = FACE_OUTER_BOUND ( 'NONE', #2223, .T. ) ;
#1875 = MANIFOLD_SOLID_BREP ( 'CirPattern1[2]', #843 ) ;
#1876 = DIRECTION ( 'NONE',  ( -0.4338837391175526248, 0.9009688679024218105, 0.000000000000000000 ) ) ;
#1877 = VERTEX_POINT ( 'NONE', #858 ) ;
#1878 = MANIFOLD_SOLID_BREP ( 'Chamfer1', #492 ) ;
#1879 = DIRECTION ( 'NONE',  ( -0.000000000000000000, -0.000000000000000000, -1.000000000000000000 ) ) ;
#1880 = ORIENTED_EDGE ( 'NONE', *, *, #1992, .F. ) ;
#1881 = DIRECTION ( 'NONE',  ( 0.000000000000000000, 0.000000000000000000, 1.000000000000000000 ) ) ;
#1882 = DIRECTION ( 'NONE',  ( 0.7071067811865507924, 8.659560562354973534E-17, -0.7071067811865441310 ) ) ;
#1883 = EDGE_CURVE ( 'NONE', #2118, #2024, #429, .T. ) ;
#1884 = ORIENTED_EDGE ( 'NONE', *, *, #203, .F. ) ;
#1885 = DIRECTION ( 'NONE',  ( 0.000000000000000000, 0.000000000000000000, 1.000000000000000000 ) ) ;
#1886 = EDGE_CURVE ( 'NONE', #320, #1547, #2110, .T. ) ;
#1887 = FACE_OUTER_BOUND ( 'NONE', #565, .T. ) ;
#1888 = EDGE_CURVE ( 'NONE', #1372, #739, #456, .T. ) ;
#1889 = FACE_OUTER_BOUND ( 'NONE', #1801, .T. ) ;
#1890 = ORIENTED_EDGE ( 'NONE', *, *, #449, .F. ) ;
#1891 = CARTESIAN_POINT ( 'NONE',  ( -5.749999999999997335, -9.797174393178825657E-16, -1.574999999999999512 ) ) ;
#1892 = VERTEX_POINT ( 'NONE', #1590 ) ;
#1893 = DIRECTION ( 'NONE',  ( -0.000000000000000000, -0.000000000000000000, -1.000000000000000000 ) ) ;
#1894 = PRODUCT ( '4648K306_440C Stainless Steel Ball Bearing for Food and Beverage', '4648K306_440C Stainless Steel Ball Bearing for Food and Beverage', '', ( #1398 ) ) ;
#1895 = ORIENTED_EDGE ( 'NONE', *, *, #669, .T. ) ;
#1896 = DIRECTION ( 'NONE',  ( -0.000000000000000000, -0.000000000000000000, -1.000000000000000000 ) ) ;
#1897 = ADVANCED_FACE ( 'NONE', ( #1874 ), #71, .F. ) ;
#1898 = VECTOR ( 'NONE', #1526, 1000.000000000000000 ) ;
#1899 = CIRCLE ( 'NONE', #74, 3.203749999999998099 ) ;
#1900 = CIRCLE ( 'NONE', #1861, 3.124999999999998224 ) ;
#1901 = AXIS2_PLACEMENT_3D ( 'NONE', #221, #957, #1321 ) ;
#1902 = FACE_OUTER_BOUND ( 'NONE', #1682, .T. ) ;
#1903 = ORIENTED_EDGE ( 'NONE', *, *, #1305, .T. ) ;
#1904 = AXIS2_PLACEMENT_3D ( 'NONE', #1514, #2108, #1746 ) ;
#1905 = ORIENTED_EDGE ( 'NONE', *, *, #2010, .F. ) ;
#1906 = DIRECTION ( 'NONE',  ( 0.000000000000000000, 0.000000000000000000, 1.000000000000000000 ) ) ;
#1907 = ORIENTED_EDGE ( 'NONE', *, *, #236, .F. ) ;
#1908 = DIRECTION ( 'NONE',  ( -0.000000000000000000, -0.000000000000000000, -1.000000000000000000 ) ) ;
#1909 = EDGE_CURVE ( 'NONE', #2032, #639, #1394, .T. ) ;
#1910 = TOROIDAL_SURFACE ( 'NONE', #1197, 4.437499999999998224, 1.574999999999999512 ) ;
#1911 = CIRCLE ( 'NONE', #1836, 3.124999999999998224 ) ;
#1912 = ADVANCED_FACE ( 'NONE', ( #1327 ), #1362, .T. ) ;
#1913 = DIRECTION ( 'NONE',  ( -1.000000000000000000, -1.224646799147360110E-16, 0.000000000000000000 ) ) ;
#1914 = VERTEX_POINT ( 'NONE', #812 ) ;
#1915 = CARTESIAN_POINT ( 'NONE',  ( 0.000000000000000000, -9.797174393178825657E-16, -2.500000000000000000 ) ) ;
#1916 = ORIENTED_EDGE ( 'NONE', *, *, #1124, .T. ) ;
#1917 = CARTESIAN_POINT ( 'NONE',  ( 0.000000000000000000, -9.797174393178825657E-16, 2.500000000000002665 ) ) ;
#1918 = ORIENTED_EDGE ( 'NONE', *, *, #719, .F. ) ;
#1919 = DIRECTION ( 'NONE',  ( -1.000000000000000000, 0.000000000000000000, 0.000000000000000000 ) ) ;
#1920 = MANIFOLD_SOLID_BREP ( 'Revolve3[1]', #2018 ) ;
#1921 = EDGE_CURVE ( 'NONE', #173, #2090, #35, .T. ) ;
#1922 = DIRECTION ( 'NONE',  ( 0.000000000000000000, 0.000000000000000000, 1.000000000000000000 ) ) ;
#1923 = EDGE_CURVE ( 'NONE', #330, #1914, #1857, .T. ) ;
#1924 = CARTESIAN_POINT ( 'NONE',  ( 0.000000000000000000, -8.673617379884035472E-16, 1.928818708657080851E-16 ) ) ;
#1925 = ORIENTED_EDGE ( 'NONE', *, *, #82, .T. ) ;
#1926 = DIRECTION ( 'NONE',  ( 0.000000000000000000, 0.000000000000000000, -1.000000000000000000 ) ) ;
#1927 = ORIENTED_EDGE ( 'NONE', *, *, #79, .T. ) ;
#1928 = CARTESIAN_POINT ( 'NONE',  ( 0.000000000000000000, -6.499999999999999112, -2.499999999999996891 ) ) ;
#1929 = DIRECTION ( 'NONE',  ( -0.000000000000000000, -0.000000000000000000, -1.000000000000000000 ) ) ;
#1930 = AXIS2_PLACEMENT_3D ( 'NONE', #759, #981, #2200 ) ;
#1931 = LINE ( 'NONE', #814, #114 ) ;
#1932 = AXIS2_PLACEMENT_3D ( 'NONE', #516, #2137, #1964 ) ;
#1933 = AXIS2_PLACEMENT_3D ( 'NONE', #523, #1973, #177 ) ;
#1934 = CC_DESIGN_PERSON_AND_ORGANIZATION_ASSIGNMENT ( #1600, #1805, ( #1965 ) ) ;
#1935 = ADVANCED_FACE ( 'NONE', ( #479 ), #1145, .F. ) ;
#1936 = CIRCLE ( 'NONE', #538, 1.574999999999999512 ) ;
#1937 = DIRECTION ( 'NONE',  ( -1.000000000000000000, 0.000000000000000000, 0.000000000000000000 ) ) ;
#1938 = ORIENTED_EDGE ( 'NONE', *, *, #432, .T. ) ;
#1939 = DIRECTION ( 'NONE',  ( 1.000000000000000000, 0.000000000000000000, 0.000000000000000000 ) ) ;
#1940 = AXIS2_PLACEMENT_3D ( 'NONE', #941, #1871, #975 ) ;
#1941 = ORIENTED_EDGE ( 'NONE', *, *, #1662, .T. ) ;
#1942 = DIRECTION ( 'NONE',  ( 1.000000000000000000, 0.000000000000000000, 0.000000000000000000 ) ) ;
#1943 = PLANE ( 'NONE',  #195 ) ;
#1944 = CARTESIAN_POINT ( 'NONE',  ( 6.369999999999998330, -9.797174393178825657E-16, -2.369999999999996998 ) ) ;
#1945 = CARTESIAN_POINT ( 'NONE',  ( 4.326242610306850089, 0.9874366444311032387, 0.000000000000000000 ) ) ;
#1946 = CIRCLE ( 'NONE', #1455, 3.033999999999997144 ) ;
#1947 = CARTESIAN_POINT ( 'NONE',  ( 3.203749999999997655, -5.873712210410494759E-16, 2.460625000000003393 ) ) ;
#1948 = VERTEX_POINT ( 'NONE', #659 ) ;
#1949 = DIRECTION ( 'NONE',  ( -1.000000000000000000, 0.000000000000000000, 0.000000000000000000 ) ) ;
#1950 = CARTESIAN_POINT ( 'NONE',  ( 3.124999999999998224, -5.970153145843349319E-16, -2.408999999999999808 ) ) ;
#1951 = VERTEX_POINT ( 'NONE', #1381 ) ;
#1952 = CARTESIAN_POINT ( 'NONE',  ( 0.000000000000000000, -9.797174393178825657E-16, -2.499999999999996891 ) ) ;
#1953 = DIRECTION ( 'NONE',  ( -1.000000000000000000, 0.000000000000000000, 0.000000000000000000 ) ) ;
#1954 = ADVANCED_FACE ( 'NONE', ( #310 ), #1767, .T. ) ;
#1955 = DIRECTION ( 'NONE',  ( -0.000000000000000000, -0.000000000000000000, -1.000000000000000000 ) ) ;
#1956 = ORIENTED_EDGE ( 'NONE', *, *, #1393, .T. ) ;
#1957 = DIRECTION ( 'NONE',  ( 0.000000000000000000, 0.000000000000000000, -1.000000000000000000 ) ) ;
#1958 = CARTESIAN_POINT ( 'NONE',  ( -4.326242610306837655, 0.9874366444311618585, 0.000000000000000000 ) ) ;
#1959 = ORIENTED_EDGE ( 'NONE', *, *, #1182, .F. ) ;
#1960 = COORDINATED_UNIVERSAL_TIME_OFFSET ( 6, 0, .BEHIND. ) ;
#1961 = DIRECTION ( 'NONE',  ( -0.000000000000000000, -0.000000000000000000, -1.000000000000000000 ) ) ;
#1962 = ORIENTED_EDGE ( 'NONE', *, *, #788, .T. ) ;
#1963 = DIRECTION ( 'NONE',  ( -0.000000000000000000, -0.000000000000000000, -1.000000000000000000 ) ) ;
#1964 = DIRECTION ( 'NONE',  ( -1.000000000000000000, 0.000000000000000000, 0.000000000000000000 ) ) ;
#1965 = PRODUCT_DEFINITION ( 'UNKNOWN', '', #1333, #1996 ) ;
#1966 = DIRECTION ( 'NONE',  ( 0.000000000000000000, 0.000000000000000000, 1.000000000000000000 ) ) ;
#1967 = EDGE_LOOP ( 'NONE', ( #2056, #929, #556, #691 ) ) ;
#1968 = CARTESIAN_POINT ( 'NONE',  ( -5.861754071993207305, 1.337907115412362957, -9.644093543285404257E-17 ) ) ;
#1969 = VECTOR ( 'NONE', #1840, 1000.000000000000000 ) ;
#1970 = CARTESIAN_POINT ( 'NONE',  ( -4.326242610306837655, 0.9874366444311618585, 0.000000000000000000 ) ) ;
#1971 = ORIENTED_EDGE ( 'NONE', *, *, #166, .T. ) ;
#1972 = CIRCLE ( 'NONE', #459, 5.671249999999997016 ) ;
#1973 = DIRECTION ( 'NONE',  ( 0.000000000000000000, 0.000000000000000000, 1.000000000000000000 ) ) ;
#1974 = AXIS2_PLACEMENT_3D ( 'NONE', #2021, #1128, #1841 ) ;
#1975 = DIRECTION ( 'NONE',  ( 0.2225209339563050392, -0.9749279121818257288, -1.224646799147353207E-16 ) ) ;
#1976 = ORIENTED_EDGE ( 'NONE', *, *, #1000, .F. ) ;
#1977 = CARTESIAN_POINT ( 'NONE',  ( 5.671249999999997016, -9.797174393178825657E-16, -2.409000000000000252 ) ) ;
#1978 = CYLINDRICAL_SURFACE ( 'NONE', #1548, 5.749999999999997335 ) ;
#1979 = CARTESIAN_POINT ( 'NONE',  ( -3.203749999999998099, -5.873712210410494759E-16, 2.409000000000000252 ) ) ;
#1980 = ORIENTED_EDGE ( 'NONE', *, *, #1374, .F. ) ;
#1981 = DIRECTION ( 'NONE',  ( 0.000000000000000000, 0.000000000000000000, 1.000000000000000000 ) ) ;
#1982 = ADVANCED_FACE ( 'NONE', ( #1566 ), #142, .T. ) ;
#1983 = FACE_OUTER_BOUND ( 'NONE', #1528, .T. ) ;
#1984 = ORIENTED_EDGE ( 'NONE', *, *, #702, .T. ) ;
#1985 = AXIS2_PLACEMENT_3D ( 'NONE', #1944, #325, #2148 ) ;
#1986 = PERSON_AND_ORGANIZATION_ROLE ( 'design_supplier' ) ;
#1987 = CIRCLE ( 'NONE', #969, 5.749999999999997335 ) ;
#1988 = CARTESIAN_POINT ( 'NONE',  ( 0.000000000000000000, -9.797174393178825657E-16, -2.500000000000000000 ) ) ;
#1989 = EDGE_LOOP ( 'NONE', ( #2145, #1357, #617, #652 ) ) ;
#1990 = DIRECTION ( 'NONE',  ( -1.000000000000000000, 0.000000000000000000, 0.000000000000000000 ) ) ;
#1991 = FACE_BOUND ( 'NONE', #768, .T. ) ;
#1992 = EDGE_CURVE ( 'NONE', #1227, #471, #619, .T. ) ;
#1993 = DIRECTION ( 'NONE',  ( -0.000000000000000000, -0.000000000000000000, -1.000000000000000000 ) ) ;
#1994 = EDGE_LOOP ( 'NONE', ( #710, #886, #1791, #1180 ) ) ;
#1995 = DIRECTION ( 'NONE',  ( -0.000000000000000000, 0.000000000000000000, -1.000000000000000000 ) ) ;
#1996 = DESIGN_CONTEXT ( 'detailed design', #453, 'design' ) ;
#1997 = DIRECTION ( 'NONE',  ( -0.000000000000000000, -0.000000000000000000, -1.000000000000000000 ) ) ;
#1998 = EDGE_CURVE ( 'NONE', #1285, #2326, #1549, .T. ) ;
#1999 = EDGE_LOOP ( 'NONE', ( #293, #511 ) ) ;
#2000 = FACE_OUTER_BOUND ( 'NONE', #522, .T. ) ;
#2001 = ORIENTED_EDGE ( 'NONE', *, *, #778, .F. ) ;
#2002 = DIRECTION ( 'NONE',  ( 0.7818314824680222541, -0.6234898018587429203, 0.000000000000000000 ) ) ;
#2003 = ORIENTED_EDGE ( 'NONE', *, *, #1160, .F. ) ;
#2004 = ORIENTED_EDGE ( 'NONE', *, *, #796, .F. ) ;
#2005 = DIRECTION ( 'NONE',  ( -1.000000000000000000, 0.000000000000000000, 0.000000000000000000 ) ) ;
#2006 = CARTESIAN_POINT ( 'NONE',  ( 0.000000000000000000, -3.294750000000004064, -2.500000000000002220 ) ) ;
#2007 = VERTEX_POINT ( 'NONE', #2186 ) ;
#2008 = CIRCLE ( 'NONE', #953, 3.124999999999998224 ) ;
#2009 = CC_DESIGN_PERSON_AND_ORGANIZATION_ASSIGNMENT ( #1585, #1986, ( #1333 ) ) ;
#2010 = EDGE_CURVE ( 'NONE', #1543, #965, #990, .T. ) ;
#2011 = AXIS2_PLACEMENT_3D ( 'NONE', #637, #1701, #648 ) ;
#2012 = CARTESIAN_POINT ( 'NONE',  ( -3.124999999999998224, -9.797174393178825657E-16, -2.460625000000003393 ) ) ;
#2013 = VERTEX_POINT ( 'NONE', #568 ) ;
#2014 = DIRECTION ( 'NONE',  ( -0.000000000000000000, -0.000000000000000000, -1.000000000000000000 ) ) ;
#2015 = DIRECTION ( 'NONE',  ( -1.000000000000000000, 0.000000000000000000, 0.000000000000000000 ) ) ;
#2016 = CIRCLE ( 'NONE', #301, 6.499999999999998224 ) ;
#2017 = EDGE_CURVE ( 'NONE', #466, #1076, #2235, .T. ) ;
#2018 = CLOSED_SHELL ( 'NONE', ( #2067, #323, #1229, #1935, #653, #1744, #500, #1568, #2195, #33, #1866, #129 ) ) ;
#2019 = LINE ( 'NONE', #397, #1335 ) ;
#2020 = FACE_BOUND ( 'NONE', #1355, .T. ) ;
#2021 = CARTESIAN_POINT ( 'NONE',  ( 0.000000000000000000, -9.797174393178825657E-16, -2.337500000000001688 ) ) ;
#2022 = ORIENTED_EDGE ( 'NONE', *, *, #1374, .T. ) ;
#2023 = FACE_OUTER_BOUND ( 'NONE', #2135, .T. ) ;
#2024 = VERTEX_POINT ( 'NONE', #2136 ) ;
#2025 = DIRECTION ( 'NONE',  ( -0.000000000000000000, -0.000000000000000000, -1.000000000000000000 ) ) ;
#2026 = DIRECTION ( 'NONE',  ( 0.000000000000000000, -1.000000000000000000, 0.000000000000000000 ) ) ;
#2027 = CIRCLE ( 'NONE', #2321, 5.749999999999996447 ) ;
#2028 = CARTESIAN_POINT ( 'NONE',  ( 0.000000000000000000, -5.671249999999997904, 2.409000000000000252 ) ) ;
#2029 = EDGE_CURVE ( 'NONE', #1824, #793, #2197, .T. ) ;
#2030 = FACE_OUTER_BOUND ( 'NONE', #1989, .T. ) ;
#2031 = DIRECTION ( 'NONE',  ( -1.000000000000000000, 0.000000000000000000, 0.000000000000000000 ) ) ;
#2032 = VERTEX_POINT ( 'NONE', #1463 ) ;
#2033 = CARTESIAN_POINT ( 'NONE',  ( 5.580249999999995936, -9.797174393178825657E-16, -2.500000000000002220 ) ) ;
#2034 = ORIENTED_EDGE ( 'NONE', *, *, #1843, .F. ) ;
#2035 = CARTESIAN_POINT ( 'NONE',  ( 0.000000000000000000, -9.797174393178825657E-16, -2.500000000000000000 ) ) ;
#2036 = SPHERICAL_SURFACE ( 'NONE', #1736, 1.574999999999999512 ) ;
#2037 = LINE ( 'NONE', #1859, #1031 ) ;
#2038 = CARTESIAN_POINT ( 'NONE',  ( 3.469377203451847524, -2.766735995748172083, 0.000000000000000000 ) ) ;
#2039 = DIRECTION ( 'NONE',  ( 0.2225209339563182231, 0.9749279121818227312, -1.224646799147353207E-16 ) ) ;
#2040 = ORIENTED_EDGE ( 'NONE', *, *, #651, .F. ) ;
#2041 = CARTESIAN_POINT ( 'NONE',  ( -3.124999999999998224, -9.797174393178825657E-16, -2.408999999999999808 ) ) ;
#2042 = VERTEX_POINT ( 'NONE', #334 ) ;
#2043 = DIRECTION ( 'NONE',  ( -1.000000000000000000, 0.000000000000000000, 0.000000000000000000 ) ) ;
#2044 = DIRECTION ( 'NONE',  ( -0.000000000000000000, -0.000000000000000000, -1.000000000000000000 ) ) ;
#2045 = AXIS2_PLACEMENT_3D ( 'NONE', #544, #1821, #1617 ) ;
#2046 = DIRECTION ( 'NONE',  ( 1.000000000000000000, 0.000000000000000000, 0.000000000000000000 ) ) ;
#2047 = TOROIDAL_SURFACE ( 'NONE', #1672, 3.164374999999997939, 0.03937499999999991007 ) ;
#2048 = CLOSED_SHELL ( 'NONE', ( #1201, #1823 ) ) ;
#2049 = AXIS2_PLACEMENT_3D ( 'NONE', #1760, #863, #1274 ) ;
#2050 = FACE_BOUND ( 'NONE', #284, .T. ) ;
#2051 = AXIS2_PLACEMENT_3D ( 'NONE', #311, #1929, #2264 ) ;
#2052 = CARTESIAN_POINT ( 'NONE',  ( -3.294750000000003620, -9.797174393178825657E-16, -2.500000000000002665 ) ) ;
#2053 = EDGE_LOOP ( 'NONE', ( #1196, #909 ) ) ;
#2054 = ADVANCED_FACE ( 'NONE', ( #714 ), #1604, .F. ) ;
#2055 = CYLINDRICAL_SURFACE ( 'NONE', #1004, 5.749999999999996447 ) ;
#2056 = ORIENTED_EDGE ( 'NONE', *, *, #1717, .F. ) ;
#2057 = LINE ( 'NONE', #625, #1110 ) ;
#2058 = DIRECTION ( 'NONE',  ( 1.000000000000000000, 0.000000000000000000, 0.000000000000000000 ) ) ;
#2059 = ORIENTED_EDGE ( 'NONE', *, *, #1348, .F. ) ;
#2060 = DIRECTION ( 'NONE',  ( -0.000000000000000000, -0.000000000000000000, -1.000000000000000000 ) ) ;
#2061 = AXIS2_PLACEMENT_3D ( 'NONE', #505, #2163, #1634 ) ;
#2062 = AXIS2_PLACEMENT_3D ( 'NONE', #205, #947, #214 ) ;
#2063 = CARTESIAN_POINT ( 'NONE',  ( 5.749999999999997335, -2.755455298081547243E-16, -2.500000000000000000 ) ) ;
#2064 = CARTESIAN_POINT ( 'NONE',  ( 0.000000000000000000, -8.673617379884035472E-16, 0.000000000000000000 ) ) ;
#2065 = VERTEX_POINT ( 'NONE', #1289 ) ;
#2066 = EDGE_CURVE ( 'NONE', #2069, #948, #1972, .T. ) ;
#2067 = ADVANCED_FACE ( 'NONE', ( #1255 ), #1217, .T. ) ;
#2068 = DIRECTION ( 'NONE',  ( -1.000000000000000000, 0.000000000000000000, 0.000000000000000000 ) ) ;
#2069 = VERTEX_POINT ( 'NONE', #2342 ) ;
#2070 = DIRECTION ( 'NONE',  ( -1.000000000000000000, 0.000000000000000000, 0.000000000000000000 ) ) ;
#2071 = VERTEX_POINT ( 'NONE', #1658 ) ;
#2072 = DIRECTION ( 'NONE',  ( 0.7071067811865577868, 8.659560562355058583E-17, -0.7071067811865373587 ) ) ;
#2073 = CARTESIAN_POINT ( 'NONE',  ( 0.000000000000000000, -9.797174393178825657E-16, 2.409000000000002029 ) ) ;
#2074 = VERTEX_POINT ( 'NONE', #736 ) ;
#2075 = DIRECTION ( 'NONE',  ( -1.000000000000000000, 0.000000000000000000, 0.000000000000000000 ) ) ;
#2076 = ORIENTED_EDGE ( 'NONE', *, *, #867, .F. ) ;
#2077 = LINE ( 'NONE', #819, #723 ) ;
#2078 = EDGE_CURVE ( 'NONE', #747, #1824, #1900, .T. ) ;
#2079 = VERTEX_POINT ( 'NONE', #1977 ) ;
#2080 = CARTESIAN_POINT ( 'NONE',  ( 5.580249999999995936, -2.907617662875607668E-16, 2.500000000000002665 ) ) ;
#2081 = EDGE_CURVE ( 'NONE', #498, #1724, #1022, .T. ) ;
#2082 = AXIS2_PLACEMENT_3D ( 'NONE', #1668, #445, #1178 ) ;
#2083 = VECTOR ( 'NONE', #1228, 1000.000000000000000 ) ;
#2084 = AXIS2_PLACEMENT_3D ( 'NONE', #2064, #451, #831 ) ;
#2085 = FACE_OUTER_BOUND ( 'NONE', #13, .T. ) ;
#2086 = VERTEX_POINT ( 'NONE', #692 ) ;
#2087 = AXIS2_PLACEMENT_3D ( 'NONE', #2167, #1622, #1597 ) ;
#2088 = ADVANCED_FACE ( 'NONE', ( #2331 ), #534, .F. ) ;
#2089 = CARTESIAN_POINT ( 'NONE',  ( -5.749999999999996447, -9.797174393178825657E-16, -2.408999999999996255 ) ) ;
#2090 = VERTEX_POINT ( 'NONE', #1241 ) ;
#2091 = CARTESIAN_POINT ( 'NONE',  ( 0.000000000000000000, -4.437499999999999112, 0.000000000000000000 ) ) ;
#2092 = EDGE_LOOP ( 'NONE', ( #1907, #1364, #379, #1200 ) ) ;
#2093 = FACE_OUTER_BOUND ( 'NONE', #1999, .T. ) ;
#2094 = EDGE_CURVE ( 'NONE', #747, #117, #1416, .T. ) ;
#2095 = AXIS2_PLACEMENT_3D ( 'NONE', #1234, #912, #336 ) ;
#2096 = AXIS2_PLACEMENT_3D ( 'NONE', #908, #1588, #169 ) ;
#2097 = PLANE ( 'NONE',  #842 ) ;
#2098 = DIRECTION ( 'NONE',  ( 0.000000000000000000, 0.000000000000000000, 1.000000000000000000 ) ) ;
#2099 = ORIENTED_EDGE ( 'NONE', *, *, #1608, .F. ) ;
#2100 = ORIENTED_EDGE ( 'NONE', *, *, #1428, .F. ) ;
#2101 = CARTESIAN_POINT ( 'NONE',  ( -4.437499999999998224, -8.673617379884035472E-16, 0.000000000000000000 ) ) ;
#2102 = CARTESIAN_POINT ( 'NONE',  ( 3.124999999999998224, -5.970153145843348333E-16, -2.500000000000000000 ) ) ;
#2103 = PRODUCT_RELATED_PRODUCT_CATEGORY ( 'detail', '', ( #1894 ) ) ;
#2104 = EDGE_CURVE ( 'NONE', #2182, #2290, #149, .T. ) ;
#2105 = CARTESIAN_POINT ( 'NONE',  ( 0.000000000000000000, -9.797174393178825657E-16, 2.409000000000000252 ) ) ;
#2106 = VERTEX_POINT ( 'NONE', #171 ) ;
#2107 = ORIENTED_EDGE ( 'NONE', *, *, #756, .F. ) ;
#2108 = DIRECTION ( 'NONE',  ( 0.000000000000000000, 0.000000000000000000, 1.000000000000000000 ) ) ;
#2109 = CARTESIAN_POINT ( 'NONE',  ( -6.369999999999998330, -9.797174393178825657E-16, 2.500000000000002220 ) ) ;
#2110 = CIRCLE ( 'NONE', #1191, 3.203749999999998099 ) ;
#2111 = AXIS2_PLACEMENT_3D ( 'NONE', #1732, #1908, #1919 ) ;
#2112 = AXIS2_PLACEMENT_3D ( 'NONE', #602, #216, #2043 ) ;
#2113 = DIRECTION ( 'NONE',  ( -1.000000000000000000, -1.224646799147354933E-16, 0.000000000000000000 ) ) ;
#2114 = ADVANCED_FACE ( 'NONE', ( #925 ), #839, .T. ) ;
#2115 = AXIS2_PLACEMENT_3D ( 'NONE', #174, #302, #342 ) ;
#2116 = DIRECTION ( 'NONE',  ( -1.000000000000000000, 0.000000000000000000, 0.000000000000000000 ) ) ;
#2117 = EDGE_CURVE ( 'NONE', #107, #235, #2154, .T. ) ;
#2118 = VERTEX_POINT ( 'NONE', #376 ) ;
#2119 = DIRECTION ( 'NONE',  ( 1.000000000000000000, 0.000000000000000000, 0.000000000000000000 ) ) ;
#2120 = VECTOR ( 'NONE', #90, 1000.000000000000000 ) ;
#2121 = ORIENTED_EDGE ( 'NONE', *, *, #1569, .F. ) ;
#2122 = CARTESIAN_POINT ( 'NONE',  ( 0.000000000000000000, -9.797174393178825657E-16, -2.409000000000000252 ) ) ;
#2123 = CARTESIAN_POINT ( 'NONE',  ( 0.000000000000000000, -8.673617379884035472E-16, 2.460625000000003393 ) ) ;
#2124 = DIRECTION ( 'NONE',  ( -0.000000000000000000, -0.000000000000000000, -1.000000000000000000 ) ) ;
#2125 = EDGE_CURVE ( 'NONE', #1948, #2118, #1625, .T. ) ;
#2126 = EDGE_LOOP ( 'NONE', ( #1185, #665 ) ) ;
#2127 = DIRECTION ( 'NONE',  ( 1.000000000000000000, 0.000000000000000000, -0.000000000000000000 ) ) ;
#2128 = AXIS2_PLACEMENT_3D ( 'NONE', #1378, #1176, #854 ) ;
#2129 = CIRCLE ( 'NONE', #891, 5.840999999999997527 ) ;
#2130 = CARTESIAN_POINT ( 'NONE',  ( -5.749999999999997335, -9.797174393178825657E-16, -2.500000000000000000 ) ) ;
#2131 = ORIENTED_EDGE ( 'NONE', *, *, #153, .T. ) ;
#2132 = APPROVAL_DATE_TIME ( #1411, #1630 ) ;
#2133 = ADVANCED_FACE ( 'NONE', ( #62 ), #1869, .F. ) ;
#2134 = CARTESIAN_POINT ( 'NONE',  ( 3.124999999999998224, -5.970153145843348333E-16, 2.460625000000003393 ) ) ;
#2135 = EDGE_LOOP ( 'NONE', ( #1918, #16 ) ) ;
#2136 = CARTESIAN_POINT ( 'NONE',  ( -5.749999999999997335, -9.797174393178825657E-16, 1.574999999999999512 ) ) ;
#2137 = DIRECTION ( 'NONE',  ( -0.000000000000000000, -0.000000000000000000, -1.000000000000000000 ) ) ;
#2138 = CARTESIAN_POINT ( 'NONE',  ( 3.124999999999998224, -5.970153145843349319E-16, -2.500000000000000000 ) ) ;
#2139 = ORIENTED_EDGE ( 'NONE', *, *, #1772, .F. ) ;
#2140 = FACE_OUTER_BOUND ( 'NONE', #350, .T. ) ;
#2141 = CARTESIAN_POINT ( 'NONE',  ( -2.162499999999998757, -9.797174393178825657E-16, 2.337500000000003020 ) ) ;
#2142 = ORIENTED_EDGE ( 'NONE', *, *, #1101, .F. ) ;
#2143 = DATE_TIME_ROLE ( 'classification_date' ) ;
#2144 = DIRECTION ( 'NONE',  ( -0.000000000000000000, -0.000000000000000000, -1.000000000000000000 ) ) ;
#2145 = ORIENTED_EDGE ( 'NONE', *, *, #733, .F. ) ;
#2146 = DIRECTION ( 'NONE',  ( -0.000000000000000000, -0.000000000000000000, -1.000000000000000000 ) ) ;
#2147 = CARTESIAN_POINT ( 'NONE',  ( 0.000000000000000000, -3.203749999999998987, -2.409000000000000252 ) ) ;
#2148 = DIRECTION ( 'NONE',  ( 0.000000000000000000, 0.000000000000000000, -1.000000000000000000 ) ) ;
#2149 = EDGE_LOOP ( 'NONE', ( #1583, #1245, #1016, #1419 ) ) ;
#2150 = EDGE_CURVE ( 'NONE', #2013, #466, #187, .T. ) ;
#2151 = DIRECTION ( 'NONE',  ( -0.000000000000000000, -0.000000000000000000, -1.000000000000000000 ) ) ;
#2152 = AXIS2_PLACEMENT_3D ( 'NONE', #693, #367, #503 ) ;
#2153 = EDGE_LOOP ( 'NONE', ( #105, #924 ) ) ;
#2154 = CIRCLE ( 'NONE', #490, 1.574999999999999734 ) ;
#2155 = PERSON_AND_ORGANIZATION ( #1382, #1586 ) ;
#2156 = APPROVAL_PERSON_ORGANIZATION ( #1056, #1441, #1613 ) ;
#2157 = VECTOR ( 'NONE', #1640, 1000.000000000000000 ) ;
#2158 = DIRECTION ( 'NONE',  ( -1.000000000000000000, 0.000000000000000000, 0.000000000000000000 ) ) ;
#2159 = ORIENTED_EDGE ( 'NONE', *, *, #462, .F. ) ;
#2160 = DIRECTION ( 'NONE',  ( -0.000000000000000000, -0.000000000000000000, -1.000000000000000000 ) ) ;
#2161 = DIRECTION ( 'NONE',  ( -1.000000000000000000, 0.000000000000000000, 0.000000000000000000 ) ) ;
#2162 = VECTOR ( 'NONE', #510, 1000.000000000000000 ) ;
#2163 = DIRECTION ( 'NONE',  ( -0.000000000000000000, -0.000000000000000000, -1.000000000000000000 ) ) ;
#2164 = EDGE_LOOP ( 'NONE', ( #1616, #1235, #792, #1219 ) ) ;
#2165 = EDGE_CURVE ( 'NONE', #132, #1695, #956, .T. ) ;
#2166 = CARTESIAN_POINT ( 'NONE',  ( 0.000000000000000000, -4.437499999999999112, 0.000000000000000000 ) ) ;
#2167 = CARTESIAN_POINT ( 'NONE',  ( 0.000000000000000000, -9.797174393178825657E-16, -2.408999999999996255 ) ) ;
#2168 = ORIENTED_EDGE ( 'NONE', *, *, #1012, .F. ) ;
#2169 = VECTOR ( 'NONE', #1769, 999.9999999999998863 ) ;
#2170 = APPROVAL_DATE_TIME ( #1091, #1441 ) ;
#2171 = AXIS2_PLACEMENT_3D ( 'NONE', #1497, #1140, #805 ) ;
#2172 = DIRECTION ( 'NONE',  ( -0.000000000000000000, -0.000000000000000000, -1.000000000000000000 ) ) ;
#2173 = VERTEX_POINT ( 'NONE', #2221 ) ;
#2174 = CARTESIAN_POINT ( 'NONE',  ( -3.469377203451887048, -2.766735995748122789, 0.000000000000000000 ) ) ;
#2175 = CARTESIAN_POINT ( 'NONE',  ( 3.124999999999998224, -5.970153145843348333E-16, -2.500000000000000000 ) ) ;
#2176 = AXIS2_PLACEMENT_3D ( 'NONE', #85, #2098, #1532 ) ;
#2177 = DIRECTION ( 'NONE',  ( -1.000000000000000000, 0.000000000000000000, 0.000000000000000000 ) ) ;
#2178 = ORIENTED_EDGE ( 'NONE', *, *, #406, .T. ) ;
#2179 = DIRECTION ( 'NONE',  ( -0.000000000000000000, -0.000000000000000000, -1.000000000000000000 ) ) ;
#2180 = ADVANCED_FACE ( 'NONE', ( #1508 ), #593, .T. ) ;
#2181 = DIRECTION ( 'NONE',  ( 0.9009688679024218105, 0.4338837391175526248, -1.224646799147353207E-16 ) ) ;
#2182 = VERTEX_POINT ( 'NONE', #1132 ) ;
#2183 = ADVANCED_FACE ( 'NONE', ( #1315, #807 ), #1855, .F. ) ;
#2184 = CARTESIAN_POINT ( 'NONE',  ( 5.749999999999996447, -2.755455298081548229E-16, -2.500000000000000000 ) ) ;
#2185 = ORIENTED_EDGE ( 'NONE', *, *, #1070, .F. ) ;
#2186 = CARTESIAN_POINT ( 'NONE',  ( 3.124999999999998224, -5.970153145843349319E-16, 2.409000000000002029 ) ) ;
#2187 = CARTESIAN_POINT ( 'NONE',  ( -5.840999999999997527, -2.644012439359138471E-16, 2.500000000000002665 ) ) ;
#2188 = FACE_OUTER_BOUND ( 'NONE', #978, .T. ) ;
#2189 = ADVANCED_FACE ( 'NONE', ( #785 ), #28, .T. ) ;
#2190 = ADVANCED_FACE ( 'NONE', ( #1325 ), #1303, .T. ) ;
#2191 = SPHERICAL_SURFACE ( 'NONE', #868, 1.574999999999999512 ) ;
#2192 = DIRECTION ( 'NONE',  ( -0.9749279121818228422, 0.2225209339563183064, 0.000000000000000000 ) ) ;
#2193 = ORIENTED_EDGE ( 'NONE', *, *, #958, .F. ) ;
#2194 = VECTOR ( 'NONE', #1402, 1000.000000000000000 ) ;
#2195 = ADVANCED_FACE ( 'NONE', ( #1338 ), #2211, .T. ) ;
#2196 = TOROIDAL_SURFACE ( 'NONE', #2111, 4.437499999999998224, 1.574999999999999512 ) ;
#2197 = CIRCLE ( 'NONE', #1025, 0.03937499999999991007 ) ;
#2198 = CARTESIAN_POINT ( 'NONE',  ( 0.000000000000000000, -8.673617379884035472E-16, -2.460625000000003393 ) ) ;
#2199 = ORIENTED_EDGE ( 'NONE', *, *, #787, .F. ) ;
#2200 = DIRECTION ( 'NONE',  ( 0.000000000000000000, 0.000000000000000000, -1.000000000000000000 ) ) ;
#2201 = CARTESIAN_POINT ( 'NONE',  ( -3.469377203451887048, -2.766735995748122789, 0.000000000000000000 ) ) ;
#2202 = CONICAL_SURFACE ( 'NONE', #1780, 3.294750000000003620, 0.7853981633974627119 ) ;
#2203 = CIRCLE ( 'NONE', #224, 1.999999999999998668 ) ;
#2204 = VERTEX_POINT ( 'NONE', #424 ) ;
#2205 = CARTESIAN_POINT ( 'NONE',  ( 0.000000000000000000, -9.797174393178825657E-16, -2.460625000000003393 ) ) ;
#2206 = CARTESIAN_POINT ( 'NONE',  ( 5.749999999999996447, -2.755455298081548229E-16, 0.8706140074682939822 ) ) ;
#2207 = ORIENTED_EDGE ( 'NONE', *, *, #1886, .F. ) ;
#2208 = CIRCLE ( 'NONE', #1003, 6.369999999999998330 ) ;
#2209 = DIRECTION ( 'NONE',  ( -0.000000000000000000, -0.000000000000000000, -1.000000000000000000 ) ) ;
#2210 = EDGE_LOOP ( 'NONE', ( #2261, #1496 ) ) ;
#2211 = CYLINDRICAL_SURFACE ( 'NONE', #2112, 5.749999999999997335 ) ;
#2212 = DIRECTION ( 'NONE',  ( 0.000000000000000000, 0.000000000000000000, -1.000000000000000000 ) ) ;
#2213 = EDGE_CURVE ( 'NONE', #1273, #968, #2057, .T. ) ;
#2214 = AXIS2_PLACEMENT_3D ( 'NONE', #1831, #1879, #247 ) ;
#2215 = ORIENTED_EDGE ( 'NONE', *, *, #1757, .T. ) ;
#2216 = CARTESIAN_POINT ( 'NONE',  ( -3.203749999999998099, -9.797174393178825657E-16, -2.409000000000000252 ) ) ;
#2217 = CARTESIAN_POINT ( 'NONE',  ( 0.000000000000000000, -9.797174393178825657E-16, -2.408999999999996255 ) ) ;
#2218 = VERTEX_POINT ( 'NONE', #1473 ) ;
#2219 = DIRECTION ( 'NONE',  ( 0.7071067811865424657, 0.000000000000000000, 0.7071067811865526798 ) ) ;
#2220 = ORIENTED_EDGE ( 'NONE', *, *, #1388, .T. ) ;
#2221 = CARTESIAN_POINT ( 'NONE',  ( 2.790731148620475111, 0.6369661734499229011, -9.644093543285404257E-17 ) ) ;
#2222 = CARTESIAN_POINT ( 'NONE',  ( -3.469377203451887048, -2.766735995748122789, 0.000000000000000000 ) ) ;
#2223 = EDGE_LOOP ( 'NONE', ( #1657, #589, #1723, #309 ) ) ;
#2224 = EDGE_CURVE ( 'NONE', #1189, #466, #1148, .T. ) ;
#2225 = CARTESIAN_POINT ( 'NONE',  ( -3.124999999999998224, -9.797174393178825657E-16, 2.460625000000003393 ) ) ;
#2226 = ADVANCED_FACE ( 'NONE', ( #1169, #404 ), #1157, .F. ) ;
#2227 = CARTESIAN_POINT ( 'NONE',  ( 0.000000000000000000, -9.797174393178825657E-16, -2.500000000000000000 ) ) ;
#2228 = ORIENTED_EDGE ( 'NONE', *, *, #524, .F. ) ;
#2229 = EDGE_CURVE ( 'NONE', #2090, #1273, #1705, .T. ) ;
#2230 = FACE_OUTER_BOUND ( 'NONE', #1994, .T. ) ;
#2231 = VERTEX_POINT ( 'NONE', #774 ) ;
#2232 = DIRECTION ( 'NONE',  ( 0.000000000000000000, 0.000000000000000000, 1.000000000000000000 ) ) ;
#2233 = DIRECTION ( 'NONE',  ( -0.000000000000000000, -0.000000000000000000, -1.000000000000000000 ) ) ;
#2234 = AXIS2_PLACEMENT_3D ( 'NONE', #1417, #1768, #1095 ) ;
#2235 = CIRCLE ( 'NONE', #2045, 1.574999999999999512 ) ;
#2236 = EDGE_LOOP ( 'NONE', ( #1925, #1895, #904, #1131 ) ) ;
#2237 = AXIS2_PLACEMENT_3D ( 'NONE', #352, #2302, #134 ) ;
#2238 = AXIS2_PLACEMENT_3D ( 'NONE', #98, #1906, #1939 ) ;
#2239 = CIRCLE ( 'NONE', #1635, 0.1624999999999998945 ) ;
#2240 = AXIS2_PLACEMENT_3D ( 'NONE', #700, #497, #2116 ) ;
#2241 = DIRECTION ( 'NONE',  ( -0.000000000000000000, -0.000000000000000000, -1.000000000000000000 ) ) ;
#2242 = AXIS2_PLACEMENT_3D ( 'NONE', #795, #1885, #2046 ) ;
#2243 = EDGE_CURVE ( 'NONE', #2231, #935, #262, .T. ) ;
#2244 = DIRECTION ( 'NONE',  ( -1.000000000000000000, 0.000000000000000000, 0.000000000000000000 ) ) ;
#2245 = EDGE_LOOP ( 'NONE', ( #1340, #1507, #145, #460 ) ) ;
#2246 = DIRECTION ( 'NONE',  ( 1.000000000000000000, 0.000000000000000000, 0.000000000000000000 ) ) ;
#2247 = EDGE_LOOP ( 'NONE', ( #399, #1430 ) ) ;
#2248 = DIRECTION ( 'NONE',  ( 1.000000000000000000, 0.000000000000000000, 0.000000000000000000 ) ) ;
#2249 = DIRECTION ( 'NONE',  ( 0.000000000000000000, 0.000000000000000000, 1.000000000000000000 ) ) ;
#2250 = ORIENTED_EDGE ( 'NONE', *, *, #804, .T. ) ;
#2251 = DIRECTION ( 'NONE',  ( -1.000000000000000000, 0.000000000000000000, 0.000000000000000000 ) ) ;
#2252 = AXIS2_PLACEMENT_3D ( 'NONE', #1429, #1606, #738 ) ;
#2253 = AXIS2_PLACEMENT_3D ( 'NONE', #2198, #1506, #979 ) ;
#2254 = DIRECTION ( 'NONE',  ( 0.4338837391175526248, -0.9009688679024218105, 0.000000000000000000 ) ) ;
#2255 = AXIS2_PLACEMENT_3D ( 'NONE', #1924, #1571, #130 ) ;
#2256 = SPHERICAL_SURFACE ( 'NONE', #1334, 1.574999999999999512 ) ;
#2257 = ORIENTED_EDGE ( 'NONE', *, *, #1442, .F. ) ;
#2258 = EDGE_CURVE ( 'NONE', #354, #1655, #2275, .T. ) ;
#2259 = LINE ( 'NONE', #633, #92 ) ;
#2260 = EDGE_CURVE ( 'NONE', #163, #2007, #635, .T. ) ;
#2261 = ORIENTED_EDGE ( 'NONE', *, *, #1465, .T. ) ;
#2262 = CARTESIAN_POINT ( 'NONE',  ( -6.369999999999998330, -1.996174282610187471E-16, -2.369999999999996998 ) ) ;
#2263 = ORIENTED_EDGE ( 'NONE', *, *, #852, .F. ) ;
#2264 = DIRECTION ( 'NONE',  ( -1.000000000000000000, 0.000000000000000000, 0.000000000000000000 ) ) ;
#2265 = EDGE_CURVE ( 'NONE', #1892, #209, #422, .T. ) ;
#2266 = CARTESIAN_POINT ( 'NONE',  ( 3.164374999999997939, -4.798375664832131854E-16, 2.460625000000003393 ) ) ;
#2267 = ORIENTED_EDGE ( 'NONE', *, *, #1703, .F. ) ;
#2268 = CARTESIAN_POINT ( 'NONE',  ( 3.203749999999998099, -9.797174393178825657E-16, 2.409000000000000252 ) ) ;
#2269 = VERTEX_POINT ( 'NONE', #87 ) ;
#2270 = LINE ( 'NONE', #292, #2083 ) ;
#2271 = EDGE_CURVE ( 'NONE', #1948, #1008, #2077, .T. ) ;
#2272 = EDGE_LOOP ( 'NONE', ( #431, #201, #592, #735 ) ) ;
#2273 = DIRECTION ( 'NONE',  ( -0.000000000000000000, -0.000000000000000000, -1.000000000000000000 ) ) ;
#2274 = CIRCLE ( 'NONE', #765, 3.294750000000003620 ) ;
#2275 = CIRCLE ( 'NONE', #36, 3.294750000000003620 ) ;
#2276 = CC_DESIGN_APPROVAL ( #146, ( #1333 ) ) ;
#2277 = AXIS2_PLACEMENT_3D ( 'NONE', #2073, #638, #441 ) ;
#2278 = CARTESIAN_POINT ( 'NONE',  ( -1.999999999999998668, -9.797174393178825657E-16, 2.337500000000003020 ) ) ;
#2279 = ORIENTED_EDGE ( 'NONE', *, *, #1179, .F. ) ;
#2280 = DIRECTION ( 'NONE',  ( -0.000000000000000000, -0.000000000000000000, -1.000000000000000000 ) ) ;
#2281 = ORIENTED_EDGE ( 'NONE', *, *, #1089, .T. ) ;
#2282 = DIRECTION ( 'NONE',  ( 0.000000000000000000, 0.000000000000000000, 1.000000000000000000 ) ) ;
#2283 = ORIENTED_EDGE ( 'NONE', *, *, #373, .F. ) ;
#2284 = CARTESIAN_POINT ( 'NONE',  ( 2.237992618564712544, -1.784739557820651967, -9.644093543285404257E-17 ) ) ;
#2285 = ADVANCED_FACE ( 'NONE', ( #499 ), #1015, .T. ) ;
#2286 = CIRCLE ( 'NONE', #1985, 0.1299999999999998934 ) ;
#2287 = CIRCLE ( 'NONE', #697, 5.671249999999997016 ) ;
#2288 = FACE_OUTER_BOUND ( 'NONE', #270, .T. ) ;
#2289 = SPHERICAL_SURFACE ( 'NONE', #359, 1.574999999999999512 ) ;
#2290 = VERTEX_POINT ( 'NONE', #673 ) ;
#2291 = ORIENTED_EDGE ( 'NONE', *, *, #605, .T. ) ;
#2292 = CARTESIAN_POINT ( 'NONE',  ( 0.000000000000000000, -8.673617379884035472E-16, 0.8706140074682939822 ) ) ;
#2293 = CARTESIAN_POINT ( 'NONE',  ( 2.162499999999998757, -9.797174393178825657E-16, -2.500000000000001332 ) ) ;
#2294 = EDGE_CURVE ( 'NONE', #478, #47, #298, .T. ) ;
#2295 = ADVANCED_FACE ( 'NONE', ( #1730 ), #1478, .T. ) ;
#2296 = FACE_OUTER_BOUND ( 'NONE', #1265, .T. ) ;
#2297 = EDGE_LOOP ( 'NONE', ( #913, #365 ) ) ;
#2298 = APPLICATION_PROTOCOL_DEFINITION ( 'international standard', 'config_control_design', 1994, #946 ) ;
#2299 = EDGE_CURVE ( 'NONE', #793, #1171, #1029, .T. ) ;
#2300 = ORIENTED_EDGE ( 'NONE', *, *, #2010, .T. ) ;
#2301 = DIRECTION ( 'NONE',  ( -1.000000000000000000, 0.000000000000000000, 0.000000000000000000 ) ) ;
#2302 = DIRECTION ( 'NONE',  ( 0.000000000000000000, -1.000000000000000000, 0.000000000000000000 ) ) ;
#2303 = DIRECTION ( 'NONE',  ( -1.000000000000000000, 0.000000000000000000, 0.000000000000000000 ) ) ;
#2304 = CONICAL_SURFACE ( 'NONE', #1593, 3.294750000000003620, 0.7853981633974627119 ) ;
#2305 = AXIS2_PLACEMENT_3D ( 'NONE', #64, #1576, #1605 ) ;
#2306 = AXIS2_PLACEMENT_3D ( 'NONE', #393, #901, #1833 ) ;
#2307 = DIRECTION ( 'NONE',  ( -1.224646799147353207E-16, 1.000000000000000000, 0.000000000000000000 ) ) ;
#2308 = ADVANCED_FACE ( 'NONE', ( #1190 ), #1330, .T. ) ;
#2309 = AXIS2_PLACEMENT_3D ( 'NONE', #944, #1663, #767 ) ;
#2310 = CIRCLE ( 'NONE', #109, 5.840999999999997527 ) ;
#2311 = DIRECTION ( 'NONE',  ( 0.000000000000000000, 0.000000000000000000, -1.000000000000000000 ) ) ;
#2312 = ORIENTED_EDGE ( 'NONE', *, *, #867, .T. ) ;
#2313 = APPROVAL_ROLE ( '' ) ;
#2314 = CARTESIAN_POINT ( 'NONE',  ( 0.000000000000000000, -9.797174393178825657E-16, 2.500000000000002220 ) ) ;
#2315 = EDGE_LOOP ( 'NONE', ( #2257, #2351, #213, #1676 ) ) ;
#2316 = DIRECTION ( 'NONE',  ( -1.000000000000000000, 0.000000000000000000, 0.000000000000000000 ) ) ;
#2317 = CARTESIAN_POINT ( 'NONE',  ( -3.203749999999998099, -9.797174393178825657E-16, -2.409000000000000252 ) ) ;
#2318 = CARTESIAN_POINT ( 'NONE',  ( 2.608725981444359743, 5.417075318263273154, -9.644093543285404257E-17 ) ) ;
#2319 = ORIENTED_EDGE ( 'NONE', *, *, #88, .F. ) ;
#2320 = CARTESIAN_POINT ( 'NONE',  ( 0.000000000000000000, -9.797174393178825657E-16, -2.337500000000001688 ) ) ;
#2321 = AXIS2_PLACEMENT_3D ( 'NONE', #483, #2280, #116 ) ;
#2322 = CC_DESIGN_PERSON_AND_ORGANIZATION_ASSIGNMENT ( #157, #362, ( #1063 ) ) ;
#2323 = AXIS2_PLACEMENT_3D ( 'NONE', #1958, #1237, #2311 ) ;
#2324 = ADVANCED_FACE ( 'NONE', ( #1542 ), #1399, .T. ) ;
#2325 = CARTESIAN_POINT ( 'NONE',  ( -3.203749999999998099, -5.817990781049286922E-16, 2.409000000000000252 ) ) ;
#2326 = VERTEX_POINT ( 'NONE', #656 ) ;
#2327 = COORDINATED_UNIVERSAL_TIME_OFFSET ( 6, 0, .BEHIND. ) ;
#2328 = EDGE_CURVE ( 'NONE', #1824, #747, #343, .T. ) ;
#2329 = CARTESIAN_POINT ( 'NONE',  ( -5.840999999999997527, -2.644012439359139457E-16, 2.500000000000002220 ) ) ;
#2330 = ORIENTED_EDGE ( 'NONE', *, *, #88, .T. ) ;
#2331 = FACE_OUTER_BOUND ( 'NONE', #834, .T. ) ;
#2332 = CARTESIAN_POINT ( 'NONE',  ( 0.000000000000000000, -9.797174393178825657E-16, 2.409000000000000252 ) ) ;
#2333 = CARTESIAN_POINT ( 'NONE',  ( 0.000000000000000000, -9.797174393178825657E-16, -2.408999999999999808 ) ) ;
#2334 = ORIENTED_EDGE ( 'NONE', *, *, #1348, .T. ) ;
#2335 = EDGE_CURVE ( 'NONE', #1171, #800, #2270, .T. ) ;
#2336 = DIRECTION ( 'NONE',  ( 0.000000000000000000, 0.000000000000000000, 1.000000000000000000 ) ) ;
#2337 = LINE ( 'NONE', #539, #2162 ) ;
#2338 = EDGE_LOOP ( 'NONE', ( #1207, #1433, #2040, #2279 ) ) ;
#2339 = COORDINATED_UNIVERSAL_TIME_OFFSET ( 6, 0, .BEHIND. ) ;
#2340 = DIRECTION ( 'NONE',  ( 0.9009688679024216995, 0.4338837391175525693, 0.000000000000000000 ) ) ;
#2341 = ORIENTED_EDGE ( 'NONE', *, *, #651, .T. ) ;
#2342 = CARTESIAN_POINT ( 'NONE',  ( 5.671249999999997016, -2.851896233514402789E-16, 2.409000000000000252 ) ) ;
#2343 = CARTESIAN_POINT ( 'NONE',  ( 0.000000000000000000, -9.797174393178825657E-16, -2.460625000000003393 ) ) ;
#2344 = EDGE_CURVE ( 'NONE', #2086, #2106, #78, .T. ) ;
#2345 = CARTESIAN_POINT ( 'NONE',  ( 0.000000000000000000, -8.673617379884035472E-16, 0.000000000000000000 ) ) ;
#2346 = ORIENTED_EDGE ( 'NONE', *, *, #722, .T. ) ;
#2347 = DIRECTION ( 'NONE',  ( 1.000000000000000000, 0.000000000000000000, 0.000000000000000000 ) ) ;
#2348 = AXIS2_PLACEMENT_3D ( 'NONE', #1499, #963, #972 ) ;
#2349 = SPHERICAL_SURFACE ( 'NONE', #836, 1.574999999999999512 ) ;
#2350 = VECTOR ( 'NONE', #964, 1000.000000000000114 ) ;
#2351 = ORIENTED_EDGE ( 'NONE', *, *, #2078, .T. ) ;
#2352 = LOCAL_TIME ( 16, 26, 40.00000000000000000, #512 ) ;
#2353 = DATE_AND_TIME ( #1624, #1632 ) ;
ENDSEC;
END-ISO-10303-21;
