ISO-10303-21;
HEADER;
FILE_DESCRIPTION (( 'STEP AP203' ),
    '1' );
FILE_NAME ('4648K23_440C Stainless Steel Ball Bearing for Food and Beverage.STEP',
    '2026-01-18T22:02:05',
    ( 'McMaster Carr Supply' ),
    ( 'McMaster Carr Supply' ),
    'SwSTEP 2.0',
    'SolidWorks 2024',
    '' );
FILE_SCHEMA (( 'CONFIG_CONTROL_DESIGN' ));
ENDSEC;

DATA;
#1 = CIRCLE ( 'NONE', #302, 9.442999999999996064 ) ;
#2 = DIRECTION ( 'NONE',  ( -1.000000000000000000, 0.000000000000000000, 0.000000000000000000 ) ) ;
#3 = DIRECTION ( 'NONE',  ( 1.000000000000000000, 0.000000000000000000, 0.000000000000000000 ) ) ;
#4 = CARTESIAN_POINT ( 'NONE',  ( 9.624999999999998224, 1.990051048614446404E-16, 2.317999999999997396 ) ) ;
#5 = CIRCLE ( 'NONE', #1241, 9.703749999999999432 ) ;
#6 = EDGE_CURVE ( 'NONE', #653, #1398, #772, .T. ) ;
#7 = ORIENTED_EDGE ( 'NONE', *, *, #728, .T. ) ;
#8 = FACE_OUTER_BOUND ( 'NONE', #288, .T. ) ;
#9 = CARTESIAN_POINT ( 'NONE',  ( -9.624999999999998224, -9.797174393178825657E-16, -2.500000000000000000 ) ) ;
#10 = EDGE_LOOP ( 'NONE', ( #505, #1886, #2514, #2167 ) ) ;
#11 = DIRECTION ( 'NONE',  ( -0.000000000000000000, -0.000000000000000000, -1.000000000000000000 ) ) ;
#12 = VECTOR ( 'NONE', #1306, 999.9999999999998863 ) ;
#13 = ORIENTED_EDGE ( 'NONE', *, *, #1680, .F. ) ;
#14 = ORIENTED_EDGE ( 'NONE', *, *, #332, .T. ) ;
#15 = AXIS2_PLACEMENT_3D ( 'NONE', #691, #2106, #1331 ) ;
#16 = CARTESIAN_POINT ( 'NONE',  ( 0.000000000000000000, -1.734723475976807094E-15, 0.000000000000000000 ) ) ;
#17 = DIRECTION ( 'NONE',  ( -1.000000000000000000, 0.000000000000000000, 0.000000000000000000 ) ) ;
#18 = CIRCLE ( 'NONE', #1519, 9.624999999999998224 ) ;
#19 = CARTESIAN_POINT ( 'NONE',  ( -12.24999999999999645, -9.797174393178825657E-16, -2.317999999999998284 ) ) ;
#20 = DIRECTION ( 'NONE',  ( 0.000000000000000000, 0.000000000000000000, 1.000000000000000000 ) ) ;
#21 = LINE ( 'NONE', #841, #526 ) ;
#22 = ORIENTED_EDGE ( 'NONE', *, *, #796, .F. ) ;
#23 = ADVANCED_FACE ( 'NONE', ( #748 ), #1610, .F. ) ;
#24 = CARTESIAN_POINT ( 'NONE',  ( 9.703749999999999432, 2.086491984047302690E-16, -2.317999999999997396 ) ) ;
#25 = ORIENTED_EDGE ( 'NONE', *, *, #119, .F. ) ;
#26 = ORIENTED_EDGE ( 'NONE', *, *, #333, .F. ) ;
#27 = VERTEX_POINT ( 'NONE', #1568 ) ;
#28 = DIRECTION ( 'NONE',  ( -1.000000000000000000, 0.000000000000000000, 0.000000000000000000 ) ) ;
#29 = DIRECTION ( 'NONE',  ( 1.000000000000000000, 0.000000000000000000, 0.000000000000000000 ) ) ;
#30 = CARTESIAN_POINT ( 'NONE',  ( -6.957693428532114588, -6.264735302034798003, -9.644093543285401792E-17 ) ) ;
#31 = DIRECTION ( 'NONE',  ( -0.000000000000000000, -0.000000000000000000, -1.000000000000000000 ) ) ;
#32 = CARTESIAN_POINT ( 'NONE',  ( 12.24999999999999822, 5.204748896376249713E-16, -2.500000000000000000 ) ) ;
#33 = EDGE_CURVE ( 'NONE', #2406, #1333, #1198, .T. ) ;
#34 = ORIENTED_EDGE ( 'NONE', *, *, #1749, .T. ) ;
#35 = PERSON ( 'UNSPECIFIED', 'UNSPECIFIED', 'UNSPECIFIED', ('UNSPECIFIED'), ('UNSPECIFIED'), ('UNSPECIFIED') ) ;
#36 = DIRECTION ( 'NONE',  ( -0.000000000000000000, -0.000000000000000000, -1.000000000000000000 ) ) ;
#37 = ORIENTED_EDGE ( 'NONE', *, *, #1360, .T. ) ;
#38 = ADVANCED_FACE ( 'NONE', ( #584, #539 ), #1371, .F. ) ;
#39 = AXIS2_PLACEMENT_3D ( 'NONE', #2118, #2537, #2336 ) ;
#40 = PLANE ( 'NONE',  #638 ) ;
#41 = CIRCLE ( 'NONE', #897, 12.24999999999999645 ) ;
#42 = CARTESIAN_POINT ( 'NONE',  ( 0.000000000000000000, -1.734723475976807094E-15, 0.000000000000000000 ) ) ;
#43 = DIRECTION ( 'NONE',  ( 0.000000000000000000, 0.000000000000000000, -1.000000000000000000 ) ) ;
#44 = DIRECTION ( 'NONE',  ( 1.000000000000000000, 0.000000000000000000, 0.000000000000000000 ) ) ;
#45 = TOROIDAL_SURFACE ( 'NONE', #1594, 10.93749999999999822, 1.575000000000000178 ) ;
#46 = SPHERICAL_SURFACE ( 'NONE', #1914, 1.574999999999999067 ) ;
#47 = VERTEX_POINT ( 'NONE', #2416 ) ;
#48 = DIRECTION ( 'NONE',  ( 0.000000000000000000, -1.000000000000000000, 0.000000000000000000 ) ) ;
#49 = ORIENTED_EDGE ( 'NONE', *, *, #2126, .T. ) ;
#50 = EDGE_CURVE ( 'NONE', #577, #174, #253, .T. ) ;
#51 = ORIENTED_EDGE ( 'NONE', *, *, #1048, .F. ) ;
#52 = CARTESIAN_POINT ( 'NONE',  ( -9.624999999999998224, -9.797174393178825657E-16, -2.500000000000000000 ) ) ;
#53 = EDGE_CURVE ( 'NONE', #132, #1489, #1357, .T. ) ;
#54 = DIRECTION ( 'NONE',  ( -0.9510565162951504226, 0.3090169943749574433, 0.000000000000000000 ) ) ;
#55 = CARTESIAN_POINT ( 'NONE',  ( -12.24999999999999645, -9.797174393178825657E-16, -0.8706140074682938712 ) ) ;
#56 = AXIS2_PLACEMENT_3D ( 'NONE', #2275, #1651, #622 ) ;
#57 = DIRECTION ( 'NONE',  ( -0.000000000000000000, -0.000000000000000000, -1.000000000000000000 ) ) ;
#58 = AXIS2_PLACEMENT_3D ( 'NONE', #300, #2132, #262 ) ;
#59 = CARTESIAN_POINT ( 'NONE',  ( 0.000000000000000000, -9.797174393178825657E-16, -2.500000000000002220 ) ) ;
#60 = VERTEX_POINT ( 'NONE', #800 ) ;
#61 = MANIFOLD_SOLID_BREP ( 'CirPattern1[2]', #1064 ) ;
#62 = LINE ( 'NONE', #105, #299 ) ;
#63 = EDGE_LOOP ( 'NONE', ( #2249, #280 ) ) ;
#64 = ORIENTED_EDGE ( 'NONE', *, *, #1218, .F. ) ;
#65 = FACE_BOUND ( 'NONE', #2612, .T. ) ;
#66 = DIRECTION ( 'NONE',  ( -0.000000000000000000, -0.000000000000000000, -1.000000000000000000 ) ) ;
#67 = DIRECTION ( 'NONE',  ( -0.000000000000000000, -0.000000000000000000, -1.000000000000000000 ) ) ;
#68 = DIRECTION ( 'NONE',  ( -1.000000000000000000, 0.000000000000000000, 0.000000000000000000 ) ) ;
#69 = ADVANCED_FACE ( 'NONE', ( #2175 ), #1972, .T. ) ;
#70 = CARTESIAN_POINT ( 'NONE',  ( 0.000000000000000000, -9.703750000000001208, 2.317999999999997396 ) ) ;
#71 = ORIENTED_EDGE ( 'NONE', *, *, #1553, .T. ) ;
#72 = MANIFOLD_SOLID_BREP ( 'Chamfer2', #1494 ) ;
#73 = DIRECTION ( 'NONE',  ( 0.000000000000000000, 0.000000000000000000, 1.000000000000000000 ) ) ;
#74 = VERTEX_POINT ( 'NONE', #2426 ) ;
#75 = VECTOR ( 'NONE', #709, 1000.000000000000000 ) ;
#76 = FACE_OUTER_BOUND ( 'NONE', #869, .T. ) ;
#77 = AXIS2_PLACEMENT_3D ( 'NONE', #1591, #990, #2629 ) ;
#78 = ADVANCED_FACE ( 'NONE', ( #596 ), #1409, .T. ) ;
#79 = FACE_OUTER_BOUND ( 'NONE', #2444, .T. ) ;
#80 = CARTESIAN_POINT ( 'NONE',  ( -9.624999999999998224, -9.797174393178825657E-16, 2.318000000000000060 ) ) ;
#81 = AXIS2_PLACEMENT_3D ( 'NONE', #1559, #1399, #1841 ) ;
#82 = CARTESIAN_POINT ( 'NONE',  ( 4.448682033641441436, -9.991903442966004079, 0.000000000000000000 ) ) ;
#83 = AXIS2_PLACEMENT_3D ( 'NONE', #1952, #1540, #264 ) ;
#84 = AXIS2_PLACEMENT_3D ( 'NONE', #1310, #1363, #1166 ) ;
#85 = CARTESIAN_POINT ( 'NONE',  ( 0.000000000000000000, -9.797174393178825657E-16, 2.500000000000000888 ) ) ;
#86 = ADVANCED_FACE ( 'NONE', ( #342 ), #1988, .T. ) ;
#87 = AXIS2_PLACEMENT_3D ( 'NONE', #1055, #2500, #578 ) ;
#88 = VERTEX_POINT ( 'NONE', #942 ) ;
#89 = AXIS2_PLACEMENT_3D ( 'NONE', #1394, #2414, #17 ) ;
#90 = CARTESIAN_POINT ( 'NONE',  ( 9.624999999999998224, 1.990051048614446404E-16, 2.318000000000000060 ) ) ;
#91 = ORIENTED_EDGE ( 'NONE', *, *, #1781, .T. ) ;
#92 = AXIS2_PLACEMENT_3D ( 'NONE', #1548, #2360, #1766 ) ;
#93 = CARTESIAN_POINT ( 'NONE',  ( -10.40218064697825007, -3.379873375975960048, 0.000000000000000000 ) ) ;
#94 = MANIFOLD_SOLID_BREP ( 'CirPattern1[11]', #2603 ) ;
#95 = CIRCLE ( 'NONE', #2402, 9.624999999999998224 ) ;
#96 = CARTESIAN_POINT ( 'NONE',  ( -12.24999999999999822, -9.797174393178825657E-16, 2.317999999999997396 ) ) ;
#97 = CARTESIAN_POINT ( 'NONE',  ( 9.624999999999996447, 1.990051048614444678E-16, 2.460625000000001616 ) ) ;
#98 = DIRECTION ( 'NONE',  ( -0.000000000000000000, -0.000000000000000000, -1.000000000000000000 ) ) ;
#99 = ADVANCED_FACE ( 'NONE', ( #1771, #142 ), #955, .F. ) ;
#100 = DIRECTION ( 'NONE',  ( -0.7071067811865441310, 0.000000000000000000, -0.7071067811865507924 ) ) ;
#101 = MANIFOLD_SOLID_BREP ( 'CirPattern1[7]', #1103 ) ;
#102 = LINE ( 'NONE', #1925, #1084 ) ;
#103 = ORIENTED_EDGE ( 'NONE', *, *, #1602, .T. ) ;
#104 = AXIS2_PLACEMENT_3D ( 'NONE', #1386, #570, #166 ) ;
#105 = CARTESIAN_POINT ( 'NONE',  ( 9.703750000000001208, 2.086491984047304662E-16, -2.500000000000000000 ) ) ;
#106 = EDGE_LOOP ( 'NONE', ( #2252, #1094 ) ) ;
#107 = EDGE_CURVE ( 'NONE', #1497, #255, #2174, .T. ) ;
#108 = DIRECTION ( 'NONE',  ( -0.7431448254773862505, 0.6691306063588670083, 0.000000000000000000 ) ) ;
#109 = CARTESIAN_POINT ( 'NONE',  ( 0.000000000000000000, -9.797174393178825657E-16, 2.240000000000001101 ) ) ;
#110 = FACE_OUTER_BOUND ( 'NONE', #1320, .T. ) ;
#111 = PERSON_AND_ORGANIZATION ( #35, #533 ) ;
#112 = MANIFOLD_SOLID_BREP ( 'CirPattern1[12]', #1018 ) ;
#113 = CARTESIAN_POINT ( 'NONE',  ( -9.703749999999999432, -9.797174393178825657E-16, 2.317999999999997396 ) ) ;
#114 = ORIENTED_EDGE ( 'NONE', *, *, #186, .F. ) ;
#115 = EDGE_CURVE ( 'NONE', #2248, #1990, #2010, .T. ) ;
#116 = DIRECTION ( 'NONE',  ( -1.000000000000000000, -1.224646799147368491E-16, 0.000000000000000000 ) ) ;
#117 = EDGE_LOOP ( 'NONE', ( #482, #1178, #883, #664 ) ) ;
#118 = ADVANCED_FACE ( 'NONE', ( #1811, #1469 ), #1854, .F. ) ;
#119 = EDGE_CURVE ( 'NONE', #444, #1309, #2080, .T. ) ;
#120 = CARTESIAN_POINT ( 'NONE',  ( 0.000000000000000000, -1.734723475976807094E-15, 0.8706140074682938712 ) ) ;
#121 = CARTESIAN_POINT ( 'NONE',  ( -9.703749999999999432, -9.797174393178825657E-16, -2.317999999999997396 ) ) ;
#122 = CARTESIAN_POINT ( 'NONE',  ( 0.000000000000000000, -9.797174393178825657E-16, 2.460625000000001616 ) ) ;
#123 = CARTESIAN_POINT ( 'NONE',  ( 9.311211245385470292, 0.9786477373433135618, -9.644093543285401792E-17 ) ) ;
#124 = AXIS2_PLACEMENT_3D ( 'NONE', #1595, #2578, #382 ) ;
#125 = AXIS2_PLACEMENT_3D ( 'NONE', #326, #1805, #1618 ) ;
#126 = ORIENTED_EDGE ( 'NONE', *, *, #1347, .F. ) ;
#127 = AXIS2_PLACEMENT_3D ( 'NONE', #1229, #212, #1629 ) ;
#128 = MANIFOLD_SOLID_BREP ( 'CirPattern1[3]', #546 ) ;
#129 = DIRECTION ( 'NONE',  ( -1.000000000000000000, 0.000000000000000000, 0.000000000000000000 ) ) ;
#130 = CIRCLE ( 'NONE', #1637, 0.03937500000000121458 ) ;
#131 = ORIENTED_EDGE ( 'NONE', *, *, #888, .F. ) ;
#132 = VERTEX_POINT ( 'NONE', #1837 ) ;
#133 = ORIENTED_EDGE ( 'NONE', *, *, #311, .F. ) ;
#134 = AXIS2_PLACEMENT_3D ( 'NONE', #410, #1631, #1450 ) ;
#135 = EDGE_LOOP ( 'NONE', ( #1305, #2595 ) ) ;
#136 = DIRECTION ( 'NONE',  ( -1.000000000000000000, 0.000000000000000000, 0.000000000000000000 ) ) ;
#137 = ADVANCED_FACE ( 'NONE', ( #851 ), #427, .T. ) ;
#138 = DIRECTION ( 'NONE',  ( -0.000000000000000000, -0.000000000000000000, -1.000000000000000000 ) ) ;
#139 = DIRECTION ( 'NONE',  ( -1.224646799147353207E-16, 1.000000000000000000, 0.000000000000000000 ) ) ;
#140 = ADVANCED_FACE ( 'NONE', ( #193, #2093 ), #1676, .F. ) ;
#141 = CARTESIAN_POINT ( 'NONE',  ( 8.128146528658911407, -7.318616007050108507, 0.000000000000000000 ) ) ;
#142 = FACE_OUTER_BOUND ( 'NONE', #559, .T. ) ;
#143 = LINE ( 'NONE', #1783, #1472 ) ;
#144 = CIRCLE ( 'NONE', #1560, 9.885750000000005144 ) ;
#145 = VERTEX_POINT ( 'NONE', #1438 ) ;
#146 = ORIENTED_EDGE ( 'NONE', *, *, #1769, .F. ) ;
#147 = CIRCLE ( 'NONE', #1740, 9.624999999999998224 ) ;
#148 = DIRECTION ( 'NONE',  ( -0.000000000000000000, -0.000000000000000000, -1.000000000000000000 ) ) ;
#149 = COORDINATED_UNIVERSAL_TIME_OFFSET ( 6, 0, .BEHIND. ) ;
#150 = ORIENTED_EDGE ( 'NONE', *, *, #1690, .T. ) ;
#151 = DIRECTION ( 'NONE',  ( -0.3090169943749573878, -0.9510565162951503115, -1.224646799147352961E-16 ) ) ;
#152 = DIRECTION ( 'NONE',  ( 0.000000000000000000, 0.000000000000000000, 1.000000000000000000 ) ) ;
#153 = EDGE_CURVE ( 'NONE', #648, #1431, #1626, .T. ) ;
#154 = CARTESIAN_POINT ( 'NONE',  ( 0.000000000000000000, -9.797174393178825657E-16, -2.500000000000000000 ) ) ;
#155 = DIRECTION ( 'NONE',  ( -0.000000000000000000, -0.000000000000000000, -1.000000000000000000 ) ) ;
#156 = PRODUCT ( '4648K23_440C Stainless Steel Ball Bearing for Food and Beverage', '4648K23_440C Stainless Steel Ball Bearing for Food and Beverage', '', ( #368 ) ) ;
#157 = ORIENTED_EDGE ( 'NONE', *, *, #514, .T. ) ;
#158 = ORIENTED_EDGE ( 'NONE', *, *, #1634, .T. ) ;
#159 = CARTESIAN_POINT ( 'NONE',  ( -1.946573205281214802, 9.157906911870266953, -9.644093543285401792E-17 ) ) ;
#160 = DIRECTION ( 'NONE',  ( 1.000000000000000000, 0.000000000000000000, 0.000000000000000000 ) ) ;
#161 = EDGE_CURVE ( 'NONE', #1810, #1832, #2515, .T. ) ;
#162 = DIRECTION ( 'NONE',  ( 0.8090169943749503378, 0.5877852522924689183, 0.000000000000000000 ) ) ;
#163 = VECTOR ( 'NONE', #2480, 1000.000000000000000 ) ;
#164 = CARTESIAN_POINT ( 'NONE',  ( 12.24999999999999645, 5.204748896376247741E-16, -2.317999999999998284 ) ) ;
#165 = CIRCLE ( 'NONE', #383, 1.574999999999999289 ) ;
#166 = DIRECTION ( 'NONE',  ( -1.000000000000000000, 0.000000000000000000, 0.000000000000000000 ) ) ;
#167 = ORIENTED_EDGE ( 'NONE', *, *, #2642, .T. ) ;
#168 = AXIS2_PLACEMENT_3D ( 'NONE', #1660, #2462, #628 ) ;
#169 = DIRECTION ( 'NONE',  ( -0.6691306063588569053, 0.7431448254773953543, 0.000000000000000000 ) ) ;
#170 = ORIENTED_EDGE ( 'NONE', *, *, #417, .F. ) ;
#171 = CIRCLE ( 'NONE', #2434, 0.3250000000000000111 ) ;
#172 = AXIS2_PLACEMENT_3D ( 'NONE', #2631, #1620, #1851 ) ;
#173 = CARTESIAN_POINT ( 'NONE',  ( 0.000000000000000000, -9.797174393178825657E-16, 2.317999999999997396 ) ) ;
#174 = VERTEX_POINT ( 'NONE', #2258 ) ;
#175 = PLANE ( 'NONE',  #477 ) ;
#176 = CARTESIAN_POINT ( 'NONE',  ( -10.93749999999999822, -1.734723475976807094E-15, 0.000000000000000000 ) ) ;
#177 = CC_DESIGN_PERSON_AND_ORGANIZATION_ASSIGNMENT ( #2007, #2575, ( #573 ) ) ;
#178 = CARTESIAN_POINT ( 'NONE',  ( 0.000000000000000000, -9.797174393178825657E-16, -2.500000000000000000 ) ) ;
#179 = CARTESIAN_POINT ( 'NONE',  ( 8.499999999999996447, 6.123233995736732756E-17, 2.175000000000002043 ) ) ;
#180 = EDGE_LOOP ( 'NONE', ( #1502, #1270 ) ) ;
#181 = ORIENTED_EDGE ( 'NONE', *, *, #1570, .T. ) ;
#182 = AXIS2_PLACEMENT_3D ( 'NONE', #1678, #1857, #1063 ) ;
#183 = EDGE_LOOP ( 'NONE', ( #2032, #2469 ) ) ;
#184 = EDGE_CURVE ( 'NONE', #47, #2232, #1318, .T. ) ;
#185 = ADVANCED_FACE ( 'NONE', ( #245 ), #1051, .F. ) ;
#186 = EDGE_CURVE ( 'NONE', #1953, #577, #812, .T. ) ;
#187 = CIRCLE ( 'NONE', #2451, 1.574999999999998845 ) ;
#188 = AXIS2_PLACEMENT_3D ( 'NONE', #2335, #1492, #717 ) ;
#189 = CARTESIAN_POINT ( 'NONE',  ( 0.000000000000000000, -9.797174393178825657E-16, -2.317999999999997396 ) ) ;
#190 = CARTESIAN_POINT ( 'NONE',  ( 0.000000000000000000, -9.797174393178825657E-16, 2.317999999999997396 ) ) ;
#191 = DIRECTION ( 'NONE',  ( 0.000000000000000000, 0.000000000000000000, 1.000000000000000000 ) ) ;
#192 = ORIENTED_EDGE ( 'NONE', *, *, #1086, .F. ) ;
#193 = FACE_OUTER_BOUND ( 'NONE', #361, .T. ) ;
#194 = CARTESIAN_POINT ( 'NONE',  ( 9.624999999999998224, 1.990051048614446404E-16, -2.317999999999997396 ) ) ;
#195 = EDGE_LOOP ( 'NONE', ( #992, #1717, #1917, #2057 ) ) ;
#196 = CARTESIAN_POINT ( 'NONE',  ( -8.108162842931786685, 4.681250000000038547, -9.644093543285401792E-17 ) ) ;
#197 = EDGE_CURVE ( 'NONE', #2485, #2206, #2307, .T. ) ;
#198 = VERTEX_POINT ( 'NONE', #2645 ) ;
#199 = EDGE_CURVE ( 'NONE', #1963, #1266, #506, .T. ) ;
#200 = DIRECTION ( 'NONE',  ( -0.4067366430757887175, 0.9135454576426060846, 0.000000000000000000 ) ) ;
#201 = DIRECTION ( 'NONE',  ( -1.000000000000000000, 0.000000000000000000, 0.000000000000000000 ) ) ;
#202 = DIRECTION ( 'NONE',  ( -1.000000000000000000, 0.000000000000000000, 0.000000000000000000 ) ) ;
#203 = DIRECTION ( 'NONE',  ( -1.000000000000000000, 0.000000000000000000, 0.000000000000000000 ) ) ;
#204 = CARTESIAN_POINT ( 'NONE',  ( 0.000000000000000000, -9.797174393178825657E-16, -1.574999999999999956 ) ) ;
#205 = CIRCLE ( 'NONE', #2142, 9.624999999999996447 ) ;
#206 = ORIENTED_EDGE ( 'NONE', *, *, #1194, .F. ) ;
#207 = FACE_OUTER_BOUND ( 'NONE', #386, .T. ) ;
#208 = CIRCLE ( 'NONE', #1716, 12.99999999999999822 ) ;
#209 = EDGE_LOOP ( 'NONE', ( #22, #2120 ) ) ;
#210 = CONICAL_SURFACE ( 'NONE', #2394, 12.24999999999999645, 0.7853981633974541632 ) ;
#211 = AXIS2_PLACEMENT_3D ( 'NONE', #377, #443, #2021 ) ;
#212 = DIRECTION ( 'NONE',  ( 0.5000000000000039968, 0.8660254037844362651, -1.224646799147353454E-16 ) ) ;
#213 = ADVANCED_FACE ( 'NONE', ( #631 ), #1844, .T. ) ;
#214 = CIRCLE ( 'NONE', #944, 0.3250000000000006217 ) ;
#215 = FACE_BOUND ( 'NONE', #2597, .T. ) ;
#216 = DIRECTION ( 'NONE',  ( -0.000000000000000000, -0.000000000000000000, -1.000000000000000000 ) ) ;
#217 = CARTESIAN_POINT ( 'NONE',  ( 0.000000000000000000, -9.797174393178825657E-16, 2.175000000000002043 ) ) ;
#218 = ADVANCED_FACE ( 'NONE', ( #8 ), #413, .F. ) ;
#219 = VECTOR ( 'NONE', #2384, 1000.000000000000000 ) ;
#220 = LINE ( 'NONE', #32, #614 ) ;
#221 = TOROIDAL_SURFACE ( 'NONE', #2443, 10.93749999999999822, 1.575000000000000178 ) ;
#222 = EDGE_LOOP ( 'NONE', ( #993, #1642, #366, #2588 ) ) ;
#223 = CARTESIAN_POINT ( 'NONE',  ( -2.274034118319176123, 10.69848938302601304, 0.000000000000000000 ) ) ;
#224 = EDGE_LOOP ( 'NONE', ( #830, #1057, #2568, #2067 ) ) ;
#225 = VERTEX_POINT ( 'NONE', #2272 ) ;
#226 = ORIENTED_EDGE ( 'NONE', *, *, #1870, .F. ) ;
#227 = CIRCLE ( 'NONE', #1694, 12.99999999999999822 ) ;
#228 = CARTESIAN_POINT ( 'NONE',  ( 0.000000000000000000, -9.625000000000000000, 2.500000000000001332 ) ) ;
#229 = DIRECTION ( 'NONE',  ( -0.000000000000000000, -0.000000000000000000, -1.000000000000000000 ) ) ;
#230 = AXIS2_PLACEMENT_3D ( 'NONE', #1621, #395, #1208 ) ;
#231 = FACE_OUTER_BOUND ( 'NONE', #2098, .T. ) ;
#232 = CARTESIAN_POINT ( 'NONE',  ( 0.000000000000000000, -10.93750000000000000, 0.000000000000000000 ) ) ;
#233 = AXIS2_PLACEMENT_3D ( 'NONE', #877, #962, #1589 ) ;
#234 = DIRECTION ( 'NONE',  ( -0.000000000000000000, -0.000000000000000000, -1.000000000000000000 ) ) ;
#235 = EDGE_CURVE ( 'NONE', #174, #577, #205, .T. ) ;
#236 = EDGE_LOOP ( 'NONE', ( #847, #2366 ) ) ;
#237 = DIRECTION ( 'NONE',  ( -1.000000000000000000, 0.000000000000000000, 0.000000000000000000 ) ) ;
#238 = VERTEX_POINT ( 'NONE', #1248 ) ;
#239 = EDGE_LOOP ( 'NONE', ( #1582, #2055 ) ) ;
#240 = ORIENTED_EDGE ( 'NONE', *, *, #2074, .F. ) ;
#241 = DIRECTION ( 'NONE',  ( -0.000000000000000000, 0.000000000000000000, -1.000000000000000000 ) ) ;
#242 = CARTESIAN_POINT ( 'NONE',  ( 12.17124999999999879, 5.108307960943395153E-16, 2.317999999999997396 ) ) ;
#243 = DIRECTION ( 'NONE',  ( -0.000000000000000000, 0.000000000000000000, -1.000000000000000000 ) ) ;
#244 = EDGE_CURVE ( 'NONE', #802, #2512, #510, .T. ) ;
#245 = FACE_OUTER_BOUND ( 'NONE', #1317, .T. ) ;
#246 = FACE_OUTER_BOUND ( 'NONE', #2513, .T. ) ;
#247 = EDGE_LOOP ( 'NONE', ( #1039, #2243, #91, #804 ) ) ;
#248 = EDGE_CURVE ( 'NONE', #1843, #968, #165, .T. ) ;
#249 = FACE_OUTER_BOUND ( 'NONE', #412, .T. ) ;
#250 = EDGE_LOOP ( 'NONE', ( #1488, #1251, #1707, #2460 ) ) ;
#251 = ORIENTED_EDGE ( 'NONE', *, *, #417, .T. ) ;
#252 = VERTEX_POINT ( 'NONE', #1742 ) ;
#253 = CIRCLE ( 'NONE', #1230, 9.624999999999996447 ) ;
#254 = AXIS2_PLACEMENT_3D ( 'NONE', #2589, #758, #1969 ) ;
#255 = VERTEX_POINT ( 'NONE', #929 ) ;
#256 = DIRECTION ( 'NONE',  ( 1.000000000000000000, 0.000000000000000000, -0.000000000000000000 ) ) ;
#257 = TOROIDAL_SURFACE ( 'NONE', #1939, 12.73999999999999844, 0.2600000000000000089 ) ;
#258 = FACE_OUTER_BOUND ( 'NONE', #1177, .T. ) ;
#259 = DIRECTION ( 'NONE',  ( -1.000000000000000000, 0.000000000000000000, 0.000000000000000000 ) ) ;
#260 = CIRCLE ( 'NONE', #211, 9.624999999999998224 ) ;
#261 = AXIS2_PLACEMENT_3D ( 'NONE', #2284, #886, #1300 ) ;
#262 = DIRECTION ( 'NONE',  ( 1.000000000000000000, 0.000000000000000000, 0.000000000000000000 ) ) ;
#263 = EDGE_LOOP ( 'NONE', ( #2045, #64 ) ) ;
#264 = DIRECTION ( 'NONE',  ( -0.9945218953682744001, -0.1045284632676436731, 0.000000000000000000 ) ) ;
#265 = CIRCLE ( 'NONE', #695, 1.574999999999999956 ) ;
#266 = ORIENTED_EDGE ( 'NONE', *, *, #1816, .T. ) ;
#267 = EDGE_LOOP ( 'NONE', ( #2404, #1053, #7, #1504 ) ) ;
#268 = AXIS2_PLACEMENT_3D ( 'NONE', #1719, #1294, #694 ) ;
#269 = ADVANCED_FACE ( 'NONE', ( #2363 ), #2431, .T. ) ;
#270 = DIRECTION ( 'NONE',  ( -0.000000000000000000, -0.000000000000000000, -1.000000000000000000 ) ) ;
#271 = DIRECTION ( 'NONE',  ( -0.3090169943749574433, -0.9510565162951504226, -0.000000000000000000 ) ) ;
#272 = FACE_OUTER_BOUND ( 'NONE', #1414, .T. ) ;
#273 = CIRCLE ( 'NONE', #56, 8.499999999999996447 ) ;
#274 = DIRECTION ( 'NONE',  ( -1.000000000000000000, 0.000000000000000000, 0.000000000000000000 ) ) ;
#275 = CIRCLE ( 'NONE', #1777, 1.575000000000000178 ) ;
#276 = CARTESIAN_POINT ( 'NONE',  ( 12.24999999999999645, 5.204748896376247741E-16, -2.317999999999998284 ) ) ;
#277 = CC_DESIGN_APPROVAL ( #852, ( #2039 ) ) ;
#278 = VERTEX_POINT ( 'NONE', #1935 ) ;
#279 = CARTESIAN_POINT ( 'NONE',  ( 11.98924999999999663, -9.797174393178825657E-16, -2.500000000000000888 ) ) ;
#280 = ORIENTED_EDGE ( 'NONE', *, *, #1511, .F. ) ;
#281 = ADVANCED_FACE ( 'NONE', ( #2551, #1509 ), #1536, .F. ) ;
#282 = DIRECTION ( 'NONE',  ( -0.000000000000000000, -0.000000000000000000, -1.000000000000000000 ) ) ;
#283 = ADVANCED_FACE ( 'NONE', ( #1911 ), #718, .T. ) ;
#284 = CARTESIAN_POINT ( 'NONE',  ( -9.472152853892273683, 5.468750000000044409, 0.000000000000000000 ) ) ;
#285 = FACE_OUTER_BOUND ( 'NONE', #2381, .T. ) ;
#286 = DIRECTION ( 'NONE',  ( 1.000000000000000000, 0.000000000000000000, 0.000000000000000000 ) ) ;
#287 = FACE_OUTER_BOUND ( 'NONE', #314, .T. ) ;
#288 = EDGE_LOOP ( 'NONE', ( #1066, #1444, #2596, #2124 ) ) ;
#289 = FACE_OUTER_BOUND ( 'NONE', #1635, .T. ) ;
#290 = EDGE_LOOP ( 'NONE', ( #2637, #376 ) ) ;
#291 = CLOSED_SHELL ( 'NONE', ( #1443, #2235 ) ) ;
#292 = DIRECTION ( 'NONE',  ( -0.000000000000000000, -0.000000000000000000, -1.000000000000000000 ) ) ;
#293 = DIRECTION ( 'NONE',  ( 1.000000000000000000, 0.000000000000000000, 0.000000000000000000 ) ) ;
#294 = AXIS2_PLACEMENT_3D ( 'NONE', #232, #44, #1024 ) ;
#295 = EDGE_CURVE ( 'NONE', #303, #1990, #2650, .T. ) ;
#296 = DIRECTION ( 'NONE',  ( 0.9945218953682744001, 0.1045284632676436731, 0.000000000000000000 ) ) ;
#297 = CIRCLE ( 'NONE', #2655, 9.362499999999997158 ) ;
#298 = DIRECTION ( 'NONE',  ( -1.000000000000000000, 0.000000000000000000, 0.000000000000000000 ) ) ;
#299 = VECTOR ( 'NONE', #2529, 1000.000000000000000 ) ;
#300 = CARTESIAN_POINT ( 'NONE',  ( 0.000000000000000000, -9.797174393178825657E-16, -2.500000000000002220 ) ) ;
#301 = ADVANCED_FACE ( 'NONE', ( #2346 ), #1976, .F. ) ;
#302 = AXIS2_PLACEMENT_3D ( 'NONE', #1339, #336, #2574 ) ;
#303 = VERTEX_POINT ( 'NONE', #1948 ) ;
#304 = AXIS2_PLACEMENT_3D ( 'NONE', #2210, #229, #201 ) ;
#305 = DIRECTION ( 'NONE',  ( -0.000000000000000000, -0.000000000000000000, 1.000000000000000000 ) ) ;
#306 = EDGE_LOOP ( 'NONE', ( #1485, #1876 ) ) ;
#307 = DIRECTION ( 'NONE',  ( 0.8090169943749425663, -0.5877852522924797984, -1.224646799147353207E-16 ) ) ;
#308 = DIRECTION ( 'NONE',  ( -1.000000000000000000, 0.000000000000000000, 0.000000000000000000 ) ) ;
#309 = CARTESIAN_POINT ( 'NONE',  ( 0.000000000000000000, -9.797174393178825657E-16, -2.500000000000000000 ) ) ;
#310 = CARTESIAN_POINT ( 'NONE',  ( 0.000000000000000000, -1.734723475976807094E-15, 0.000000000000000000 ) ) ;
#311 = EDGE_CURVE ( 'NONE', #255, #1497, #1362, .T. ) ;
#312 = CIRCLE ( 'NONE', #1338, 9.624999999999998224 ) ;
#313 = CARTESIAN_POINT ( 'NONE',  ( 12.43199999999999861, -9.797174393178825657E-16, 2.500000000000001332 ) ) ;
#314 = EDGE_LOOP ( 'NONE', ( #2179, #1058 ) ) ;
#315 = AXIS2_PLACEMENT_3D ( 'NONE', #2188, #2415, #1807 ) ;
#316 = ADVANCED_FACE ( 'NONE', ( #1129 ), #878, .T. ) ;
#317 = LINE ( 'NONE', #90, #12 ) ;
#318 = AXIS2_PLACEMENT_3D ( 'NONE', #976, #162, #380 ) ;
#319 = ORIENTED_EDGE ( 'NONE', *, *, #723, .T. ) ;
#320 = ORIENTED_EDGE ( 'NONE', *, *, #1781, .F. ) ;
#321 = AXIS2_PLACEMENT_3D ( 'NONE', #487, #2324, #2138 ) ;
#322 = CARTESIAN_POINT ( 'NONE',  ( -8.499999999999996447, -9.797174393178825657E-16, 2.175000000000002043 ) ) ;
#323 = DIRECTION ( 'NONE',  ( -1.000000000000000000, 0.000000000000000000, 0.000000000000000000 ) ) ;
#324 = CARTESIAN_POINT ( 'NONE',  ( -9.442999999999996064, 1.767165331169626395E-16, -2.500000000000002220 ) ) ;
#325 = DATE_AND_TIME ( #337, #657 ) ;
#326 = CARTESIAN_POINT ( 'NONE',  ( -4.448682033641573774, -9.991903442965943682, 0.000000000000000000 ) ) ;
#327 = DIRECTION ( 'NONE',  ( -0.9945218953682728458, 0.1045284632676571207, 0.000000000000000000 ) ) ;
#328 = VERTEX_POINT ( 'NONE', #904 ) ;
#329 = FACE_OUTER_BOUND ( 'NONE', #1871, .T. ) ;
#330 = ORIENTED_EDGE ( 'NONE', *, *, #1297, .T. ) ;
#331 = VERTEX_POINT ( 'NONE', #672 ) ;
#332 = EDGE_CURVE ( 'NONE', #1080, #1887, #2311, .T. ) ;
#333 = EDGE_CURVE ( 'NONE', #1884, #47, #1754, .T. ) ;
#334 = DIRECTION ( 'NONE',  ( -0.000000000000000000, -0.000000000000000000, -1.000000000000000000 ) ) ;
#335 = ADVANCED_FACE ( 'NONE', ( #1291 ), #2103, .T. ) ;
#336 = DIRECTION ( 'NONE',  ( -0.000000000000000000, -0.000000000000000000, -1.000000000000000000 ) ) ;
#337 = CALENDAR_DATE ( 2026, 18, 1 ) ;
#338 = DIRECTION ( 'NONE',  ( 0.000000000000000000, 0.000000000000000000, -1.000000000000000000 ) ) ;
#339 = CIRCLE ( 'NONE', #1233, 11.98924999999999663 ) ;
#340 = CARTESIAN_POINT ( 'NONE',  ( 9.472152853892346513, 5.468749999999912070, 0.000000000000000000 ) ) ;
#341 = VECTOR ( 'NONE', #496, 1000.000000000000000 ) ;
#342 = FACE_OUTER_BOUND ( 'NONE', #135, .T. ) ;
#343 = AXIS2_PLACEMENT_3D ( 'NONE', #668, #1738, #1908 ) ;
#344 = CARTESIAN_POINT ( 'NONE',  ( 12.24999999999999645, 5.204748896376247741E-16, 0.8706140074682938712 ) ) ;
#345 = AXIS2_PLACEMENT_3D ( 'NONE', #2339, #880, #2329 ) ;
#346 = ORIENTED_EDGE ( 'NONE', *, *, #1009, .F. ) ;
#347 = AXIS2_PLACEMENT_3D ( 'NONE', #737, #2367, #932 ) ;
#348 = VERTEX_POINT ( 'NONE', #917 ) ;
#349 = VERTEX_POINT ( 'NONE', #2325 ) ;
#350 = AXIS2_PLACEMENT_3D ( 'NONE', #1947, #1096, #1467 ) ;
#351 = DIRECTION ( 'NONE',  ( -1.000000000000000000, 0.000000000000000000, 0.000000000000000000 ) ) ;
#352 = ADVANCED_FACE ( 'NONE', ( #1959 ), #1107, .T. ) ;
#353 = CARTESIAN_POINT ( 'NONE',  ( -12.24999999999999822, -9.797174393178825657E-16, -2.500000000000000000 ) ) ;
#354 = COORDINATED_UNIVERSAL_TIME_OFFSET ( 6, 0, .BEHIND. ) ;
#355 = VECTOR ( 'NONE', #1573, 1000.000000000000114 ) ;
#356 = FACE_OUTER_BOUND ( 'NONE', #2041, .T. ) ;
#357 = DIRECTION ( 'NONE',  ( 1.000000000000000000, 0.000000000000000000, 0.000000000000000000 ) ) ;
#358 = DIRECTION ( 'NONE',  ( -0.000000000000000000, -0.000000000000000000, -1.000000000000000000 ) ) ;
#359 = CARTESIAN_POINT ( 'NONE',  ( 0.000000000000000000, -9.797174393178825657E-16, -2.500000000000000000 ) ) ;
#360 = VECTOR ( 'NONE', #462, 1000.000000000000000 ) ;
#361 = EDGE_LOOP ( 'NONE', ( #2087, #933 ) ) ;
#362 = ORIENTED_EDGE ( 'NONE', *, *, #396, .T. ) ;
#363 = AXIS2_PLACEMENT_3D ( 'NONE', #2173, #538, #327 ) ;
#364 = EDGE_LOOP ( 'NONE', ( #1257, #2639 ) ) ;
#365 = ADVANCED_FACE ( 'NONE', ( #1090 ), #1022, .F. ) ;
#366 = ORIENTED_EDGE ( 'NONE', *, *, #1323, .T. ) ;
#367 = FACE_OUTER_BOUND ( 'NONE', #250, .T. ) ;
#368 = MECHANICAL_CONTEXT ( 'NONE', #794, 'mechanical' ) ;
#369 = SPHERICAL_SURFACE ( 'NONE', #125, 1.574999999999999067 ) ;
#370 = EDGE_CURVE ( 'NONE', #2281, #2487, #814, .T. ) ;
#371 = ADVANCED_FACE ( 'NONE', ( #2209 ), #681, .T. ) ;
#372 = DIRECTION ( 'NONE',  ( 1.000000000000000000, 0.000000000000000000, -0.000000000000000000 ) ) ;
#373 = CARTESIAN_POINT ( 'NONE',  ( -9.885750000000005144, -9.797174393178825657E-16, -2.500000000000001332 ) ) ;
#374 = VERTEX_POINT ( 'NONE', #1368 ) ;
#375 = SPHERICAL_SURFACE ( 'NONE', #773, 1.574999999999999067 ) ;
#376 = ORIENTED_EDGE ( 'NONE', *, *, #1829, .T. ) ;
#377 = CARTESIAN_POINT ( 'NONE',  ( 0.000000000000000000, -1.734723475976807094E-15, 0.8706140074682938712 ) ) ;
#378 = DIRECTION ( 'NONE',  ( -0.000000000000000000, -0.000000000000000000, -1.000000000000000000 ) ) ;
#379 = DIRECTION ( 'NONE',  ( -0.000000000000000000, -0.000000000000000000, -1.000000000000000000 ) ) ;
#380 = DIRECTION ( 'NONE',  ( 0.000000000000000000, 0.000000000000000000, -1.000000000000000000 ) ) ;
#381 = AXIS2_PLACEMENT_3D ( 'NONE', #1173, #2000, #553 ) ;
#382 = DIRECTION ( 'NONE',  ( 1.000000000000000000, 0.000000000000000000, -0.000000000000000000 ) ) ;
#383 = AXIS2_PLACEMENT_3D ( 'NONE', #1263, #1303, #1701 ) ;
#384 = CYLINDRICAL_SURFACE ( 'NONE', #994, 9.624999999999998224 ) ;
#385 = ADVANCED_FACE ( 'NONE', ( #356 ), #369, .T. ) ;
#386 = EDGE_LOOP ( 'NONE', ( #240, #2499, #2475, #1056 ) ) ;
#387 = DIRECTION ( 'NONE',  ( -1.000000000000000000, 1.224646799147350989E-16, 0.000000000000000000 ) ) ;
#388 = ORIENTED_EDGE ( 'NONE', *, *, #446, .T. ) ;
#389 = EDGE_CURVE ( 'NONE', #617, #2653, #769, .T. ) ;
#390 = AXIS2_PLACEMENT_3D ( 'NONE', #2137, #1113, #498 ) ;
#391 = DIRECTION ( 'NONE',  ( 0.000000000000000000, 0.000000000000000000, 1.000000000000000000 ) ) ;
#392 = AXIS2_PLACEMENT_3D ( 'NONE', #2334, #1313, #1688 ) ;
#393 = FACE_OUTER_BOUND ( 'NONE', #855, .T. ) ;
#394 = DIRECTION ( 'NONE',  ( -0.9781476007338069101, -0.2079116908177532363, -0.000000000000000000 ) ) ;
#395 = DIRECTION ( 'NONE',  ( -0.000000000000000000, -0.000000000000000000, -1.000000000000000000 ) ) ;
#396 = EDGE_CURVE ( 'NONE', #1135, #1431, #744, .T. ) ;
#397 = DIRECTION ( 'NONE',  ( -1.000000000000000000, 0.000000000000000000, 0.000000000000000000 ) ) ;
#398 = CARTESIAN_POINT ( 'NONE',  ( -9.624999999999996447, -9.797174393178825657E-16, 2.460625000000001616 ) ) ;
#399 = ORIENTED_EDGE ( 'NONE', *, *, #2012, .T. ) ;
#400 = LINE ( 'NONE', #587, #1025 ) ;
#401 = EDGE_CURVE ( 'NONE', #1897, #278, #2389, .T. ) ;
#402 = VERTEX_POINT ( 'NONE', #2412 ) ;
#403 = CIRCLE ( 'NONE', #2238, 9.624999999999998224 ) ;
#404 = ORIENTED_EDGE ( 'NONE', *, *, #370, .F. ) ;
#405 = CIRCLE ( 'NONE', #1256, 12.24999999999999822 ) ;
#406 = VERTEX_POINT ( 'NONE', #549 ) ;
#407 = APPROVAL_DATE_TIME ( #1628, #852 ) ;
#408 = AXIS2_PLACEMENT_3D ( 'NONE', #1232, #216, #838 ) ;
#409 = CARTESIAN_POINT ( 'NONE',  ( 9.624999999999996447, -5.511788850258370863E-16, -2.460625000000002061 ) ) ;
#410 = CARTESIAN_POINT ( 'NONE',  ( 0.000000000000000000, -9.797174393178825657E-16, 1.575000000000000400 ) ) ;
#411 = DIRECTION ( 'NONE',  ( -0.000000000000000000, -0.000000000000000000, -1.000000000000000000 ) ) ;
#412 = EDGE_LOOP ( 'NONE', ( #2084, #569, #1476, #133 ) ) ;
#413 = CYLINDRICAL_SURFACE ( 'NONE', #1713, 9.624999999999998224 ) ;
#414 = CARTESIAN_POINT ( 'NONE',  ( 6.428901196948998198, 8.848623375975934735, 0.000000000000000000 ) ) ;
#415 = ORIENTED_EDGE ( 'NONE', *, *, #2365, .F. ) ;
#416 = FACE_OUTER_BOUND ( 'NONE', #1556, .T. ) ;
#417 = EDGE_CURVE ( 'NONE', #720, #2607, #208, .T. ) ;
#418 = ADVANCED_FACE ( 'NONE', ( #974 ), #1605, .T. ) ;
#419 = ORIENTED_EDGE ( 'NONE', *, *, #1951, .F. ) ;
#420 = ADVANCED_FACE ( 'NONE', ( #2423 ), #1142, .T. ) ;
#421 = DESIGN_CONTEXT ( 'detailed design', #2534, 'design' ) ;
#422 = DIRECTION ( 'NONE',  ( -0.000000000000000000, -0.000000000000000000, 1.000000000000000000 ) ) ;
#423 = DIRECTION ( 'NONE',  ( -0.000000000000000000, -0.000000000000000000, -1.000000000000000000 ) ) ;
#424 = CYLINDRICAL_SURFACE ( 'NONE', #408, 12.24999999999999645 ) ;
#425 = DIRECTION ( 'NONE',  ( -1.000000000000000000, 0.000000000000000000, 0.000000000000000000 ) ) ;
#426 = DIRECTION ( 'NONE',  ( -0.000000000000000000, -0.000000000000000000, -1.000000000000000000 ) ) ;
#427 = TOROIDAL_SURFACE ( 'NONE', #2347, 8.824999999999997513, 0.3250000000000000111 ) ;
#428 = ORIENTED_EDGE ( 'NONE', *, *, #2491, .T. ) ;
#429 = CYLINDRICAL_SURFACE ( 'NONE', #1111, 9.703750000000001208 ) ;
#430 = AXIS2_PLACEMENT_3D ( 'NONE', #2199, #139, #1778 ) ;
#431 = CIRCLE ( 'NONE', #127, 1.574999999999999512 ) ;
#432 = VERTEX_POINT ( 'NONE', #123 ) ;
#433 = ORIENTED_EDGE ( 'NONE', *, *, #807, .F. ) ;
#434 = ORIENTED_EDGE ( 'NONE', *, *, #1249, .T. ) ;
#435 = AXIS2_PLACEMENT_3D ( 'NONE', #1983, #138, #2615 ) ;
#436 = CIRCLE ( 'NONE', #642, 9.624999999999998224 ) ;
#437 = ADVANCED_FACE ( 'NONE', ( #537 ), #2022, .F. ) ;
#438 = DIRECTION ( 'NONE',  ( -0.000000000000000000, -0.000000000000000000, -1.000000000000000000 ) ) ;
#439 = CARTESIAN_POINT ( 'NONE',  ( 0.000000000000000000, -9.797174393178825657E-16, 2.500000000000001332 ) ) ;
#440 = DIRECTION ( 'NONE',  ( -1.000000000000000000, 0.000000000000000000, 0.000000000000000000 ) ) ;
#441 = LINE ( 'NONE', #1869, #832 ) ;
#442 = ORIENTED_EDGE ( 'NONE', *, *, #2096, .F. ) ;
#443 = DIRECTION ( 'NONE',  ( -0.000000000000000000, -0.000000000000000000, -1.000000000000000000 ) ) ;
#444 = VERTEX_POINT ( 'NONE', #1986 ) ;
#445 = ORIENTED_EDGE ( 'NONE', *, *, #1991, .T. ) ;
#446 = EDGE_CURVE ( 'NONE', #2653, #1704, #1393, .T. ) ;
#447 = CIRCLE ( 'NONE', #953, 9.703749999999999432 ) ;
#448 = DIRECTION ( 'NONE',  ( 1.000000000000000000, 0.000000000000000000, 0.000000000000000000 ) ) ;
#449 = CARTESIAN_POINT ( 'NONE',  ( -12.17124999999999879, 5.108307960943395153E-16, -2.317999999999997396 ) ) ;
#450 = AXIS2_PLACEMENT_3D ( 'NONE', #2024, #2164, #1576 ) ;
#451 = DIRECTION ( 'NONE',  ( 0.000000000000000000, 0.000000000000000000, -1.000000000000000000 ) ) ;
#452 = CARTESIAN_POINT ( 'NONE',  ( 0.000000000000000000, -9.797174393178825657E-16, 2.500000000000001332 ) ) ;
#453 = CARTESIAN_POINT ( 'NONE',  ( 0.000000000000000000, -9.624999999999998224, -2.500000000000002220 ) ) ;
#454 = ORIENTED_EDGE ( 'NONE', *, *, #555, .T. ) ;
#455 = CARTESIAN_POINT ( 'NONE',  ( -8.824999999999997513, -9.797174393178825657E-16, 2.175000000000002043 ) ) ;
#456 = VERTEX_POINT ( 'NONE', #1768 ) ;
#457 = EDGE_LOOP ( 'NONE', ( #987, #1282, #1862, #2635 ) ) ;
#458 = DIRECTION ( 'NONE',  ( -0.000000000000000000, -0.000000000000000000, -1.000000000000000000 ) ) ;
#459 = DIRECTION ( 'NONE',  ( -0.5000000000000039968, -0.8660254037844362651, -0.000000000000000000 ) ) ;
#460 = DIRECTION ( 'NONE',  ( -0.7071067811865526798, 0.000000000000000000, -0.7071067811865424657 ) ) ;
#461 = DIRECTION ( 'NONE',  ( 1.000000000000000000, 0.000000000000000000, -0.000000000000000000 ) ) ;
#462 = DIRECTION ( 'NONE',  ( 0.7071067811865533459, 8.659560562355004349E-17, -0.7071067811865416886 ) ) ;
#463 = VERTEX_POINT ( 'NONE', #939 ) ;
#464 = EDGE_CURVE ( 'NONE', #634, #1670, #339, .T. ) ;
#465 = DIRECTION ( 'NONE',  ( 0.000000000000000000, 0.000000000000000000, -1.000000000000000000 ) ) ;
#466 = EDGE_LOOP ( 'NONE', ( #428, #1461 ) ) ;
#467 = ORIENTED_EDGE ( 'NONE', *, *, #401, .F. ) ;
#468 = AXIS2_PLACEMENT_3D ( 'NONE', #1037, #1234, #864 ) ;
#469 = AXIS2_PLACEMENT_3D ( 'NONE', #2601, #2172, #1381 ) ;
#470 = LINE ( 'NONE', #1287, #938 ) ;
#471 = VECTOR ( 'NONE', #521, 1000.000000000000000 ) ;
#472 = DIRECTION ( 'NONE',  ( 0.5877852522924689183, -0.8090169943749504489, 0.000000000000000000 ) ) ;
#473 = CIRCLE ( 'NONE', #2314, 12.24999999999999645 ) ;
#474 = DIRECTION ( 'NONE',  ( -1.000000000000000000, 0.000000000000000000, 0.000000000000000000 ) ) ;
#475 = DIRECTION ( 'NONE',  ( -0.000000000000000000, -0.000000000000000000, -1.000000000000000000 ) ) ;
#476 = CIRCLE ( 'NONE', #1977, 11.98924999999999663 ) ;
#477 = AXIS2_PLACEMENT_3D ( 'NONE', #837, #2643, #1034 ) ;
#478 = DIRECTION ( 'NONE',  ( 0.7071067811865541231, 0.000000000000000000, 0.7071067811865408004 ) ) ;
#479 = EDGE_CURVE ( 'NONE', #2380, #1375, #2266, .T. ) ;
#480 = ORIENTED_EDGE ( 'NONE', *, *, #1411, .F. ) ;
#481 = FACE_OUTER_BOUND ( 'NONE', #2110, .T. ) ;
#482 = ORIENTED_EDGE ( 'NONE', *, *, #2656, .F. ) ;
#483 = ORIENTED_EDGE ( 'NONE', *, *, #1112, .T. ) ;
#484 = ADVANCED_FACE ( 'NONE', ( #1193 ), #2056, .F. ) ;
#485 = DIRECTION ( 'NONE',  ( 0.000000000000000000, 0.000000000000000000, 1.000000000000000000 ) ) ;
#486 = DIRECTION ( 'NONE',  ( -0.000000000000000000, -0.000000000000000000, -1.000000000000000000 ) ) ;
#487 = CARTESIAN_POINT ( 'NONE',  ( -10.87758323059048493, 1.143280066989999399, 0.000000000000000000 ) ) ;
#488 = VECTOR ( 'NONE', #919, 1000.000000000000114 ) ;
#489 = CIRCLE ( 'NONE', #1915, 0.03937500000000208195 ) ;
#490 = CARTESIAN_POINT ( 'NONE',  ( 0.000000000000000000, -9.797174393178825657E-16, 1.575000000000000400 ) ) ;
#491 = ORIENTED_EDGE ( 'NONE', *, *, #1000, .T. ) ;
#492 = CC_DESIGN_PERSON_AND_ORGANIZATION_ASSIGNMENT ( #111, #768, ( #1344 ) ) ;
#493 = CYLINDRICAL_SURFACE ( 'NONE', #827, 12.24999999999999645 ) ;
#494 = ORIENTED_EDGE ( 'NONE', *, *, #1567, .F. ) ;
#495 = FACE_OUTER_BOUND ( 'NONE', #2654, .T. ) ;
#496 = DIRECTION ( 'NONE',  ( -0.000000000000000000, -0.000000000000000000, -1.000000000000000000 ) ) ;
#497 = EDGE_CURVE ( 'NONE', #1135, #1144, #2018, .T. ) ;
#498 = DIRECTION ( 'NONE',  ( -1.000000000000000000, 0.000000000000000000, 0.000000000000000000 ) ) ;
#499 = DIRECTION ( 'NONE',  ( -1.000000000000000000, 0.000000000000000000, 0.000000000000000000 ) ) ;
#500 = CARTESIAN_POINT ( 'NONE',  ( 0.000000000000000000, -9.797174393178825657E-16, -2.317999999999998284 ) ) ;
#501 = FACE_OUTER_BOUND ( 'NONE', #263, .T. ) ;
#502 = ORIENTED_EDGE ( 'NONE', *, *, #2031, .T. ) ;
#503 = DIRECTION ( 'NONE',  ( -0.000000000000000000, -0.000000000000000000, -1.000000000000000000 ) ) ;
#504 = EDGE_LOOP ( 'NONE', ( #946, #615 ) ) ;
#505 = ORIENTED_EDGE ( 'NONE', *, *, #1428, .T. ) ;
#506 = CIRCLE ( 'NONE', #854, 0.03937500000000208195 ) ;
#507 = EDGE_CURVE ( 'NONE', #1333, #2228, #727, .T. ) ;
#508 = CARTESIAN_POINT ( 'NONE',  ( 3.808071820797074292, -8.553069347178899662, -9.644093543285401792E-17 ) ) ;
#509 = FACE_OUTER_BOUND ( 'NONE', #1015, .T. ) ;
#510 = CIRCLE ( 'NONE', #294, 1.574999999999999067 ) ;
#511 = CARTESIAN_POINT ( 'NONE',  ( 0.000000000000000000, -1.734723475976807094E-15, 0.000000000000000000 ) ) ;
#512 = DIRECTION ( 'NONE',  ( -0.000000000000000000, -0.000000000000000000, -1.000000000000000000 ) ) ;
#513 = CIRCLE ( 'NONE', #1979, 1.574999999999999067 ) ;
#514 = EDGE_CURVE ( 'NONE', #1266, #2228, #861, .T. ) ;
#515 = DIRECTION ( 'NONE',  ( -1.000000000000000000, 0.000000000000000000, 0.000000000000000000 ) ) ;
#516 = EDGE_LOOP ( 'NONE', ( #502, #37, #1014, #1147 ) ) ;
#517 = AXIS2_PLACEMENT_3D ( 'NONE', #1220, #1246, #3 ) ;
#518 = CARTESIAN_POINT ( 'NONE',  ( 0.000000000000000000, -9.797174393178825657E-16, -2.317999999999997396 ) ) ;
#519 = ORIENTED_EDGE ( 'NONE', *, *, #1991, .F. ) ;
#520 = CARTESIAN_POINT ( 'NONE',  ( 12.99999999999999822, 6.123233995736764310E-16, 2.240000000000001101 ) ) ;
#521 = DIRECTION ( 'NONE',  ( -0.000000000000000000, -0.000000000000000000, -1.000000000000000000 ) ) ;
#522 = EDGE_CURVE ( 'NONE', #1375, #2380, #2349, .T. ) ;
#523 = CARTESIAN_POINT ( 'NONE',  ( -9.703750000000001208, -1.734723475976807094E-15, -2.460625000000002061 ) ) ;
#524 =( NAMED_UNIT ( * ) PLANE_ANGLE_UNIT ( ) SI_UNIT ( $, .RADIAN. ) );
#525 = CARTESIAN_POINT ( 'NONE',  ( 0.000000000000000000, -9.797174393178825657E-16, 2.175000000000002043 ) ) ;
#526 = VECTOR ( 'NONE', #1664, 1000.000000000000000 ) ;
#527 = CARTESIAN_POINT ( 'NONE',  ( -7.354662969309515574, 10.12282514211656448, -9.644093543285401792E-17 ) ) ;
#528 = ADVANCED_FACE ( 'NONE', ( #393 ), #1405, .F. ) ;
#529 = ORIENTED_EDGE ( 'NONE', *, *, #248, .T. ) ;
#530 = TOROIDAL_SURFACE ( 'NONE', #2036, 9.664374999999999716, 0.03937500000000208195 ) ;
#531 = CARTESIAN_POINT ( 'NONE',  ( 0.000000000000000000, -9.797174393178825657E-16, 2.317999999999997396 ) ) ;
#532 = EDGE_CURVE ( 'NONE', #348, #2108, #1630, .T. ) ;
#533 = ORGANIZATION ( 'UNSPECIFIED', 'UNSPECIFIED', '' ) ;
#534 = EDGE_LOOP ( 'NONE', ( #2027, #1376 ) ) ;
#535 = CARTESIAN_POINT ( 'NONE',  ( 0.000000000000000000, -9.797174393178825657E-16, 2.500000000000001332 ) ) ;
#536 = DIRECTION ( 'NONE',  ( 0.000000000000000000, 0.000000000000000000, -1.000000000000000000 ) ) ;
#537 = FACE_OUTER_BOUND ( 'NONE', #2246, .T. ) ;
#538 = DIRECTION ( 'NONE',  ( 0.1045284632676570929, 0.9945218953682729568, -1.224646799147353454E-16 ) ) ;
#539 = FACE_OUTER_BOUND ( 'NONE', #2088, .T. ) ;
#540 = DIRECTION ( 'NONE',  ( 1.000000000000000000, 0.000000000000000000, 0.000000000000000000 ) ) ;
#541 = ORIENTED_EDGE ( 'NONE', *, *, #389, .T. ) ;
#542 = EDGE_CURVE ( 'NONE', #1708, #463, #1760, .T. ) ;
#543 = ORIENTED_EDGE ( 'NONE', *, *, #693, .T. ) ;
#544 = ORIENTED_EDGE ( 'NONE', *, *, #1870, .T. ) ;
#545 = CYLINDRICAL_SURFACE ( 'NONE', #688, 12.24999999999999822 ) ;
#546 = CLOSED_SHELL ( 'NONE', ( #1312, #2303 ) ) ;
#547 = DIRECTION ( 'NONE',  ( -1.000000000000000000, 0.000000000000000000, 0.000000000000000000 ) ) ;
#548 = PERSON_AND_ORGANIZATION_ROLE ( 'design_supplier' ) ;
#549 = CARTESIAN_POINT ( 'NONE',  ( 8.108162842931848857, 4.681249999999924860, -9.644093543285401792E-17 ) ) ;
#550 = AXIS2_PLACEMENT_3D ( 'NONE', #2400, #2374, #338 ) ;
#551 = DIRECTION ( 'NONE',  ( 0.000000000000000000, 0.000000000000000000, -1.000000000000000000 ) ) ;
#552 = CIRCLE ( 'NONE', #2221, 1.574999999999999289 ) ;
#553 = DIRECTION ( 'NONE',  ( 1.000000000000000000, 0.000000000000000000, 0.000000000000000000 ) ) ;
#554 = CONICAL_SURFACE ( 'NONE', #84, 9.442999999999996064, 0.7853981633974437271 ) ;
#555 = EDGE_CURVE ( 'NONE', #1665, #860, #1801, .T. ) ;
#556 = DIRECTION ( 'NONE',  ( -0.000000000000000000, -0.000000000000000000, -1.000000000000000000 ) ) ;
#557 = ORIENTED_EDGE ( 'NONE', *, *, #2594, .T. ) ;
#558 = CIRCLE ( 'NONE', #2065, 9.703749999999999432 ) ;
#559 = EDGE_LOOP ( 'NONE', ( #1244, #1120 ) ) ;
#560 = EDGE_CURVE ( 'NONE', #1309, #1859, #977, .T. ) ;
#561 = ADVANCED_FACE ( 'NONE', ( #2268 ), #1365, .T. ) ;
#562 = EDGE_LOOP ( 'NONE', ( #1942, #1401, #2428, #835 ) ) ;
#563 = AXIS2_PLACEMENT_3D ( 'NONE', #1533, #148, #547 ) ;
#564 = CARTESIAN_POINT ( 'NONE',  ( 9.703749999999999432, -9.797174393178825657E-16, 2.317999999999997396 ) ) ;
#565 = PERSON_AND_ORGANIZATION ( #35, #533 ) ;
#566 = CIRCLE ( 'NONE', #2073, 8.824999999999997513 ) ;
#567 = DIRECTION ( 'NONE',  ( -0.000000000000000000, -0.000000000000000000, -1.000000000000000000 ) ) ;
#568 = FACE_OUTER_BOUND ( 'NONE', #1682, .T. ) ;
#569 = ORIENTED_EDGE ( 'NONE', *, *, #1922, .T. ) ;
#570 = DIRECTION ( 'NONE',  ( -0.000000000000000000, -0.000000000000000000, -1.000000000000000000 ) ) ;
#571 = AXIS2_PLACEMENT_3D ( 'NONE', #1222, #2259, #2066 ) ;
#572 = EDGE_LOOP ( 'NONE', ( #1027, #2280, #1442, #2043 ) ) ;
#573 = PRODUCT_DEFINITION ( 'UNKNOWN', '', #1344, #421 ) ;
#574 = CARTESIAN_POINT ( 'NONE',  ( 0.000000000000000000, -9.797174393178825657E-16, -2.317999999999997396 ) ) ;
#575 = AXIS2_PLACEMENT_3D ( 'NONE', #439, #191, #1674 ) ;
#576 = ORIENTED_EDGE ( 'NONE', *, *, #2408, .F. ) ;
#577 = VERTEX_POINT ( 'NONE', #409 ) ;
#578 = DIRECTION ( 'NONE',  ( -1.000000000000000000, 0.000000000000000000, 0.000000000000000000 ) ) ;
#579 = CARTESIAN_POINT ( 'NONE',  ( 0.000000000000000000, -9.797174393178825657E-16, -2.500000000000000000 ) ) ;
#580 = ADVANCED_FACE ( 'NONE', ( #2254, #1047 ), #40, .F. ) ;
#581 = DIRECTION ( 'NONE',  ( 0.000000000000000000, 0.000000000000000000, 1.000000000000000000 ) ) ;
#582 = FACE_OUTER_BOUND ( 'NONE', #679, .T. ) ;
#583 = ORIENTED_EDGE ( 'NONE', *, *, #2528, .T. ) ;
#584 = FACE_BOUND ( 'NONE', #1903, .T. ) ;
#585 = CARTESIAN_POINT ( 'NONE',  ( 5.503139424588342266, 7.574421609835400915, -9.644093543285401792E-17 ) ) ;
#586 = ORIENTED_EDGE ( 'NONE', *, *, #2420, .T. ) ;
#587 = CARTESIAN_POINT ( 'NONE',  ( -9.703749999999999432, 2.086491984047302690E-16, 2.317999999999997396 ) ) ;
#588 = EDGE_LOOP ( 'NONE', ( #1684, #103 ) ) ;
#589 = ADVANCED_FACE ( 'NONE', ( #1245, #641 ), #2239, .F. ) ;
#590 = DIRECTION ( 'NONE',  ( 0.000000000000000000, 0.000000000000000000, -1.000000000000000000 ) ) ;
#591 = DIRECTION ( 'NONE',  ( -0.000000000000000000, -0.000000000000000000, -1.000000000000000000 ) ) ;
#592 = FACE_OUTER_BOUND ( 'NONE', #777, .T. ) ;
#593 = FACE_OUTER_BOUND ( 'NONE', #2489, .T. ) ;
#594 = ADVANCED_FACE ( 'NONE', ( #1219 ), #817, .F. ) ;
#595 = CLOSED_SHELL ( 'NONE', ( #1849, #365, #698, #713, #762, #1466, #23, #1761, #1446, #2506, #2609, #78, #2013, #613, #1099, #1905, #884, #594 ) ) ;
#596 = FACE_OUTER_BOUND ( 'NONE', #996, .T. ) ;
#597 = AXIS2_PLACEMENT_3D ( 'NONE', #2640, #848, #2449 ) ;
#598 = DIRECTION ( 'NONE',  ( -1.000000000000000000, 0.000000000000000000, 0.000000000000000000 ) ) ;
#599 = ORIENTED_EDGE ( 'NONE', *, *, #2262, .F. ) ;
#600 = AXIS2_PLACEMENT_3D ( 'NONE', #1004, #1206, #1864 ) ;
#601 = DIRECTION ( 'NONE',  ( -1.224646799147353454E-16, 0.000000000000000000, 1.000000000000000000 ) ) ;
#602 = VERTEX_POINT ( 'NONE', #2058 ) ;
#603 = EDGE_LOOP ( 'NONE', ( #26, #399, #2189, #434 ) ) ;
#604 = AXIS2_PLACEMENT_3D ( 'NONE', #2181, #1736, #1981 ) ;
#605 = DIRECTION ( 'NONE',  ( 1.000000000000000000, 0.000000000000000000, 0.000000000000000000 ) ) ;
#606 = AXIS2_PLACEMENT_3D ( 'NONE', #122, #2184, #2344 ) ;
#607 = CARTESIAN_POINT ( 'NONE',  ( 0.000000000000000000, -9.797174393178825657E-16, 2.500000000000001332 ) ) ;
#608 = CARTESIAN_POINT ( 'NONE',  ( -9.664374999999997939, -1.734723475976807094E-15, 2.460625000000002061 ) ) ;
#609 = EDGE_CURVE ( 'NONE', #2165, #833, #431, .T. ) ;
#610 = PLANE ( 'NONE',  #1082 ) ;
#611 = EDGE_LOOP ( 'NONE', ( #419, #1440 ) ) ;
#612 = FACE_OUTER_BOUND ( 'NONE', #588, .T. ) ;
#613 = ADVANCED_FACE ( 'NONE', ( #1033 ), #2477, .F. ) ;
#614 = VECTOR ( 'NONE', #234, 1000.000000000000000 ) ;
#615 = ORIENTED_EDGE ( 'NONE', *, *, #2594, .F. ) ;
#616 = AXIS2_PLACEMENT_3D ( 'NONE', #176, #630, #451 ) ;
#617 = VERTEX_POINT ( 'NONE', #1259 ) ;
#618 = DIRECTION ( 'NONE',  ( -1.000000000000000000, 0.000000000000000000, 0.000000000000000000 ) ) ;
#619 = DIRECTION ( 'NONE',  ( -0.000000000000000000, -0.000000000000000000, -1.000000000000000000 ) ) ;
#620 = CARTESIAN_POINT ( 'NONE',  ( 0.000000000000000000, -1.734723475976807094E-15, -0.8706140074682938712 ) ) ;
#621 = DIRECTION ( 'NONE',  ( -0.000000000000000000, -0.000000000000000000, -1.000000000000000000 ) ) ;
#622 = DIRECTION ( 'NONE',  ( -1.000000000000000000, 0.000000000000000000, 0.000000000000000000 ) ) ;
#623 = ORIENTED_EDGE ( 'NONE', *, *, #1167, .T. ) ;
#624 = DIRECTION ( 'NONE',  ( 1.224646799147353207E-16, 1.000000000000000000, -0.000000000000000000 ) ) ;
#625 = ORIENTED_EDGE ( 'NONE', *, *, #1964, .F. ) ;
#626 = ORIENTED_EDGE ( 'NONE', *, *, #985, .T. ) ;
#627 = EDGE_CURVE ( 'NONE', #1843, #968, #552, .T. ) ;
#628 = DIRECTION ( 'NONE',  ( 0.8660254037844431485, 0.4999999999999921174, 0.000000000000000000 ) ) ;
#629 = DIRECTION ( 'NONE',  ( -1.000000000000000000, 0.000000000000000000, 0.000000000000000000 ) ) ;
#630 = DIRECTION ( 'NONE',  ( 0.000000000000000000, -1.000000000000000000, 0.000000000000000000 ) ) ;
#631 = FACE_OUTER_BOUND ( 'NONE', #247, .T. ) ;
#632 = CARTESIAN_POINT ( 'NONE',  ( -12.99999999999999822, -9.797174393178825657E-16, -2.500000000000000000 ) ) ;
#633 = CLOSED_SHELL ( 'NONE', ( #2026, #418 ) ) ;
#634 = VERTEX_POINT ( 'NONE', #1645 ) ;
#635 = AXIS2_PLACEMENT_3D ( 'NONE', #1315, #2139, #2163 ) ;
#636 = EDGE_CURVE ( 'NONE', #402, #406, #2312, .T. ) ;
#637 = DIRECTION ( 'NONE',  ( -0.000000000000000000, -0.000000000000000000, -1.000000000000000000 ) ) ;
#638 = AXIS2_PLACEMENT_3D ( 'NONE', #1687, #241, #1404 ) ;
#639 = ORIENTED_EDGE ( 'NONE', *, *, #2505, .T. ) ;
#640 = EDGE_LOOP ( 'NONE', ( #1975, #491, #158, #775 ) ) ;
#641 = FACE_BOUND ( 'NONE', #2448, .T. ) ;
#642 = AXIS2_PLACEMENT_3D ( 'NONE', #1435, #581, #2061 ) ;
#643 = FACE_OUTER_BOUND ( 'NONE', #1200, .T. ) ;
#644 = FACE_OUTER_BOUND ( 'NONE', #106, .T. ) ;
#645 = DIRECTION ( 'NONE',  ( 1.000000000000000000, 0.000000000000000000, 0.000000000000000000 ) ) ;
#646 = CARTESIAN_POINT ( 'NONE',  ( 12.43200000000000038, 5.427634613821069229E-16, -2.499999999999999556 ) ) ;
#647 = ORIENTED_EDGE ( 'NONE', *, *, #2316, .F. ) ;
#648 = VERTEX_POINT ( 'NONE', #1311 ) ;
#649 = DIRECTION ( 'NONE',  ( -1.000000000000000000, 0.000000000000000000, 0.000000000000000000 ) ) ;
#650 = EDGE_CURVE ( 'NONE', #2228, #1333, #1633, .T. ) ;
#651 = ORIENTED_EDGE ( 'NONE', *, *, #2012, .F. ) ;
#652 = CIRCLE ( 'NONE', #1253, 12.24999999999999822 ) ;
#653 = VERTEX_POINT ( 'NONE', #96 ) ;
#654 = CIRCLE ( 'NONE', #450, 12.17124999999999879 ) ;
#655 = DIRECTION ( 'NONE',  ( 0.9781476007338069101, 0.2079116908177532363, -1.224646799147353207E-16 ) ) ;
#656 = LINE ( 'NONE', #449, #1507 ) ;
#657 = LOCAL_TIME ( 16, 2, 5.000000000000000000, #1789 ) ;
#658 = DIRECTION ( 'NONE',  ( -0.000000000000000000, -0.000000000000000000, -1.000000000000000000 ) ) ;
#659 = DIRECTION ( 'NONE',  ( 0.000000000000000000, 0.000000000000000000, 1.000000000000000000 ) ) ;
#660 = ADVANCED_FACE ( 'NONE', ( #1957 ), #715, .T. ) ;
#661 = CIRCLE ( 'NONE', #233, 0.2599999999999997868 ) ;
#662 = DIRECTION ( 'NONE',  ( -1.000000000000000000, 0.000000000000000000, 0.000000000000000000 ) ) ;
#663 = ORIENTED_EDGE ( 'NONE', *, *, #2641, .T. ) ;
#664 = ORIENTED_EDGE ( 'NONE', *, *, #2642, .F. ) ;
#665 = DIRECTION ( 'NONE',  ( 0.000000000000000000, 0.000000000000000000, -1.000000000000000000 ) ) ;
#666 = ORIENTED_EDGE ( 'NONE', *, *, #2140, .T. ) ;
#667 = ORIENTED_EDGE ( 'NONE', *, *, #1534, .T. ) ;
#668 = CARTESIAN_POINT ( 'NONE',  ( 0.000000000000000000, -9.797174393178825657E-16, -2.500000000000000000 ) ) ;
#669 = ADVANCED_FACE ( 'NONE', ( #913 ), #2490, .T. ) ;
#670 = CARTESIAN_POINT ( 'NONE',  ( -6.428901196948878294, 8.848623375976020000, 0.000000000000000000 ) ) ;
#671 = CYLINDRICAL_SURFACE ( 'NONE', #1132, 9.624999999999998224 ) ;
#672 = CARTESIAN_POINT ( 'NONE',  ( 6.957693428532028435, -6.264735302034893927, -9.644093543285401792E-17 ) ) ;
#673 = DIRECTION ( 'NONE',  ( 0.000000000000000000, 0.000000000000000000, 1.000000000000000000 ) ) ;
#674 = EDGE_CURVE ( 'NONE', #27, #238, #1921, .T. ) ;
#675 = EDGE_LOOP ( 'NONE', ( #2565, #678 ) ) ;
#676 = AXIS2_PLACEMENT_3D ( 'NONE', #1882, #1636, #645 ) ;
#677 = DIRECTION ( 'NONE',  ( -0.000000000000000000, -0.000000000000000000, -1.000000000000000000 ) ) ;
#678 = ORIENTED_EDGE ( 'NONE', *, *, #2341, .T. ) ;
#679 = EDGE_LOOP ( 'NONE', ( #1463, #764 ) ) ;
#680 = ORIENTED_EDGE ( 'NONE', *, *, #839, .T. ) ;
#681 = CONICAL_SURFACE ( 'NONE', #2564, 9.624999999999998224, 0.7853981633974554954 ) ;
#682 = TOROIDAL_SURFACE ( 'NONE', #857, 10.93749999999999822, 1.575000000000000178 ) ;
#683 = DIRECTION ( 'NONE',  ( -0.9135454576426005335, 0.4067366430758010409, -1.224646799147353207E-16 ) ) ;
#684 = CIRCLE ( 'NONE', #2611, 1.574999999999999067 ) ;
#685 = DIRECTION ( 'NONE',  ( -1.000000000000000000, 0.000000000000000000, 0.000000000000000000 ) ) ;
#686 = AXIS2_PLACEMENT_3D ( 'NONE', #2222, #391, #1205 ) ;
#687 = DIRECTION ( 'NONE',  ( 0.8090169943749503378, 0.5877852522924689183, 0.000000000000000000 ) ) ;
#688 = AXIS2_PLACEMENT_3D ( 'NONE', #2358, #292, #1945 ) ;
#689 = DIRECTION ( 'NONE',  ( -1.000000000000000000, 0.000000000000000000, 0.000000000000000000 ) ) ;
#690 = AXIS2_PLACEMENT_3D ( 'NONE', #948, #755, #1723 ) ;
#691 = CARTESIAN_POINT ( 'NONE',  ( -8.128146528659010883, -7.318616007049996597, 0.000000000000000000 ) ) ;
#692 = EDGE_LOOP ( 'NONE', ( #1043, #2075 ) ) ;
#693 = EDGE_CURVE ( 'NONE', #2306, #1144, #297, .T. ) ;
#694 = DIRECTION ( 'NONE',  ( 1.000000000000000000, 0.000000000000000000, -0.000000000000000000 ) ) ;
#695 = AXIS2_PLACEMENT_3D ( 'NONE', #2091, #849, #1273 ) ;
#696 = ORIENTED_EDGE ( 'NONE', *, *, #1218, .T. ) ;
#697 = ORIENTED_EDGE ( 'NONE', *, *, #1379, .T. ) ;
#698 = ADVANCED_FACE ( 'NONE', ( #1095 ), #257, .T. ) ;
#699 = CARTESIAN_POINT ( 'NONE',  ( -12.99999999999999822, -9.797174393178825657E-16, 2.240000000000001101 ) ) ;
#700 = DIRECTION ( 'NONE',  ( 0.000000000000000000, 0.000000000000000000, 1.000000000000000000 ) ) ;
#701 = DIRECTION ( 'NONE',  ( -0.000000000000000000, -0.000000000000000000, -1.000000000000000000 ) ) ;
#702 = CARTESIAN_POINT ( 'NONE',  ( 0.000000000000000000, -9.797174393178825657E-16, -1.574999999999999956 ) ) ;
#703 = CIRCLE ( 'NONE', #2195, 1.574999999999999067 ) ;
#704 = DIRECTION ( 'NONE',  ( -0.000000000000000000, -0.000000000000000000, -1.000000000000000000 ) ) ;
#705 = CIRCLE ( 'NONE', #1956, 12.99999999999999822 ) ;
#706 = CARTESIAN_POINT ( 'NONE',  ( 9.442999999999996064, -9.797174393178825657E-16, -2.500000000000002220 ) ) ;
#707 = APPROVAL_PERSON_ORGANIZATION ( #2600, #2090, #2616 ) ;
#708 = VERTEX_POINT ( 'NONE', #1506 ) ;
#709 = DIRECTION ( 'NONE',  ( 0.7071067811865441310, 0.000000000000000000, 0.7071067811865507924 ) ) ;
#710 = EDGE_LOOP ( 'NONE', ( #2095, #483, #251, #1603 ) ) ;
#711 = ORIENTED_EDGE ( 'NONE', *, *, #2509, .T. ) ;
#712 = ADVANCED_FACE ( 'NONE', ( #65, #2343 ), #1724, .F. ) ;
#713 = ADVANCED_FACE ( 'NONE', ( #76 ), #1498, .T. ) ;
#714 = CARTESIAN_POINT ( 'NONE',  ( 12.44395521579553154, 1.307912396636390806, -9.644093543285401792E-17 ) ) ;
#715 = CYLINDRICAL_SURFACE ( 'NONE', #343, 12.24999999999999822 ) ;
#716 = DIRECTION ( 'NONE',  ( -1.000000000000000000, 0.000000000000000000, 0.000000000000000000 ) ) ;
#717 = DIRECTION ( 'NONE',  ( -1.000000000000000000, 0.000000000000000000, 0.000000000000000000 ) ) ;
#718 = CYLINDRICAL_SURFACE ( 'NONE', #1154, 9.624999999999998224 ) ;
#719 = CARTESIAN_POINT ( 'NONE',  ( 0.000000000000000000, -9.797174393178825657E-16, 1.575000000000000400 ) ) ;
#720 = VERTEX_POINT ( 'NONE', #2099 ) ;
#721 = CARTESIAN_POINT ( 'NONE',  ( 9.624999999999998224, 1.990051048614446404E-16, 2.318000000000000060 ) ) ;
#722 = EDGE_LOOP ( 'NONE', ( #819, #519, #2220, #1913 ) ) ;
#723 = EDGE_CURVE ( 'NONE', #374, #1616, #1197, .T. ) ;
#724 = CLOSED_SHELL ( 'NONE', ( #352, #936, #1554, #1019, #38, #1855, #335 ) ) ;
#725 = CARTESIAN_POINT ( 'NONE',  ( 6.428901196948998198, 8.848623375975934735, 0.000000000000000000 ) ) ;
#726 = DIRECTION ( 'NONE',  ( -1.000000000000000000, 0.000000000000000000, 0.000000000000000000 ) ) ;
#727 = CIRCLE ( 'NONE', #1067, 9.703749999999999432 ) ;
#728 = EDGE_CURVE ( 'NONE', #198, #648, #1699, .T. ) ;
#729 = SPHERICAL_SURFACE ( 'NONE', #92, 1.574999999999999067 ) ;
#730 = APPLICATION_PROTOCOL_DEFINITION ( 'international standard', 'config_control_design', 1994, #2534 ) ;
#731 = AXIS2_PLACEMENT_3D ( 'NONE', #2034, #1059, #1877 ) ;
#732 = DIRECTION ( 'NONE',  ( -0.000000000000000000, -0.000000000000000000, -1.000000000000000000 ) ) ;
#733 = SPHERICAL_SURFACE ( 'NONE', #2628, 1.574999999999999067 ) ;
#734 = AXIS2_PLACEMENT_3D ( 'NONE', #1817, #36, #1900 ) ;
#735 = ORIENTED_EDGE ( 'NONE', *, *, #1297, .F. ) ;
#736 = CIRCLE ( 'NONE', #350, 9.624999999999998224 ) ;
#737 = CARTESIAN_POINT ( 'NONE',  ( -10.87758323059048493, 1.143280066989999399, 0.000000000000000000 ) ) ;
#738 = EDGE_LOOP ( 'NONE', ( #1073, #2540, #1874, #735 ) ) ;
#739 = EDGE_LOOP ( 'NONE', ( #226, #1782 ) ) ;
#740 = DIRECTION ( 'NONE',  ( -1.000000000000000000, 0.000000000000000000, 0.000000000000000000 ) ) ;
#741 = DIRECTION ( 'NONE',  ( 1.224646799147353207E-16, 1.000000000000000000, -0.000000000000000000 ) ) ;
#742 = CYLINDRICAL_SURFACE ( 'NONE', #1598, 12.99999999999999822 ) ;
#743 = PERSON_AND_ORGANIZATION ( #35, #533 ) ;
#744 = LINE ( 'NONE', #1997, #1321 ) ;
#745 = CIRCLE ( 'NONE', #1649, 9.885750000000005144 ) ;
#746 = DIRECTION ( 'NONE',  ( -1.000000000000000000, 0.000000000000000000, 0.000000000000000000 ) ) ;
#747 = EDGE_CURVE ( 'NONE', #349, #2421, #1677, .T. ) ;
#748 = FACE_OUTER_BOUND ( 'NONE', #2544, .T. ) ;
#749 = AXIS2_PLACEMENT_3D ( 'NONE', #825, #1822, #2271 ) ;
#750 = DIRECTION ( 'NONE',  ( 0.000000000000000000, 0.000000000000000000, -1.000000000000000000 ) ) ;
#751 = CIRCLE ( 'NONE', #1779, 12.24999999999999822 ) ;
#752 = ORIENTED_EDGE ( 'NONE', *, *, #532, .F. ) ;
#753 = ORIENTED_EDGE ( 'NONE', *, *, #2424, .T. ) ;
#754 = ORIENTED_EDGE ( 'NONE', *, *, #2149, .F. ) ;
#755 = DIRECTION ( 'NONE',  ( -0.000000000000000000, -0.000000000000000000, -1.000000000000000000 ) ) ;
#756 = SPHERICAL_SURFACE ( 'NONE', #1907, 1.574999999999999067 ) ;
#757 = PERSON_AND_ORGANIZATION ( #35, #533 ) ;
#758 = DIRECTION ( 'NONE',  ( 0.1045284632676436454, -0.9945218953682744001, 0.000000000000000000 ) ) ;
#759 = EDGE_CURVE ( 'NONE', #328, #1599, #2144, .T. ) ;
#760 = DIRECTION ( 'NONE',  ( 0.000000000000000000, 0.000000000000000000, -1.000000000000000000 ) ) ;
#761 = ORIENTED_EDGE ( 'NONE', *, *, #1580, .F. ) ;
#762 = ADVANCED_FACE ( 'NONE', ( #509 ), #682, .F. ) ;
#763 = LINE ( 'NONE', #373, #1125 ) ;
#764 = ORIENTED_EDGE ( 'NONE', *, *, #370, .T. ) ;
#765 = ORIENTED_EDGE ( 'NONE', *, *, #1112, .F. ) ;
#766 = CLOSED_SHELL ( 'NONE', ( #843, #2453 ) ) ;
#767 = DIRECTION ( 'NONE',  ( -0.000000000000000000, -0.000000000000000000, -1.000000000000000000 ) ) ;
#768 = PERSON_AND_ORGANIZATION_ROLE ( 'creator' ) ;
#769 = CIRCLE ( 'NONE', #2473, 12.24999999999999645 ) ;
#770 = CARTESIAN_POINT ( 'NONE',  ( -9.624999999999998224, -9.797174393178825657E-16, -2.500000000000000000 ) ) ;
#771 = AXIS2_PLACEMENT_3D ( 'NONE', #1427, #1751, #2216 ) ;
#772 = LINE ( 'NONE', #2619, #1539 ) ;
#773 = AXIS2_PLACEMENT_3D ( 'NONE', #2015, #169, #983 ) ;
#774 = CIRCLE ( 'NONE', #1413, 0.2600000000000002309 ) ;
#775 = ORIENTED_EDGE ( 'NONE', *, *, #1833, .T. ) ;
#776 = AXIS2_PLACEMENT_3D ( 'NONE', #1518, #2383, #108 ) ;
#777 = EDGE_LOOP ( 'NONE', ( #433, #696, #49, #1658 ) ) ;
#778 = ORIENTED_EDGE ( 'NONE', *, *, #2591, .T. ) ;
#779 = EDGE_CURVE ( 'NONE', #2253, #174, #470, .T. ) ;
#780 = AXIS2_PLACEMENT_3D ( 'NONE', #309, #767, #1588 ) ;
#781 = CARTESIAN_POINT ( 'NONE',  ( 0.000000000000000000, -9.797174393178825657E-16, 2.460625000000001616 ) ) ;
#782 = DATE_AND_TIME ( #1958, #1216 ) ;
#783 = DIRECTION ( 'NONE',  ( 0.000000000000000000, 0.000000000000000000, 1.000000000000000000 ) ) ;
#784 = CARTESIAN_POINT ( 'NONE',  ( 12.24999999999999822, 5.204748896376249713E-16, 2.317999999999997396 ) ) ;
#785 = CARTESIAN_POINT ( 'NONE',  ( 12.24999999999999822, 5.204748896376249713E-16, -2.500000000000000000 ) ) ;
#786 = CARTESIAN_POINT ( 'NONE',  ( 9.885750000000005144, 2.309377701492128615E-16, -2.500000000000001332 ) ) ;
#787 = AXIS2_PLACEMENT_3D ( 'NONE', #1569, #2379, #540 ) ;
#788 = EDGE_LOOP ( 'NONE', ( #445, #1721, #2391, #2419 ) ) ;
#789 = CYLINDRICAL_SURFACE ( 'NONE', #1586, 9.624999999999998224 ) ;
#790 = EDGE_CURVE ( 'NONE', #2610, #1023, #2433, .T. ) ;
#791 = AXIS2_PLACEMENT_3D ( 'NONE', #2618, #2563, #760 ) ;
#792 = EDGE_CURVE ( 'NONE', #1081, #2556, #1299, .T. ) ;
#793 = ORIENTED_EDGE ( 'NONE', *, *, #33, .T. ) ;
#794 = APPLICATION_CONTEXT ( 'configuration controlled 3d designs of mechanical parts and assemblies' ) ;
#795 = CC_DESIGN_APPROVAL ( #2090, ( #1344 ) ) ;
#796 = EDGE_CURVE ( 'NONE', #802, #2512, #513, .T. ) ;
#797 = CARTESIAN_POINT ( 'NONE',  ( 12.24999999999999645, 5.204748896376247741E-16, -2.500000000000000000 ) ) ;
#798 = CARTESIAN_POINT ( 'NONE',  ( 0.000000000000000000, -9.797174393178825657E-16, 2.317999999999997396 ) ) ;
#799 = CARTESIAN_POINT ( 'NONE',  ( -5.503139424588240125, 7.574421609835473745, -9.644093543285401792E-17 ) ) ;
#800 = CARTESIAN_POINT ( 'NONE',  ( -9.624999999999998224, -1.734723475976807094E-15, 0.8706140074682938712 ) ) ;
#801 = DIRECTION ( 'NONE',  ( -0.3090169943749449533, 0.9510565162951544194, -1.224646799147353207E-16 ) ) ;
#802 = VERTEX_POINT ( 'NONE', #2573 ) ;
#803 = FACE_OUTER_BOUND ( 'NONE', #1011, .T. ) ;
#804 = ORIENTED_EDGE ( 'NONE', *, *, #2267, .T. ) ;
#805 = ORIENTED_EDGE ( 'NONE', *, *, #985, .F. ) ;
#806 = CARTESIAN_POINT ( 'NONE',  ( 0.000000000000000000, -9.797174393178825657E-16, 2.500000000000000888 ) ) ;
#807 = EDGE_CURVE ( 'NONE', #74, #88, #400, .T. ) ;
#808 = VECTOR ( 'NONE', #2633, 1000.000000000000000 ) ;
#809 = DIRECTION ( 'NONE',  ( 0.000000000000000000, 0.000000000000000000, 1.000000000000000000 ) ) ;
#810 = DIRECTION ( 'NONE',  ( -0.000000000000000000, -0.000000000000000000, -1.000000000000000000 ) ) ;
#811 = CLOSED_SHELL ( 'NONE', ( #2577, #1710 ) ) ;
#812 = LINE ( 'NONE', #1453, #163 ) ;
#813 = EDGE_CURVE ( 'NONE', #1887, #1373, #2520, .T. ) ;
#814 = CIRCLE ( 'NONE', #635, 1.574999999999998845 ) ;
#815 = PLANE ( 'NONE',  #1735 ) ;
#816 = ORIENTED_EDGE ( 'NONE', *, *, #107, .T. ) ;
#817 = CONICAL_SURFACE ( 'NONE', #1322, 12.43199999999999861, 0.7853981633974437271 ) ;
#818 = DIRECTION ( 'NONE',  ( 0.9781476007338041345, -0.2079116908177664480, 0.000000000000000000 ) ) ;
#819 = ORIENTED_EDGE ( 'NONE', *, *, #1083, .F. ) ;
#820 = EDGE_LOOP ( 'NONE', ( #1538, #1437, #2215, #2291 ) ) ;
#821 = CIRCLE ( 'NONE', #776, 1.574999999999998845 ) ;
#822 = ORIENTED_EDGE ( 'NONE', *, *, #1998, .T. ) ;
#823 = DIRECTION ( 'NONE',  ( 0.9135454576426059736, 0.4067366430757887730, 0.000000000000000000 ) ) ;
#824 = DIRECTION ( 'NONE',  ( -1.000000000000000000, 0.000000000000000000, 0.000000000000000000 ) ) ;
#825 = CARTESIAN_POINT ( 'NONE',  ( 0.000000000000000000, -9.797174393178825657E-16, 2.317999999999997396 ) ) ;
#826 = DIRECTION ( 'NONE',  ( -0.000000000000000000, -0.000000000000000000, -1.000000000000000000 ) ) ;
#827 = AXIS2_PLACEMENT_3D ( 'NONE', #1940, #503, #909 ) ;
#828 = CARTESIAN_POINT ( 'NONE',  ( 9.624999999999998224, 1.990051048614446404E-16, 2.317999999999997396 ) ) ;
#829 = ADVANCED_FACE ( 'NONE', ( #612 ), #1214, .T. ) ;
#830 = ORIENTED_EDGE ( 'NONE', *, *, #1360, .F. ) ;
#831 = FACE_OUTER_BOUND ( 'NONE', #1150, .T. ) ;
#832 = VECTOR ( 'NONE', #2441, 1000.000000000000000 ) ;
#833 = VERTEX_POINT ( 'NONE', #196 ) ;
#834 = CIRCLE ( 'NONE', #1737, 1.574999999999999956 ) ;
#835 = ORIENTED_EDGE ( 'NONE', *, *, #2442, .F. ) ;
#836 = CARTESIAN_POINT ( 'NONE',  ( 4.448682033641441436, -9.991903442966004079, 0.000000000000000000 ) ) ;
#837 = CARTESIAN_POINT ( 'NONE',  ( 0.000000000000000000, -12.17125000000000057, 2.317999999999997396 ) ) ;
#838 = DIRECTION ( 'NONE',  ( -1.000000000000000000, 0.000000000000000000, 0.000000000000000000 ) ) ;
#839 = EDGE_CURVE ( 'NONE', #1704, #2248, #41, .T. ) ;
#840 = CARTESIAN_POINT ( 'NONE',  ( 0.000000000000000000, -9.797174393178825657E-16, -2.500000000000000000 ) ) ;
#841 = CARTESIAN_POINT ( 'NONE',  ( 9.624999999999998224, 1.990051048614446404E-16, -2.500000000000000000 ) ) ;
#842 = ORIENTED_EDGE ( 'NONE', *, *, #479, .T. ) ;
#843 = ADVANCED_FACE ( 'NONE', ( #803 ), #2042, .T. ) ;
#844 = ADVANCED_FACE ( 'NONE', ( #2649 ), #789, .F. ) ;
#845 = DIRECTION ( 'NONE',  ( -0.000000000000000000, -0.000000000000000000, -1.000000000000000000 ) ) ;
#846 = ORIENTED_EDGE ( 'NONE', *, *, #1929, .F. ) ;
#847 = ORIENTED_EDGE ( 'NONE', *, *, #1151, .T. ) ;
#848 = DIRECTION ( 'NONE',  ( 0.000000000000000000, 0.000000000000000000, 1.000000000000000000 ) ) ;
#849 = DIRECTION ( 'NONE',  ( -1.224646799147353207E-16, 1.000000000000000000, 0.000000000000000000 ) ) ;
#850 = CARTESIAN_POINT ( 'NONE',  ( 0.000000000000000000, -9.797174393178825657E-16, -2.500000000000001332 ) ) ;
#851 = FACE_OUTER_BOUND ( 'NONE', #722, .T. ) ;
#852 = APPROVAL ( #1574, 'UNSPECIFIED' ) ;
#853 = LINE ( 'NONE', #1439, #1210 ) ;
#854 = AXIS2_PLACEMENT_3D ( 'NONE', #608, #2495, #2465 ) ;
#855 = EDGE_LOOP ( 'NONE', ( #586, #2019, #1213, #2236 ) ) ;
#856 = CARTESIAN_POINT ( 'NONE',  ( 0.000000000000000000, -9.797174393178825657E-16, -2.317999999999997396 ) ) ;
#857 = AXIS2_PLACEMENT_3D ( 'NONE', #2516, #458, #1490 ) ;
#858 = EDGE_LOOP ( 'NONE', ( #2354, #623 ) ) ;
#859 = ADVANCED_FACE ( 'NONE', ( #207 ), #1624, .T. ) ;
#860 = VERTEX_POINT ( 'NONE', #1814 ) ;
#861 = LINE ( 'NONE', #1465, #1584 ) ;
#862 = SPHERICAL_SURFACE ( 'NONE', #1902, 1.574999999999999067 ) ;
#863 = CYLINDRICAL_SURFACE ( 'NONE', #2331, 9.624999999999998224 ) ;
#864 = DIRECTION ( 'NONE',  ( -1.000000000000000000, 0.000000000000000000, 0.000000000000000000 ) ) ;
#865 = DIRECTION ( 'NONE',  ( -0.000000000000000000, -0.000000000000000000, -1.000000000000000000 ) ) ;
#866 = ORIENTED_EDGE ( 'NONE', *, *, #1119, .T. ) ;
#867 = DIRECTION ( 'NONE',  ( 0.000000000000000000, 0.000000000000000000, -1.000000000000000000 ) ) ;
#868 = EDGE_LOOP ( 'NONE', ( #651, #2395, #1815, #1579 ) ) ;
#869 = EDGE_LOOP ( 'NONE', ( #51, #2327, #170, #494 ) ) ;
#870 = EDGE_CURVE ( 'NONE', #2556, #708, #1544, .T. ) ;
#871 = CIRCLE ( 'NONE', #2156, 12.24999999999999645 ) ;
#872 = CIRCLE ( 'NONE', #1341, 8.824999999999997513 ) ;
#873 = DIRECTION ( 'NONE',  ( 0.7431448254773954654, 0.6691306063588567943, 0.000000000000000000 ) ) ;
#874 = EDGE_CURVE ( 'NONE', #225, #444, #1108, .T. ) ;
#875 = DIRECTION ( 'NONE',  ( 0.000000000000000000, 0.000000000000000000, -1.000000000000000000 ) ) ;
#876 = LOCAL_TIME ( 16, 2, 5.000000000000000000, #354 ) ;
#877 = CARTESIAN_POINT ( 'NONE',  ( 12.73999999999999844, 5.804825827958451702E-16, 2.240000000000001101 ) ) ;
#878 = SPHERICAL_SURFACE ( 'NONE', #2517, 1.574999999999999067 ) ;
#879 = ORIENTED_EDGE ( 'NONE', *, *, #1794, .F. ) ;
#880 = DIRECTION ( 'NONE',  ( 0.000000000000000000, 0.000000000000000000, 1.000000000000000000 ) ) ;
#881 = ORIENTED_EDGE ( 'NONE', *, *, #2047, .T. ) ;
#882 = ORIENTED_EDGE ( 'NONE', *, *, #747, .F. ) ;
#883 = ORIENTED_EDGE ( 'NONE', *, *, #1580, .T. ) ;
#884 = ADVANCED_FACE ( 'NONE', ( #416 ), #210, .F. ) ;
#885 = DIRECTION ( 'NONE',  ( -0.000000000000000000, -0.000000000000000000, -1.000000000000000000 ) ) ;
#886 = DIRECTION ( 'NONE',  ( -0.9135454576426058626, -0.4067366430757887730, -0.000000000000000000 ) ) ;
#887 = CARTESIAN_POINT ( 'NONE',  ( 0.000000000000000000, -9.797174393178825657E-16, -2.500000000000000000 ) ) ;
#888 = EDGE_CURVE ( 'NONE', #911, #1489, #1367, .T. ) ;
#889 = DIRECTION ( 'NONE',  ( -1.000000000000000000, 0.000000000000000000, 0.000000000000000000 ) ) ;
#890 = DIRECTION ( 'NONE',  ( -1.000000000000000000, 0.000000000000000000, 0.000000000000000000 ) ) ;
#891 = ADVANCED_FACE ( 'NONE', ( #1415 ), #2359, .F. ) ;
#892 = VERTEX_POINT ( 'NONE', #121 ) ;
#893 = CLOSED_SHELL ( 'NONE', ( #2251, #660, #1002, #528, #1100, #2128, #218, #1765, #2488, #1183, #2546, #281 ) ) ;
#894 = SPHERICAL_SURFACE ( 'NONE', #347, 1.574999999999999067 ) ;
#895 = EDGE_LOOP ( 'NONE', ( #1426, #667 ) ) ;
#896 = VECTOR ( 'NONE', #100, 1000.000000000000000 ) ;
#897 = AXIS2_PLACEMENT_3D ( 'NONE', #2429, #1012, #1187 ) ;
#898 = CARTESIAN_POINT ( 'NONE',  ( -3.808071820797187090, -8.553069347178848147, -9.644093543285401792E-17 ) ) ;
#899 = CARTESIAN_POINT ( 'NONE',  ( 0.000000000000000000, -9.797174393178825657E-16, 2.317999999999997396 ) ) ;
#900 = AXIS2_PLACEMENT_3D ( 'NONE', #574, #1388, #1828 ) ;
#901 = DIRECTION ( 'NONE',  ( 0.3090169943749573878, 0.9510565162951503115, 0.000000000000000000 ) ) ;
#902 = LINE ( 'NONE', #80, #1258 ) ;
#903 = CIRCLE ( 'NONE', #1809, 1.574999999999999734 ) ;
#904 = CARTESIAN_POINT ( 'NONE',  ( -2.601495031357137222, 12.23907185418175736, -9.644093543285401792E-17 ) ) ;
#905 = CIRCLE ( 'NONE', #1243, 1.574999999999999067 ) ;
#906 = DIRECTION ( 'NONE',  ( -0.000000000000000000, -0.000000000000000000, -1.000000000000000000 ) ) ;
#907 = ORIENTED_EDGE ( 'NONE', *, *, #235, .T. ) ;
#908 = ADVANCED_FACE ( 'NONE', ( #2205 ), #375, .T. ) ;
#909 = DIRECTION ( 'NONE',  ( -1.000000000000000000, 0.000000000000000000, 0.000000000000000000 ) ) ;
#910 = CIRCLE ( 'NONE', #690, 8.499999999999996447 ) ;
#911 = VERTEX_POINT ( 'NONE', #1764 ) ;
#912 = CARTESIAN_POINT ( 'NONE',  ( -11.98924999999999663, -9.797174393178825657E-16, 2.500000000000000888 ) ) ;
#913 = FACE_OUTER_BOUND ( 'NONE', #1445, .T. ) ;
#914 = CARTESIAN_POINT ( 'NONE',  ( 8.128146528658911407, -7.318616007050108507, 0.000000000000000000 ) ) ;
#915 = SPHERICAL_SURFACE ( 'NONE', #2413, 1.574999999999999067 ) ;
#916 = AXIS2_PLACEMENT_3D ( 'NONE', #1372, #1578, #2390 ) ;
#917 = CARTESIAN_POINT ( 'NONE',  ( -12.44395521579551556, 1.307912396636559338, -9.644093543285401792E-17 ) ) ;
#918 = AXIS2_PLACEMENT_3D ( 'NONE', #59, #673, #1743 ) ;
#919 = DIRECTION ( 'NONE',  ( 0.7071067811865441310, 0.000000000000000000, 0.7071067811865507924 ) ) ;
#920 = ADVANCED_FACE ( 'NONE', ( #831 ), #429, .T. ) ;
#921 = ORIENTED_EDGE ( 'NONE', *, *, #1655, .F. ) ;
#922 = DIRECTION ( 'NONE',  ( -1.000000000000000000, 0.000000000000000000, 0.000000000000000000 ) ) ;
#923 = ORIENTED_EDGE ( 'NONE', *, *, #2267, .F. ) ;
#924 = ORIENTED_EDGE ( 'NONE', *, *, #50, .F. ) ;
#925 = DIRECTION ( 'NONE',  ( -0.000000000000000000, -0.000000000000000000, -1.000000000000000000 ) ) ;
#926 = CARTESIAN_POINT ( 'NONE',  ( 0.000000000000000000, -9.797174393178825657E-16, -2.239999999999999769 ) ) ;
#927 = FACE_OUTER_BOUND ( 'NONE', #1938, .T. ) ;
#928 = PERSON_AND_ORGANIZATION_ROLE ( 'design_owner' ) ;
#929 = CARTESIAN_POINT ( 'NONE',  ( 9.703750000000001208, -5.463568382541940625E-16, -2.460625000000002061 ) ) ;
#930 = CARTESIAN_POINT ( 'NONE',  ( 0.000000000000000000, -9.797174393178825657E-16, -2.500000000000002220 ) ) ;
#931 = ORIENTED_EDGE ( 'NONE', *, *, #542, .F. ) ;
#932 = DIRECTION ( 'NONE',  ( 0.000000000000000000, 0.000000000000000000, -1.000000000000000000 ) ) ;
#933 = ORIENTED_EDGE ( 'NONE', *, *, #1119, .F. ) ;
#934 = VECTOR ( 'NONE', #978, 1000.000000000000000 ) ;
#935 = DIRECTION ( 'NONE',  ( -1.000000000000000000, -1.224646799147350989E-16, 0.000000000000000000 ) ) ;
#936 = ADVANCED_FACE ( 'NONE', ( #1441 ), #1860, .F. ) ;
#937 = CARTESIAN_POINT ( 'NONE',  ( 2.274034118319320452, 10.69848938302598285, 0.000000000000000000 ) ) ;
#938 = VECTOR ( 'NONE', #2115, 1000.000000000000000 ) ;
#939 = CARTESIAN_POINT ( 'NONE',  ( 12.17124999999999879, -9.797174393178825657E-16, -2.317999999999997396 ) ) ;
#940 = CARTESIAN_POINT ( 'NONE',  ( -9.362499999999997158, -1.734723475976807094E-15, 1.928818708657082084E-16 ) ) ;
#941 = CIRCLE ( 'NONE', #1943, 12.24999999999999822 ) ;
#942 = CARTESIAN_POINT ( 'NONE',  ( -9.885750000000005144, 2.309377701492128615E-16, 2.500000000000000888 ) ) ;
#943 = MANIFOLD_SOLID_BREP ( 'Revolve3[1]', #893 ) ;
#944 = AXIS2_PLACEMENT_3D ( 'NONE', #1138, #1965, #935 ) ;
#945 = CARTESIAN_POINT ( 'NONE',  ( 5.089292246485808136, -11.43073753875310850, -9.644093543285401792E-17 ) ) ;
#946 = ORIENTED_EDGE ( 'NONE', *, *, #1715, .F. ) ;
#947 = EDGE_CURVE ( 'NONE', #1616, #2607, #1853, .T. ) ;
#948 = CARTESIAN_POINT ( 'NONE',  ( 0.000000000000000000, -9.797174393178825657E-16, -2.175000000000002487 ) ) ;
#949 = CARTESIAN_POINT ( 'NONE',  ( 12.24999999999999822, 5.204748896376249713E-16, -2.317999999999997396 ) ) ;
#950 = DATE_TIME_ROLE ( 'classification_date' ) ;
#951 = CARTESIAN_POINT ( 'NONE',  ( 0.000000000000000000, -1.734723475976807094E-15, -0.8706140074682938712 ) ) ;
#952 = ADVANCED_FACE ( 'NONE', ( #495 ), #554, .T. ) ;
#953 = AXIS2_PLACEMENT_3D ( 'NONE', #1348, #2621, #2579 ) ;
#954 = DIRECTION ( 'NONE',  ( -0.8660254037844431485, -0.4999999999999921174, 0.000000000000000000 ) ) ;
#955 = PLANE ( 'NONE',  #1757 ) ;
#956 = MANIFOLD_SOLID_BREP ( 'Revolve3[2]', #2100 ) ;
#957 = AXIS2_PLACEMENT_3D ( 'NONE', #1608, #1770, #1987 ) ;
#958 = LINE ( 'NONE', #2593, #1382 ) ;
#959 = VERTEX_POINT ( 'NONE', #714 ) ;
#960 = VERTEX_POINT ( 'NONE', #1546 ) ;
#961 = CYLINDRICAL_SURFACE ( 'NONE', #780, 12.24999999999999645 ) ;
#962 = DIRECTION ( 'NONE',  ( -1.224646799147353207E-16, 1.000000000000000000, 0.000000000000000000 ) ) ;
#963 = DIRECTION ( 'NONE',  ( -1.000000000000000000, 0.000000000000000000, 0.000000000000000000 ) ) ;
#964 = DIRECTION ( 'NONE',  ( 0.1045284632676436454, -0.9945218953682744001, 0.000000000000000000 ) ) ;
#965 = DIRECTION ( 'NONE',  ( 0.000000000000000000, 0.000000000000000000, 1.000000000000000000 ) ) ;
#966 = DIRECTION ( 'NONE',  ( 1.000000000000000000, 0.000000000000000000, 0.000000000000000000 ) ) ;
#967 = EDGE_CURVE ( 'NONE', #1458, #1840, #684, .T. ) ;
#968 = VERTEX_POINT ( 'NONE', #508 ) ;
#969 = MANIFOLD_SOLID_BREP ( 'CirPattern1[6]', #1449 ) ;
#970 = ORIENTED_EDGE ( 'NONE', *, *, #1225, .F. ) ;
#971 = AXIS2_PLACEMENT_3D ( 'NONE', #154, #2229, #397 ) ;
#972 = DIRECTION ( 'NONE',  ( 0.000000000000000000, -1.000000000000000000, 0.000000000000000000 ) ) ;
#973 = MANIFOLD_SOLID_BREP ( 'CirPattern1[8]', #2647 ) ;
#974 = FACE_OUTER_BOUND ( 'NONE', #209, .T. ) ;
#975 = AXIS2_PLACEMENT_3D ( 'NONE', #525, #2104, #689 ) ;
#976 = CARTESIAN_POINT ( 'NONE',  ( -6.428901196948878294, 8.848623375976020000, 0.000000000000000000 ) ) ;
#977 = CIRCLE ( 'NONE', #1408, 12.24999999999999645 ) ;
#978 = DIRECTION ( 'NONE',  ( 0.7071067811865517916, 8.659560562354985860E-17, -0.7071067811865433539 ) ) ;
#979 = MANIFOLD_SOLID_BREP ( 'Chamfer1', #595 ) ;
#980 = SPHERICAL_SURFACE ( 'NONE', #1954, 1.574999999999999067 ) ;
#981 = CIRCLE ( 'NONE', #734, 9.624999999999998224 ) ;
#982 = ORIENTED_EDGE ( 'NONE', *, *, #1627, .F. ) ;
#983 = DIRECTION ( 'NONE',  ( 0.000000000000000000, 0.000000000000000000, -1.000000000000000000 ) ) ;
#984 = CIRCLE ( 'NONE', #1861, 9.624999999999998224 ) ;
#985 = EDGE_CURVE ( 'NONE', #2206, #2485, #1804, .T. ) ;
#986 = ORIENTED_EDGE ( 'NONE', *, *, #514, .F. ) ;
#987 = ORIENTED_EDGE ( 'NONE', *, *, #1932, .F. ) ;
#988 = DIRECTION ( 'NONE',  ( 0.000000000000000000, 0.000000000000000000, -1.000000000000000000 ) ) ;
#989 = MANIFOLD_SOLID_BREP ( 'CirPattern1[1]', #1889 ) ;
#990 = DIRECTION ( 'NONE',  ( -0.000000000000000000, -0.000000000000000000, -1.000000000000000000 ) ) ;
#991 = CARTESIAN_POINT ( 'NONE',  ( 12.73999999999999844, 5.964029911847608499E-16, 2.500000000000001332 ) ) ;
#992 = ORIENTED_EDGE ( 'NONE', *, *, #2044, .F. ) ;
#993 = ORIENTED_EDGE ( 'NONE', *, *, #693, .F. ) ;
#994 = AXIS2_PLACEMENT_3D ( 'NONE', #359, #1597, #129 ) ;
#995 = CIRCLE ( 'NONE', #2083, 11.98924999999999663 ) ;
#996 = EDGE_LOOP ( 'NONE', ( #765, #167, #1698, #822 ) ) ;
#997 = DIRECTION ( 'NONE',  ( -1.000000000000000000, 0.000000000000000000, 0.000000000000000000 ) ) ;
#998 = MANIFOLD_SOLID_BREP ( 'CirPattern1[13]', #291 ) ;
#999 = AXIS2_PLACEMENT_3D ( 'NONE', #2587, #1141, #1995 ) ;
#1000 = EDGE_CURVE ( 'NONE', #1859, #1309, #2523, .T. ) ;
#1001 = ORIENTED_EDGE ( 'NONE', *, *, #650, .F. ) ;
#1002 = ADVANCED_FACE ( 'NONE', ( #2583 ), #1530, .F. ) ;
#1003 = UNCERTAINTY_MEASURE_WITH_UNIT (LENGTH_MEASURE( 1.000000000000000082E-05 ), #1562, 'distance_accuracy_value', 'NONE');
#1004 = CARTESIAN_POINT ( 'NONE',  ( 0.000000000000000000, -9.797174393178825657E-16, -2.175000000000002487 ) ) ;
#1005 = LINE ( 'NONE', #1879, #2025 ) ;
#1006 = CARTESIAN_POINT ( 'NONE',  ( 10.93749999999999822, -3.952660394093897845E-16, 0.000000000000000000 ) ) ;
#1007 = CARTESIAN_POINT ( 'NONE',  ( 0.000000000000000000, -9.797174393178825657E-16, -2.317999999999998728 ) ) ;
#1008 = MANIFOLD_SOLID_BREP ( 'CirPattern1[4]', #811 ) ;
#1009 = EDGE_CURVE ( 'NONE', #1787, #1542, #95, .T. ) ;
#1010 = FACE_BOUND ( 'NONE', #1351, .T. ) ;
#1011 = EDGE_LOOP ( 'NONE', ( #415, #1901 ) ) ;
#1012 = DIRECTION ( 'NONE',  ( 0.000000000000000000, 0.000000000000000000, -1.000000000000000000 ) ) ;
#1013 = MANIFOLD_SOLID_BREP ( 'CirPattern1[5]', #1402 ) ;
#1014 = ORIENTED_EDGE ( 'NONE', *, *, #1265, .F. ) ;
#1015 = EDGE_LOOP ( 'NONE', ( #1447, #2085, #541, #1756 ) ) ;
#1016 = DIRECTION ( 'NONE',  ( -0.000000000000000000, -0.000000000000000000, -1.000000000000000000 ) ) ;
#1017 = EDGE_CURVE ( 'NONE', #860, #1665, #566, .T. ) ;
#1018 = CLOSED_SHELL ( 'NONE', ( #1377, #1361 ) ) ;
#1019 = ADVANCED_FACE ( 'NONE', ( #1955 ), #2557, .T. ) ;
#1020 = CARTESIAN_POINT ( 'NONE',  ( -2.274034118319176123, 10.69848938302601304, 0.000000000000000000 ) ) ;
#1021 = CARTESIAN_POINT ( 'NONE',  ( 0.000000000000000000, -9.797174393178825657E-16, -2.317999999999997396 ) ) ;
#1022 = CONICAL_SURFACE ( 'NONE', #1799, 12.24999999999999645, 0.7853981633974541632 ) ;
#1023 = VERTEX_POINT ( 'NONE', #898 ) ;
#1024 = DIRECTION ( 'NONE',  ( 0.000000000000000000, 0.000000000000000000, -1.000000000000000000 ) ) ;
#1025 = VECTOR ( 'NONE', #2636, 1000.000000000000114 ) ;
#1026 = CARTESIAN_POINT ( 'NONE',  ( 11.98924999999999663, 4.996865102220984409E-16, 2.500000000000000888 ) ) ;
#1027 = ORIENTED_EDGE ( 'NONE', *, *, #1715, .T. ) ;
#1028 = DIRECTION ( 'NONE',  ( -0.000000000000000000, -0.000000000000000000, -1.000000000000000000 ) ) ;
#1029 = AXIS2_PLACEMENT_3D ( 'NONE', #1406, #423, #2425 ) ;
#1030 = ORIENTED_EDGE ( 'NONE', *, *, #2180, .T. ) ;
#1031 = EDGE_CURVE ( 'NONE', #47, #2556, #910, .T. ) ;
#1032 = ORIENTED_EDGE ( 'NONE', *, *, #1850, .F. ) ;
#1033 = FACE_OUTER_BOUND ( 'NONE', #640, .T. ) ;
#1034 = DIRECTION ( 'NONE',  ( -1.000000000000000000, 0.000000000000000000, 0.000000000000000000 ) ) ;
#1035 = LINE ( 'NONE', #19, #1872 ) ;
#1036 = ADVANCED_FACE ( 'NONE', ( #2532 ), #2169, .T. ) ;
#1037 = CARTESIAN_POINT ( 'NONE',  ( 0.000000000000000000, -9.797174393178825657E-16, -2.500000000000001332 ) ) ;
#1038 = FACE_OUTER_BOUND ( 'NONE', #1417, .T. ) ;
#1039 = ORIENTED_EDGE ( 'NONE', *, *, #1332, .F. ) ;
#1040 = ORIENTED_EDGE ( 'NONE', *, *, #1951, .T. ) ;
#1041 = DIRECTION ( 'NONE',  ( 0.9781476007338069101, 0.2079116908177532363, 0.000000000000000000 ) ) ;
#1042 = CONICAL_SURFACE ( 'NONE', #2541, 9.885750000000005144, 0.7853981633974566057 ) ;
#1043 = ORIENTED_EDGE ( 'NONE', *, *, #1167, .F. ) ;
#1044 = VERTEX_POINT ( 'NONE', #699 ) ;
#1045 = AXIS2_PLACEMENT_3D ( 'NONE', #1021, #411, #2479 ) ;
#1046 = ORIENTED_EDGE ( 'NONE', *, *, #295, .F. ) ;
#1047 = FACE_BOUND ( 'NONE', #183, .T. ) ;
#1048 = EDGE_CURVE ( 'NONE', #1616, #374, #2482, .T. ) ;
#1049 = FACE_OUTER_BOUND ( 'NONE', #1529, .T. ) ;
#1050 = DIRECTION ( 'NONE',  ( -0.000000000000000000, -0.000000000000000000, -1.000000000000000000 ) ) ;
#1051 = CYLINDRICAL_SURFACE ( 'NONE', #1672, 9.624999999999998224 ) ;
#1052 = DIRECTION ( 'NONE',  ( 0.000000000000000000, 0.000000000000000000, 1.000000000000000000 ) ) ;
#1053 = ORIENTED_EDGE ( 'NONE', *, *, #1128, .F. ) ;
#1054 = EDGE_CURVE ( 'NONE', #1585, #331, #821, .T. ) ;
#1055 = CARTESIAN_POINT ( 'NONE',  ( 0.000000000000000000, -9.797174393178825657E-16, -2.317999999999997396 ) ) ;
#1056 = ORIENTED_EDGE ( 'NONE', *, *, #1619, .F. ) ;
#1057 = ORIENTED_EDGE ( 'NONE', *, *, #1412, .T. ) ;
#1058 = ORIENTED_EDGE ( 'NONE', *, *, #1054, .T. ) ;
#1059 = DIRECTION ( 'NONE',  ( -0.000000000000000000, -0.000000000000000000, -1.000000000000000000 ) ) ;
#1060 = CARTESIAN_POINT ( 'NONE',  ( 9.442999999999996064, -9.797174393178825657E-16, -2.500000000000002220 ) ) ;
#1061 = DIRECTION ( 'NONE',  ( -1.000000000000000000, 0.000000000000000000, 0.000000000000000000 ) ) ;
#1062 = DIRECTION ( 'NONE',  ( -0.000000000000000000, -0.000000000000000000, -1.000000000000000000 ) ) ;
#1063 = DIRECTION ( 'NONE',  ( -1.000000000000000000, 0.000000000000000000, 0.000000000000000000 ) ) ;
#1064 = CLOSED_SHELL ( 'NONE', ( #908, #86 ) ) ;
#1065 = ADVANCED_FACE ( 'NONE', ( #2333 ), #545, .T. ) ;
#1066 = ORIENTED_EDGE ( 'NONE', *, *, #2180, .F. ) ;
#1067 = AXIS2_PLACEMENT_3D ( 'NONE', #2089, #591, #1835 ) ;
#1068 = DIRECTION ( 'NONE',  ( 0.9135454576426005335, -0.4067366430758010409, -0.000000000000000000 ) ) ;
#1069 = ORIENTED_EDGE ( 'NONE', *, *, #1343, .T. ) ;
#1070 = AXIS2_PLACEMENT_3D ( 'NONE', #1074, #885, #293 ) ;
#1071 = VERTEX_POINT ( 'NONE', #520 ) ;
#1072 = EDGE_CURVE ( 'NONE', #1350, #2029, #903, .T. ) ;
#1073 = ORIENTED_EDGE ( 'NONE', *, *, #1937, .F. ) ;
#1074 = CARTESIAN_POINT ( 'NONE',  ( 0.000000000000000000, -9.797174393178825657E-16, -2.499999999999999556 ) ) ;
#1075 = DIRECTION ( 'NONE',  ( -0.000000000000000000, -0.000000000000000000, -1.000000000000000000 ) ) ;
#1076 = CARTESIAN_POINT ( 'NONE',  ( 0.000000000000000000, -9.797174393178825657E-16, -2.500000000000000000 ) ) ;
#1077 = DIRECTION ( 'NONE',  ( -1.000000000000000000, 0.000000000000000000, 0.000000000000000000 ) ) ;
#1078 = ORIENTED_EDGE ( 'NONE', *, *, #1769, .T. ) ;
#1079 = CARTESIAN_POINT ( 'NONE',  ( 0.000000000000000000, -9.797174393178825657E-16, -2.317999999999997396 ) ) ;
#1080 = VERTEX_POINT ( 'NONE', #912 ) ;
#1081 = VERTEX_POINT ( 'NONE', #322 ) ;
#1082 = AXIS2_PLACEMENT_3D ( 'NONE', #453, #1424, #1264 ) ;
#1083 = EDGE_CURVE ( 'NONE', #1884, #860, #214, .T. ) ;
#1084 = VECTOR ( 'NONE', #2326, 1000.000000000000114 ) ;
#1085 = CARTESIAN_POINT ( 'NONE',  ( -4.448682033641573774, -9.991903442965943682, 0.000000000000000000 ) ) ;
#1086 = EDGE_CURVE ( 'NONE', #892, #1497, #1005, .T. ) ;
#1087 = LINE ( 'NONE', #324, #355 ) ;
#1088 = AXIS2_PLACEMENT_3D ( 'NONE', #1535, #512, #1910 ) ;
#1089 = FACE_OUTER_BOUND ( 'NONE', #10, .T. ) ;
#1090 = FACE_OUTER_BOUND ( 'NONE', #2017, .T. ) ;
#1091 = DIRECTION ( 'NONE',  ( -0.000000000000000000, -0.000000000000000000, -1.000000000000000000 ) ) ;
#1092 = ORIENTED_EDGE ( 'NONE', *, *, #2505, .F. ) ;
#1093 = DIRECTION ( 'NONE',  ( -0.000000000000000000, -0.000000000000000000, -1.000000000000000000 ) ) ;
#1094 = ORIENTED_EDGE ( 'NONE', *, *, #2365, .T. ) ;
#1095 = FACE_OUTER_BOUND ( 'NONE', #1486, .T. ) ;
#1096 = DIRECTION ( 'NONE',  ( -0.000000000000000000, -0.000000000000000000, -1.000000000000000000 ) ) ;
#1097 = CARTESIAN_POINT ( 'NONE',  ( -8.499999999999996447, -9.797174393178825657E-16, -2.175000000000002487 ) ) ;
#1098 = CARTESIAN_POINT ( 'NONE',  ( 0.000000000000000000, -9.797174393178825657E-16, -2.499999999999999556 ) ) ;
#1099 = ADVANCED_FACE ( 'NONE', ( #1049 ), #1944, .T. ) ;
#1100 = ADVANCED_FACE ( 'NONE', ( #592 ), #2356, .F. ) ;
#1101 = SPHERICAL_SURFACE ( 'NONE', #2158, 1.574999999999999067 ) ;
#1102 = ORIENTED_EDGE ( 'NONE', *, *, #2362, .F. ) ;
#1103 = CLOSED_SHELL ( 'NONE', ( #1521, #1669 ) ) ;
#1104 = DIRECTION ( 'NONE',  ( 0.9781476007338069101, 0.2079116908177532363, 0.000000000000000000 ) ) ;
#1105 = AXIS2_PLACEMENT_3D ( 'NONE', #1079, #73, #2555 ) ;
#1106 = ORIENTED_EDGE ( 'NONE', *, *, #967, .F. ) ;
#1107 = TOROIDAL_SURFACE ( 'NONE', #1543, 9.664374999999997939, 0.03937500000000208195 ) ;
#1108 = CIRCLE ( 'NONE', #2608, 12.24999999999999645 ) ;
#1109 = CARTESIAN_POINT ( 'NONE',  ( 0.000000000000000000, -9.797174393178825657E-16, -2.500000000000000000 ) ) ;
#1110 = DIRECTION ( 'NONE',  ( -0.2079116908177532086, 0.9781476007338069101, 0.000000000000000000 ) ) ;
#1111 = AXIS2_PLACEMENT_3D ( 'NONE', #1654, #11, #1237 ) ;
#1112 = EDGE_CURVE ( 'NONE', #1071, #720, #1207, .T. ) ;
#1113 = DIRECTION ( 'NONE',  ( -0.000000000000000000, -0.000000000000000000, -1.000000000000000000 ) ) ;
#1114 = VECTOR ( 'NONE', #1617, 1000.000000000000000 ) ;
#1115 = CARTESIAN_POINT ( 'NONE',  ( 0.000000000000000000, -12.25000000000000000, 2.500000000000001332 ) ) ;
#1116 = DIRECTION ( 'NONE',  ( -0.000000000000000000, 0.000000000000000000, -1.000000000000000000 ) ) ;
#1117 = PRODUCT_DEFINITION_SHAPE ( 'NONE', 'NONE',  #573 ) ;
#1118 = DIRECTION ( 'NONE',  ( -0.000000000000000000, -0.000000000000000000, -1.000000000000000000 ) ) ;
#1119 = EDGE_CURVE ( 'NONE', #132, #2581, #2183, .T. ) ;
#1120 = ORIENTED_EDGE ( 'NONE', *, *, #464, .T. ) ;
#1121 = DIRECTION ( 'NONE',  ( -0.000000000000000000, -0.000000000000000000, -1.000000000000000000 ) ) ;
#1122 = ORIENTED_EDGE ( 'NONE', *, *, #2528, .F. ) ;
#1123 = DIRECTION ( 'NONE',  ( 1.000000000000000000, 0.000000000000000000, 0.000000000000000000 ) ) ;
#1124 = CARTESIAN_POINT ( 'NONE',  ( -9.624999999999998224, -9.797174393178825657E-16, -2.500000000000000000 ) ) ;
#1125 = VECTOR ( 'NONE', #1612, 1000.000000000000000 ) ;
#1126 = DIRECTION ( 'NONE',  ( -1.000000000000000000, 0.000000000000000000, 0.000000000000000000 ) ) ;
#1127 = APPROVAL_STATUS ( 'not_yet_approved' ) ;
#1128 = EDGE_CURVE ( 'NONE', #198, #1135, #436, .T. ) ;
#1129 = FACE_OUTER_BOUND ( 'NONE', #364, .T. ) ;
#1130 = AXIS2_PLACEMENT_3D ( 'NONE', #1792, #2364, #746 ) ;
#1131 = DIRECTION ( 'NONE',  ( -1.000000000000000000, 0.000000000000000000, 0.000000000000000000 ) ) ;
#1132 = AXIS2_PLACEMENT_3D ( 'NONE', #887, #658, #1524 ) ;
#1133 = ORIENTED_EDGE ( 'NONE', *, *, #1332, .T. ) ;
#1134 = FACE_OUTER_BOUND ( 'NONE', #1706, .T. ) ;
#1135 = VERTEX_POINT ( 'NONE', #2035 ) ;
#1136 = ORIENTED_EDGE ( 'NONE', *, *, #2212, .F. ) ;
#1137 = EDGE_CURVE ( 'NONE', #708, #2232, #1641, .T. ) ;
#1138 = CARTESIAN_POINT ( 'NONE',  ( 8.824999999999997513, 1.010333609296563419E-16, 2.175000000000002043 ) ) ;
#1139 = CARTESIAN_POINT ( 'NONE',  ( -8.824999999999997513, 1.010333609296563419E-16, -2.175000000000002487 ) ) ;
#1140 = DIRECTION ( 'NONE',  ( 0.9781476007338041345, -0.2079116908177664480, 0.000000000000000000 ) ) ;
#1141 = DIRECTION ( 'NONE',  ( 0.000000000000000000, 0.000000000000000000, 1.000000000000000000 ) ) ;
#1142 = SPHERICAL_SURFACE ( 'NONE', #254, 1.574999999999999067 ) ;
#1143 = SPHERICAL_SURFACE ( 'NONE', #318, 1.574999999999999067 ) ;
#1144 = VERTEX_POINT ( 'NONE', #2049 ) ;
#1145 = ADVANCED_FACE ( 'NONE', ( #1419 ), #2240, .F. ) ;
#1146 = DIRECTION ( 'NONE',  ( -0.000000000000000000, -0.000000000000000000, -1.000000000000000000 ) ) ;
#1147 = ORIENTED_EDGE ( 'NONE', *, *, #199, .F. ) ;
#1148 = AXIS2_PLACEMENT_3D ( 'NONE', #452, #621, #1483 ) ;
#1149 = ORIENTED_EDGE ( 'NONE', *, *, #244, .F. ) ;
#1150 = EDGE_LOOP ( 'NONE', ( #544, #34, #1916, #192 ) ) ;
#1151 = EDGE_CURVE ( 'NONE', #2598, #88, #2439, .T. ) ;
#1152 = AXIS2_PLACEMENT_3D ( 'NONE', #1671, #2048, #2435 ) ;
#1153 = DIRECTION ( 'NONE',  ( -0.000000000000000000, -0.000000000000000000, -1.000000000000000000 ) ) ;
#1154 = AXIS2_PLACEMENT_3D ( 'NONE', #1076, #1493, #1924 ) ;
#1155 = CYLINDRICAL_SURFACE ( 'NONE', #435, 12.24999999999999822 ) ;
#1156 = COORDINATED_UNIVERSAL_TIME_OFFSET ( 6, 0, .BEHIND. ) ;
#1157 = AXIS2_PLACEMENT_3D ( 'NONE', #899, #282, #1531 ) ;
#1158 = DIRECTION ( 'NONE',  ( 0.9510565162951504226, -0.3090169943749574433, 0.000000000000000000 ) ) ;
#1159 = CIRCLE ( 'NONE', #345, 9.442999999999994287 ) ;
#1160 = DIRECTION ( 'NONE',  ( -0.4999999999999919509, 0.8660254037844432595, 0.000000000000000000 ) ) ;
#1161 = DIRECTION ( 'NONE',  ( -0.000000000000000000, -0.000000000000000000, -1.000000000000000000 ) ) ;
#1162 = AXIS2_PLACEMENT_3D ( 'NONE', #2492, #486, #685 ) ;
#1163 = FACE_OUTER_BOUND ( 'NONE', #117, .T. ) ;
#1164 = ORIENTED_EDGE ( 'NONE', *, *, #790, .T. ) ;
#1165 = AXIS2_PLACEMENT_3D ( 'NONE', #2478, #271, #875 ) ;
#1166 = DIRECTION ( 'NONE',  ( 1.000000000000000000, 0.000000000000000000, 0.000000000000000000 ) ) ;
#1167 = EDGE_CURVE ( 'NONE', #328, #1599, #1462, .T. ) ;
#1168 = FACE_OUTER_BOUND ( 'NONE', #1978, .T. ) ;
#1169 = CALENDAR_DATE ( 2026, 18, 1 ) ;
#1170 = EDGE_CURVE ( 'NONE', #27, #2071, #984, .T. ) ;
#1171 = CIRCLE ( 'NONE', #15, 1.574999999999997957 ) ;
#1172 = CARTESIAN_POINT ( 'NONE',  ( 9.624999999999998224, 1.990051048614446404E-16, -2.500000000000000000 ) ) ;
#1173 = CARTESIAN_POINT ( 'NONE',  ( 0.000000000000000000, -9.797174393178825657E-16, -2.175000000000002487 ) ) ;
#1174 = CIRCLE ( 'NONE', #1301, 12.73999999999999844 ) ;
#1175 = DIRECTION ( 'NONE',  ( -1.000000000000000000, 0.000000000000000000, 0.000000000000000000 ) ) ;
#1176 = ORIENTED_EDGE ( 'NONE', *, *, #2509, .F. ) ;
#1177 = EDGE_LOOP ( 'NONE', ( #467, #2004 ) ) ;
#1178 = ORIENTED_EDGE ( 'NONE', *, *, #2491, .F. ) ;
#1179 = LINE ( 'NONE', #353, #219 ) ;
#1180 = DATE_AND_TIME ( #2197, #2547 ) ;
#1181 = DIRECTION ( 'NONE',  ( 1.000000000000000000, 0.000000000000000000, 0.000000000000000000 ) ) ;
#1182 = DIRECTION ( 'NONE',  ( -0.000000000000000000, -0.000000000000000000, -1.000000000000000000 ) ) ;
#1183 = ADVANCED_FACE ( 'NONE', ( #2463, #215 ), #175, .F. ) ;
#1184 = DIRECTION ( 'NONE',  ( -1.000000000000000000, 0.000000000000000000, 0.000000000000000000 ) ) ;
#1185 = CARTESIAN_POINT ( 'NONE',  ( -10.40218064697825007, -3.379873375975960048, 0.000000000000000000 ) ) ;
#1186 = ORIENTED_EDGE ( 'NONE', *, *, #1932, .T. ) ;
#1187 = DIRECTION ( 'NONE',  ( 1.000000000000000000, 0.000000000000000000, 0.000000000000000000 ) ) ;
#1188 = ORIENTED_EDGE ( 'NONE', *, *, #184, .F. ) ;
#1189 = ORIENTED_EDGE ( 'NONE', *, *, #674, .F. ) ;
#1190 = ORIENTED_EDGE ( 'NONE', *, *, #1964, .T. ) ;
#1191 = AXIS2_PLACEMENT_3D ( 'NONE', #1007, #20, #2064 ) ;
#1192 = FACE_OUTER_BOUND ( 'NONE', #2461, .T. ) ;
#1193 = FACE_OUTER_BOUND ( 'NONE', #562, .T. ) ;
#1194 = EDGE_CURVE ( 'NONE', #252, #2260, #558, .T. ) ;
#1195 = CARTESIAN_POINT ( 'NONE',  ( 0.000000000000000000, -9.797174393178825657E-16, -2.239999999999999769 ) ) ;
#1196 = DIRECTION ( 'NONE',  ( 0.9781476007338041345, -0.2079116908177664480, -1.224646799147353207E-16 ) ) ;
#1197 = CIRCLE ( 'NONE', #1070, 12.73999999999999844 ) ;
#1198 = LINE ( 'NONE', #2604, #2387 ) ;
#1199 = CARTESIAN_POINT ( 'NONE',  ( 0.000000000000000000, -9.797174393178825657E-16, -2.317999999999997396 ) ) ;
#1200 = EDGE_LOOP ( 'NONE', ( #1796, #529 ) ) ;
#1201 = CARTESIAN_POINT ( 'NONE',  ( 0.000000000000000000, -9.797174393178825657E-16, 2.317999999999997396 ) ) ;
#1202 = CIRCLE ( 'NONE', #1416, 1.574999999999999512 ) ;
#1203 = ORIENTED_EDGE ( 'NONE', *, *, #1650, .F. ) ;
#1204 = ORIENTED_EDGE ( 'NONE', *, *, #311, .T. ) ;
#1205 = DIRECTION ( 'NONE',  ( 1.000000000000000000, 0.000000000000000000, 0.000000000000000000 ) ) ;
#1206 = DIRECTION ( 'NONE',  ( 0.000000000000000000, 0.000000000000000000, 1.000000000000000000 ) ) ;
#1207 = LINE ( 'NONE', #2255, #2614 ) ;
#1208 = DIRECTION ( 'NONE',  ( -1.000000000000000000, 0.000000000000000000, 0.000000000000000000 ) ) ;
#1209 = ORIENTED_EDGE ( 'NONE', *, *, #1734, .F. ) ;
#1210 = VECTOR ( 'NONE', #2646, 1000.000000000000000 ) ;
#1211 = CARTESIAN_POINT ( 'NONE',  ( 12.24999999999999822, 5.204748896376249713E-16, 1.575000000000000400 ) ) ;
#1212 = CONICAL_SURFACE ( 'NONE', #1563, 9.885750000000005144, 0.7853981633974566057 ) ;
#1213 = ORIENTED_EDGE ( 'NONE', *, *, #1151, .F. ) ;
#1214 = SPHERICAL_SURFACE ( 'NONE', #2351, 1.574999999999999067 ) ;
#1215 = VERTEX_POINT ( 'NONE', #991 ) ;
#1216 = LOCAL_TIME ( 16, 2, 5.000000000000000000, #2151 ) ;
#1217 = ORIENTED_EDGE ( 'NONE', *, *, #1833, .F. ) ;
#1218 = EDGE_CURVE ( 'NONE', #74, #1389, #2227, .T. ) ;
#1219 = FACE_OUTER_BOUND ( 'NONE', #1830, .T. ) ;
#1220 = CARTESIAN_POINT ( 'NONE',  ( 0.000000000000000000, -9.797174393178825657E-16, -2.175000000000002487 ) ) ;
#1221 = CARTESIAN_POINT ( 'NONE',  ( 0.000000000000000000, -9.797174393178825657E-16, -2.500000000000000000 ) ) ;
#1222 = CARTESIAN_POINT ( 'NONE',  ( 0.000000000000000000, -9.797174393178825657E-16, 2.460625000000001616 ) ) ;
#1223 = ORIENTED_EDGE ( 'NONE', *, *, #728, .F. ) ;
#1224 = CARTESIAN_POINT ( 'NONE',  ( 0.000000000000000000, -9.797174393178825657E-16, -2.317999999999998284 ) ) ;
#1225 = EDGE_CURVE ( 'NONE', #1433, #238, #2398, .T. ) ;
#1226 = ORIENTED_EDGE ( 'NONE', *, *, #1808, .F. ) ;
#1227 = ORIENTED_EDGE ( 'NONE', *, *, #2656, .T. ) ;
#1228 = EDGE_CURVE ( 'NONE', #1144, #2306, #2319, .T. ) ;
#1229 = CARTESIAN_POINT ( 'NONE',  ( -9.472152853892273683, 5.468750000000044409, 0.000000000000000000 ) ) ;
#1230 = AXIS2_PLACEMENT_3D ( 'NONE', #1823, #1396, #2213 ) ;
#1231 = CARTESIAN_POINT ( 'NONE',  ( 0.000000000000000000, -9.797174393178825657E-16, 2.317999999999997396 ) ) ;
#1232 = CARTESIAN_POINT ( 'NONE',  ( 0.000000000000000000, -9.797174393178825657E-16, -2.500000000000000000 ) ) ;
#1233 = AXIS2_PLACEMENT_3D ( 'NONE', #1355, #2187, #1575 ) ;
#1234 = DIRECTION ( 'NONE',  ( -0.000000000000000000, -0.000000000000000000, -1.000000000000000000 ) ) ;
#1235 = DIRECTION ( 'NONE',  ( 0.000000000000000000, 0.000000000000000000, -1.000000000000000000 ) ) ;
#1236 = EDGE_LOOP ( 'NONE', ( #1583, #1335 ) ) ;
#1237 = DIRECTION ( 'NONE',  ( -1.000000000000000000, 0.000000000000000000, 0.000000000000000000 ) ) ;
#1238 = ORIENTED_EDGE ( 'NONE', *, *, #2522, .F. ) ;
#1239 = CIRCLE ( 'NONE', #87, 9.703749999999999432 ) ;
#1240 = ORIENTED_EDGE ( 'NONE', *, *, #2113, .T. ) ;
#1241 = AXIS2_PLACEMENT_3D ( 'NONE', #2323, #66, #1491 ) ;
#1242 = ORIENTED_EDGE ( 'NONE', *, *, #464, .F. ) ;
#1243 = AXIS2_PLACEMENT_3D ( 'NONE', #2116, #901, #54 ) ;
#1244 = ORIENTED_EDGE ( 'NONE', *, *, #2250, .T. ) ;
#1245 = FACE_OUTER_BOUND ( 'NONE', #675, .T. ) ;
#1246 = DIRECTION ( 'NONE',  ( -0.000000000000000000, -0.000000000000000000, -1.000000000000000000 ) ) ;
#1247 = CARTESIAN_POINT ( 'NONE',  ( 0.000000000000000000, -1.734723475976807094E-15, -2.460625000000002061 ) ) ;
#1248 = CARTESIAN_POINT ( 'NONE',  ( -9.624999999999998224, -9.797174393178825657E-16, 1.575000000000000400 ) ) ;
#1249 = EDGE_CURVE ( 'NONE', #2556, #47, #1683, .T. ) ;
#1250 = DIRECTION ( 'NONE',  ( -0.000000000000000000, -0.000000000000000000, -1.000000000000000000 ) ) ;
#1251 = ORIENTED_EDGE ( 'NONE', *, *, #1228, .T. ) ;
#1252 = LINE ( 'NONE', #797, #1114 ) ;
#1253 = AXIS2_PLACEMENT_3D ( 'NONE', #531, #1772, #1175 ) ;
#1254 = VERTEX_POINT ( 'NONE', #1646 ) ;
#1255 = ORIENTED_EDGE ( 'NONE', *, *, #1794, .T. ) ;
#1256 = AXIS2_PLACEMENT_3D ( 'NONE', #490, #1304, #662 ) ;
#1257 = ORIENTED_EDGE ( 'NONE', *, *, #248, .F. ) ;
#1258 = VECTOR ( 'NONE', #460, 999.9999999999998863 ) ;
#1259 = CARTESIAN_POINT ( 'NONE',  ( 12.24999999999999645, 5.204748896376247741E-16, -0.8706140074682938712 ) ) ;
#1260 = ADVANCED_FACE ( 'NONE', ( #2450 ), #2186, .T. ) ;
#1261 = SPHERICAL_SURFACE ( 'NONE', #1165, 1.574999999999999067 ) ;
#1262 = CARTESIAN_POINT ( 'NONE',  ( 9.472152853892346513, 5.468749999999912070, 0.000000000000000000 ) ) ;
#1263 = CARTESIAN_POINT ( 'NONE',  ( 4.448682033641441436, -9.991903442966004079, 0.000000000000000000 ) ) ;
#1264 = DIRECTION ( 'NONE',  ( 1.000000000000000000, 0.000000000000000000, -0.000000000000000000 ) ) ;
#1265 = EDGE_CURVE ( 'NONE', #1266, #2406, #5, .T. ) ;
#1266 = VERTEX_POINT ( 'NONE', #1891 ) ;
#1267 = DIRECTION ( 'NONE',  ( 0.4067366430758010409, 0.9135454576426005335, 0.000000000000000000 ) ) ;
#1268 = ORIENTED_EDGE ( 'NONE', *, *, #507, .T. ) ;
#1269 = ORIENTED_EDGE ( 'NONE', *, *, #2341, .F. ) ;
#1270 = ORIENTED_EDGE ( 'NONE', *, *, #1982, .T. ) ;
#1271 = ORIENTED_EDGE ( 'NONE', *, *, #389, .F. ) ;
#1272 = DIRECTION ( 'NONE',  ( -0.000000000000000000, -0.000000000000000000, -1.000000000000000000 ) ) ;
#1273 = DIRECTION ( 'NONE',  ( -1.000000000000000000, -1.224646799147353700E-16, 0.000000000000000000 ) ) ;
#1274 = CARTESIAN_POINT ( 'NONE',  ( 0.000000000000000000, -9.797174393178825657E-16, 2.500000000000000888 ) ) ;
#1275 = CARTESIAN_POINT ( 'NONE',  ( 0.000000000000000000, -12.25000000000000000, -1.574999999999999956 ) ) ;
#1276 = PLANE ( 'NONE',  #2328 ) ;
#1277 = VECTOR ( 'NONE', #1062, 1000.000000000000000 ) ;
#1278 = ORIENTED_EDGE ( 'NONE', *, *, #2096, .T. ) ;
#1279 = AXIS2_PLACEMENT_3D ( 'NONE', #189, #1434, #2076 ) ;
#1280 = EDGE_CURVE ( 'NONE', #2165, #833, #1202, .T. ) ;
#1281 = DIRECTION ( 'NONE',  ( -1.000000000000000000, 0.000000000000000000, 0.000000000000000000 ) ) ;
#1282 = ORIENTED_EDGE ( 'NONE', *, *, #2031, .F. ) ;
#1283 = EDGE_LOOP ( 'NONE', ( #982, #2292, #2304, #2357 ) ) ;
#1284 = ADVANCED_FACE ( 'NONE', ( #2503 ), #45, .F. ) ;
#1285 = CIRCLE ( 'NONE', #686, 12.43200000000000038 ) ;
#1286 = AXIS2_PLACEMENT_3D ( 'NONE', #2422, #1885, #590 ) ;
#1287 = CARTESIAN_POINT ( 'NONE',  ( -9.624999999999998224, -9.797174393178825657E-16, -2.500000000000000000 ) ) ;
#1288 = AXIS2_PLACEMENT_3D ( 'NONE', #2225, #2437, #605 ) ;
#1289 = DIRECTION ( 'NONE',  ( 0.000000000000000000, 0.000000000000000000, -1.000000000000000000 ) ) ;
#1290 = CARTESIAN_POINT ( 'NONE',  ( 0.000000000000000000, -9.362499999999998934, -9.644093543285401792E-17 ) ) ;
#1291 = FACE_OUTER_BOUND ( 'NONE', #224, .T. ) ;
#1292 = CARTESIAN_POINT ( 'NONE',  ( 8.128146528658911407, -7.318616007050108507, 0.000000000000000000 ) ) ;
#1293 = ORIENTED_EDGE ( 'NONE', *, *, #497, .F. ) ;
#1294 = DIRECTION ( 'NONE',  ( 0.000000000000000000, 0.000000000000000000, 1.000000000000000000 ) ) ;
#1295 = ORIENTED_EDGE ( 'NONE', *, *, #115, .F. ) ;
#1296 = CIRCLE ( 'NONE', #787, 12.24999999999999645 ) ;
#1297 = EDGE_CURVE ( 'NONE', #1961, #1398, #1551, .T. ) ;
#1298 = AXIS2_PLACEMENT_3D ( 'NONE', #1395, #1196, #1593 ) ;
#1299 = LINE ( 'NONE', #1709, #471 ) ;
#1300 = DIRECTION ( 'NONE',  ( 0.000000000000000000, 0.000000000000000000, -1.000000000000000000 ) ) ;
#1301 = AXIS2_PLACEMENT_3D ( 'NONE', #607, #1420, #202 ) ;
#1302 = CARTESIAN_POINT ( 'NONE',  ( -12.99999999999999822, -9.797174393178825657E-16, -2.239999999999999769 ) ) ;
#1303 = DIRECTION ( 'NONE',  ( -0.9135454576426059736, -0.4067366430757887730, -1.224646799147353454E-16 ) ) ;
#1304 = DIRECTION ( 'NONE',  ( -0.000000000000000000, -0.000000000000000000, -1.000000000000000000 ) ) ;
#1305 = ORIENTED_EDGE ( 'NONE', *, *, #2140, .F. ) ;
#1306 = DIRECTION ( 'NONE',  ( 0.7071067811865526798, 8.659560562354995721E-17, -0.7071067811865424657 ) ) ;
#1307 = VERTEX_POINT ( 'NONE', #1508 ) ;
#1308 = ADVANCED_FACE ( 'NONE', ( #643 ), #2535, .T. ) ;
#1309 = VERTEX_POINT ( 'NONE', #2129 ) ;
#1310 = CARTESIAN_POINT ( 'NONE',  ( 0.000000000000000000, -9.797174393178825657E-16, -2.500000000000002220 ) ) ;
#1311 = CARTESIAN_POINT ( 'NONE',  ( -9.624999999999998224, -9.797174393178825657E-16, -2.317999999999998728 ) ) ;
#1312 = ADVANCED_FACE ( 'NONE', ( #79 ), #862, .T. ) ;
#1313 = DIRECTION ( 'NONE',  ( -1.224646799147353207E-16, 1.000000000000000000, 0.000000000000000000 ) ) ;
#1314 = CARTESIAN_POINT ( 'NONE',  ( -12.24999999999999822, -9.797174393178825657E-16, -1.574999999999999956 ) ) ;
#1315 = CARTESIAN_POINT ( 'NONE',  ( -6.428901196948878294, 8.848623375976020000, 0.000000000000000000 ) ) ;
#1316 = CARTESIAN_POINT ( 'NONE',  ( -10.83614286485276068, 6.256250000000051159, -9.644093543285401792E-17 ) ) ;
#1317 = EDGE_LOOP ( 'NONE', ( #114, #1748, #1514, #907 ) ) ;
#1318 = CIRCLE ( 'NONE', #2016, 0.3249999999999997891 ) ;
#1319 = LINE ( 'NONE', #2145, #75 ) ;
#1320 = EDGE_LOOP ( 'NONE', ( #663, #2484, #131, #480 ) ) ;
#1321 = VECTOR ( 'NONE', #2008, 1000.000000000000000 ) ;
#1322 = AXIS2_PLACEMENT_3D ( 'NONE', #806, #422, #448 ) ;
#1323 = EDGE_CURVE ( 'NONE', #60, #1813, #736, .T. ) ;
#1324 = DIRECTION ( 'NONE',  ( -0.000000000000000000, -0.000000000000000000, -1.000000000000000000 ) ) ;
#1325 = DIRECTION ( 'NONE',  ( -0.000000000000000000, -0.000000000000000000, -1.000000000000000000 ) ) ;
#1326 = CIRCLE ( 'NONE', #1369, 0.2599999999999997868 ) ;
#1327 = APPLICATION_PROTOCOL_DEFINITION ( 'international standard', 'config_control_design', 1994, #794 ) ;
#1328 = AXIS2_PLACEMENT_3D ( 'NONE', #2342, #334, #1123 ) ;
#1329 = DIRECTION ( 'NONE',  ( -1.000000000000000000, 0.000000000000000000, 0.000000000000000000 ) ) ;
#1330 = CIRCLE ( 'NONE', #392, 0.03937500000000294931 ) ;
#1331 = DIRECTION ( 'NONE',  ( -0.7431448254773955764, -0.6691306063588567943, 0.000000000000000000 ) ) ;
#1332 = EDGE_CURVE ( 'NONE', #634, #1708, #656, .T. ) ;
#1333 = VERTEX_POINT ( 'NONE', #1673 ) ;
#1334 = CARTESIAN_POINT ( 'NONE',  ( -12.24999999999999645, -9.797174393178825657E-16, -2.317999999999998284 ) ) ;
#1335 = ORIENTED_EDGE ( 'NONE', *, *, #1499, .T. ) ;
#1336 = DIRECTION ( 'NONE',  ( 0.3090169943749449533, -0.9510565162951544194, -0.000000000000000000 ) ) ;
#1337 = CARTESIAN_POINT ( 'NONE',  ( 2.274034118319320452, 10.69848938302598285, 0.000000000000000000 ) ) ;
#1338 = AXIS2_PLACEMENT_3D ( 'NONE', #1795, #1146, #1973 ) ;
#1339 = CARTESIAN_POINT ( 'NONE',  ( 0.000000000000000000, -9.797174393178825657E-16, -2.500000000000002220 ) ) ;
#1340 = SECURITY_CLASSIFICATION_LEVEL ( 'unclassified' ) ;
#1341 = AXIS2_PLACEMENT_3D ( 'NONE', #930, #152, #357 ) ;
#1342 = DIRECTION ( 'NONE',  ( -1.000000000000000000, 0.000000000000000000, 0.000000000000000000 ) ) ;
#1343 = EDGE_CURVE ( 'NONE', #2281, #2487, #1767, .T. ) ;
#1344 = PRODUCT_DEFINITION_FORMATION_WITH_SPECIFIED_SOURCE ( 'ANY', '', #156, .NOT_KNOWN. ) ;
#1345 = LINE ( 'NONE', #770, #1474 ) ;
#1346 = ORIENTED_EDGE ( 'NONE', *, *, #2522, .T. ) ;
#1347 = EDGE_CURVE ( 'NONE', #1897, #278, #905, .T. ) ;
#1348 = CARTESIAN_POINT ( 'NONE',  ( 0.000000000000000000, -9.797174393178825657E-16, -2.317999999999997396 ) ) ;
#1349 = ORIENTED_EDGE ( 'NONE', *, *, #2113, .F. ) ;
#1350 = VERTEX_POINT ( 'NONE', #1909 ) ;
#1351 = EDGE_LOOP ( 'NONE', ( #1784, #1464 ) ) ;
#1352 = DIRECTION ( 'NONE',  ( -1.000000000000000000, 0.000000000000000000, 0.000000000000000000 ) ) ;
#1353 = CARTESIAN_POINT ( 'NONE',  ( 9.624999999999998224, 1.990051048614446404E-16, 1.575000000000000400 ) ) ;
#1354 =( NAMED_UNIT ( * ) SI_UNIT ( $, .STERADIAN. ) SOLID_ANGLE_UNIT ( ) );
#1355 = CARTESIAN_POINT ( 'NONE',  ( 0.000000000000000000, -9.797174393178825657E-16, -2.500000000000000888 ) ) ;
#1356 = DIRECTION ( 'NONE',  ( 0.000000000000000000, 0.000000000000000000, -1.000000000000000000 ) ) ;
#1357 = LINE ( 'NONE', #785, #808 ) ;
#1358 = CARTESIAN_POINT ( 'NONE',  ( 9.624999999999998224, 1.990051048614446404E-16, -2.500000000000000000 ) ) ;
#1359 = EDGE_LOOP ( 'NONE', ( #1269, #1078, #2282, #1122 ) ) ;
#1360 = EDGE_CURVE ( 'NONE', #1391, #2406, #1330, .T. ) ;
#1361 = ADVANCED_FACE ( 'NONE', ( #258 ), #1261, .T. ) ;
#1362 = CIRCLE ( 'NONE', #1675, 9.703750000000001208 ) ;
#1363 = DIRECTION ( 'NONE',  ( 0.000000000000000000, 0.000000000000000000, 1.000000000000000000 ) ) ;
#1364 = EDGE_CURVE ( 'NONE', #1144, #1813, #265, .T. ) ;
#1365 = TOROIDAL_SURFACE ( 'NONE', #600, 8.824999999999997513, 0.3250000000000000111 ) ;
#1366 = APPROVAL_ROLE ( '' ) ;
#1367 = CIRCLE ( 'NONE', #900, 12.24999999999999822 ) ;
#1368 = CARTESIAN_POINT ( 'NONE',  ( 12.73999999999999844, -9.797174393178825657E-16, -2.499999999999999556 ) ) ;
#1369 = AXIS2_PLACEMENT_3D ( 'NONE', #1666, #48, #867 ) ;
#1370 = CARTESIAN_POINT ( 'NONE',  ( 9.703749999999999432, 2.197934842769714666E-16, -2.317999999999997396 ) ) ;
#1371 = PLANE ( 'NONE',  #124 ) ;
#1372 = CARTESIAN_POINT ( 'NONE',  ( 0.000000000000000000, -9.797174393178825657E-16, -2.317999999999997396 ) ) ;
#1373 = VERTEX_POINT ( 'NONE', #242 ) ;
#1374 = VERTEX_POINT ( 'NONE', #1060 ) ;
#1375 = VERTEX_POINT ( 'NONE', #2299 ) ;
#1376 = ORIENTED_EDGE ( 'NONE', *, *, #1734, .T. ) ;
#1377 = ADVANCED_FACE ( 'NONE', ( #2101 ), #756, .T. ) ;
#1378 = CARTESIAN_POINT ( 'NONE',  ( 7.354662969309653242, 10.12282514211646856, -9.644093543285401792E-17 ) ) ;
#1379 = EDGE_CURVE ( 'NONE', #960, #648, #1087, .T. ) ;
#1380 = APPROVAL_ROLE ( '' ) ;
#1381 = DIRECTION ( 'NONE',  ( -1.000000000000000000, 0.000000000000000000, 0.000000000000000000 ) ) ;
#1382 = VECTOR ( 'NONE', #2001, 1000.000000000000114 ) ;
#1383 = DIRECTION ( 'NONE',  ( -0.000000000000000000, -0.000000000000000000, -1.000000000000000000 ) ) ;
#1384 = DIRECTION ( 'NONE',  ( -1.000000000000000000, 0.000000000000000000, 0.000000000000000000 ) ) ;
#1385 = CIRCLE ( 'NONE', #616, 1.575000000000000178 ) ;
#1386 = CARTESIAN_POINT ( 'NONE',  ( 0.000000000000000000, -9.797174393178825657E-16, 2.240000000000001101 ) ) ;
#1387 = ORIENTED_EDGE ( 'NONE', *, *, #1680, .T. ) ;
#1388 = DIRECTION ( 'NONE',  ( -0.000000000000000000, -0.000000000000000000, -1.000000000000000000 ) ) ;
#1389 = VERTEX_POINT ( 'NONE', #564 ) ;
#1390 = ADVANCED_FACE ( 'NONE', ( #367 ), #221, .F. ) ;
#1391 = VERTEX_POINT ( 'NONE', #97 ) ;
#1392 = CARTESIAN_POINT ( 'NONE',  ( -12.73999999999999844, -9.797174393178825657E-16, 2.240000000000001101 ) ) ;
#1393 = LINE ( 'NONE', #1790, #2219 ) ;
#1394 = CARTESIAN_POINT ( 'NONE',  ( 0.000000000000000000, -9.797174393178825657E-16, -1.574999999999999956 ) ) ;
#1395 = CARTESIAN_POINT ( 'NONE',  ( 2.274034118319320452, 10.69848938302598285, 0.000000000000000000 ) ) ;
#1396 = DIRECTION ( 'NONE',  ( -0.000000000000000000, -0.000000000000000000, -1.000000000000000000 ) ) ;
#1397 = CARTESIAN_POINT ( 'NONE',  ( -9.885750000000005144, -9.797174393178825657E-16, -2.500000000000001332 ) ) ;
#1398 = VERTEX_POINT ( 'NONE', #2599 ) ;
#1399 = DIRECTION ( 'NONE',  ( 0.4999999999999919509, -0.8660254037844431485, 0.000000000000000000 ) ) ;
#1400 = EDGE_LOOP ( 'NONE', ( #1571, #71 ) ) ;
#1401 = ORIENTED_EDGE ( 'NONE', *, *, #1364, .T. ) ;
#1402 = CLOSED_SHELL ( 'NONE', ( #2620, #1482 ) ) ;
#1403 = DIRECTION ( 'NONE',  ( -1.000000000000000000, 0.000000000000000000, 0.000000000000000000 ) ) ;
#1404 = DIRECTION ( 'NONE',  ( -1.000000000000000000, 0.000000000000000000, 0.000000000000000000 ) ) ;
#1405 = CONICAL_SURFACE ( 'NONE', #597, 9.703749999999999432, 0.7853981633974578269 ) ;
#1406 = CARTESIAN_POINT ( 'NONE',  ( 0.000000000000000000, -9.797174393178825657E-16, -2.500000000000000000 ) ) ;
#1407 = CARTESIAN_POINT ( 'NONE',  ( 9.442999999999994287, 1.878608189892034674E-16, 2.500000000000001332 ) ) ;
#1408 = AXIS2_PLACEMENT_3D ( 'NONE', #1888, #1418, #2476 ) ;
#1409 = CYLINDRICAL_SURFACE ( 'NONE', #971, 12.99999999999999822 ) ;
#1410 = DIRECTION ( 'NONE',  ( -1.000000000000000000, 0.000000000000000000, 0.000000000000000000 ) ) ;
#1411 = EDGE_CURVE ( 'NONE', #2581, #911, #1179, .T. ) ;
#1412 = EDGE_CURVE ( 'NONE', #1391, #1963, #1686, .T. ) ;
#1413 = AXIS2_PLACEMENT_3D ( 'NONE', #1392, #972, #988 ) ;
#1414 = EDGE_LOOP ( 'NONE', ( #404, #1069 ) ) ;
#1415 = FACE_OUTER_BOUND ( 'NONE', #788, .T. ) ;
#1416 = AXIS2_PLACEMENT_3D ( 'NONE', #284, #459, #2518 ) ;
#1417 = EDGE_LOOP ( 'NONE', ( #319, #2432 ) ) ;
#1418 = DIRECTION ( 'NONE',  ( 0.000000000000000000, 0.000000000000000000, 1.000000000000000000 ) ) ;
#1419 = FACE_OUTER_BOUND ( 'NONE', #603, .T. ) ;
#1420 = DIRECTION ( 'NONE',  ( 0.000000000000000000, 0.000000000000000000, 1.000000000000000000 ) ) ;
#1421 = ADVANCED_FACE ( 'NONE', ( #1168 ), #1752, .T. ) ;
#1422 = DIRECTION ( 'NONE',  ( 0.000000000000000000, 0.000000000000000000, -1.000000000000000000 ) ) ;
#1423 = CIRCLE ( 'NONE', #2494, 9.624999999999998224 ) ;
#1424 = DIRECTION ( 'NONE',  ( 0.000000000000000000, 0.000000000000000000, 1.000000000000000000 ) ) ;
#1425 = CIRCLE ( 'NONE', #363, 1.574999999999999289 ) ;
#1426 = ORIENTED_EDGE ( 'NONE', *, *, #790, .F. ) ;
#1427 = CARTESIAN_POINT ( 'NONE',  ( 0.000000000000000000, -9.797174393178825657E-16, -2.500000000000000000 ) ) ;
#1428 = EDGE_CURVE ( 'NONE', #1542, #1787, #1726, .T. ) ;
#1429 = VERTEX_POINT ( 'NONE', #1561 ) ;
#1430 = LOCAL_TIME ( 16, 2, 5.000000000000000000, #1156 ) ;
#1431 = VERTEX_POINT ( 'NONE', #2586 ) ;
#1432 = EDGE_LOOP ( 'NONE', ( #2053, #970 ) ) ;
#1433 = VERTEX_POINT ( 'NONE', #1353 ) ;
#1434 = DIRECTION ( 'NONE',  ( -0.000000000000000000, -0.000000000000000000, -1.000000000000000000 ) ) ;
#1435 = CARTESIAN_POINT ( 'NONE',  ( 0.000000000000000000, -1.734723475976807094E-15, -0.8706140074682938712 ) ) ;
#1436 = DIRECTION ( 'NONE',  ( 0.000000000000000000, 0.000000000000000000, 1.000000000000000000 ) ) ;
#1437 = ORIENTED_EDGE ( 'NONE', *, *, #2375, .T. ) ;
#1438 = CARTESIAN_POINT ( 'NONE',  ( -9.624999999999998224, -9.797174393178825657E-16, -1.574999999999999956 ) ) ;
#1439 = CARTESIAN_POINT ( 'NONE',  ( 12.24999999999999645, 5.204748896376247741E-16, -2.500000000000000000 ) ) ;
#1440 = ORIENTED_EDGE ( 'NONE', *, *, #967, .T. ) ;
#1441 = FACE_OUTER_BOUND ( 'NONE', #2072, .T. ) ;
#1442 = ORIENTED_EDGE ( 'NONE', *, *, #813, .F. ) ;
#1443 = ADVANCED_FACE ( 'NONE', ( #2373 ), #1788, .T. ) ;
#1444 = ORIENTED_EDGE ( 'NONE', *, *, #1170, .F. ) ;
#1445 = EDGE_LOOP ( 'NONE', ( #1092, #362, #1785, #1223 ) ) ;
#1446 = ADVANCED_FACE ( 'NONE', ( #2170 ), #961, .F. ) ;
#1447 = ORIENTED_EDGE ( 'NONE', *, *, #560, .T. ) ;
#1448 = DIRECTION ( 'NONE',  ( -0.000000000000000000, -0.000000000000000000, -1.000000000000000000 ) ) ;
#1449 = CLOSED_SHELL ( 'NONE', ( #2287, #2539 ) ) ;
#1450 = DIRECTION ( 'NONE',  ( -1.000000000000000000, 0.000000000000000000, 0.000000000000000000 ) ) ;
#1451 = DIRECTION ( 'NONE',  ( -1.000000000000000000, -1.224646799147353700E-16, 0.000000000000000000 ) ) ;
#1452 = AXIS2_PLACEMENT_3D ( 'NONE', #2521, #1116, #1329 ) ;
#1453 = CARTESIAN_POINT ( 'NONE',  ( 9.624999999999998224, 1.990051048614446404E-16, -2.500000000000000000 ) ) ;
#1454 = AXIS2_PLACEMENT_3D ( 'NONE', #228, #2223, #28 ) ;
#1455 = DIRECTION ( 'NONE',  ( -0.8090169943749425663, 0.5877852522924797984, 0.000000000000000000 ) ) ;
#1456 = ORIENTED_EDGE ( 'NONE', *, *, #1072, .F. ) ;
#1457 = AXIS2_PLACEMENT_3D ( 'NONE', #2458, #624, #2572 ) ;
#1458 = VERTEX_POINT ( 'NONE', #1378 ) ;
#1459 = AXIS2_PLACEMENT_3D ( 'NONE', #1501, #1104, #1513 ) ;
#1460 = DIRECTION ( 'NONE',  ( -0.000000000000000000, -0.000000000000000000, -1.000000000000000000 ) ) ;
#1461 = ORIENTED_EDGE ( 'NONE', *, *, #2397, .T. ) ;
#1462 = CIRCLE ( 'NONE', #1722, 1.574999999999999067 ) ;
#1463 = ORIENTED_EDGE ( 'NONE', *, *, #1343, .F. ) ;
#1464 = ORIENTED_EDGE ( 'NONE', *, *, #1650, .T. ) ;
#1465 = CARTESIAN_POINT ( 'NONE',  ( -9.703749999999999432, -9.797174393178825657E-16, -2.500000000000000000 ) ) ;
#1466 = ADVANCED_FACE ( 'NONE', ( #2560 ), #742, .T. ) ;
#1467 = DIRECTION ( 'NONE',  ( -1.000000000000000000, 0.000000000000000000, 0.000000000000000000 ) ) ;
#1468 = DIRECTION ( 'NONE',  ( 0.000000000000000000, -1.000000000000000000, 0.000000000000000000 ) ) ;
#1469 = FACE_OUTER_BOUND ( 'NONE', #239, .T. ) ;
#1470 = CARTESIAN_POINT ( 'NONE',  ( 0.000000000000000000, -13.00000000000000000, -2.499999999999999556 ) ) ;
#1471 = ORIENTED_EDGE ( 'NONE', *, *, #1816, .F. ) ;
#1472 = VECTOR ( 'NONE', #2245, 1000.000000000000000 ) ;
#1473 = DIRECTION ( 'NONE',  ( -1.000000000000000000, 0.000000000000000000, 0.000000000000000000 ) ) ;
#1474 = VECTOR ( 'NONE', #1182, 1000.000000000000000 ) ;
#1475 = ORIENTED_EDGE ( 'NONE', *, *, #1265, .T. ) ;
#1476 = ORIENTED_EDGE ( 'NONE', *, *, #1086, .T. ) ;
#1477 = VECTOR ( 'NONE', #1118, 1000.000000000000000 ) ;
#1478 = EDGE_LOOP ( 'NONE', ( #2651, #1898, #1643, #1188 ) ) ;
#1479 = CARTESIAN_POINT ( 'NONE',  ( -8.128146528659010883, -7.318616007049996597, 0.000000000000000000 ) ) ;
#1480 = DIRECTION ( 'NONE',  ( -0.7071067811865441310, 8.659560562354890950E-17, 0.7071067811865507924 ) ) ;
#1481 = FACE_OUTER_BOUND ( 'NONE', #2154, .T. ) ;
#1482 = ADVANCED_FACE ( 'NONE', ( #927 ), #729, .T. ) ;
#1483 = DIRECTION ( 'NONE',  ( -1.000000000000000000, 0.000000000000000000, 0.000000000000000000 ) ) ;
#1484 = DIRECTION ( 'NONE',  ( -1.000000000000000000, 0.000000000000000000, 0.000000000000000000 ) ) ;
#1485 = ORIENTED_EDGE ( 'NONE', *, *, #2317, .T. ) ;
#1486 = EDGE_LOOP ( 'NONE', ( #1657, #1227, #1136, #761 ) ) ;
#1487 = CYLINDRICAL_SURFACE ( 'NONE', #1806, 9.703750000000001208 ) ;
#1488 = ORIENTED_EDGE ( 'NONE', *, *, #497, .T. ) ;
#1489 = VERTEX_POINT ( 'NONE', #949 ) ;
#1490 = DIRECTION ( 'NONE',  ( -1.000000000000000000, 0.000000000000000000, 0.000000000000000000 ) ) ;
#1491 = DIRECTION ( 'NONE',  ( -1.000000000000000000, 0.000000000000000000, 0.000000000000000000 ) ) ;
#1492 = DIRECTION ( 'NONE',  ( -0.000000000000000000, -0.000000000000000000, -1.000000000000000000 ) ) ;
#1493 = DIRECTION ( 'NONE',  ( -0.000000000000000000, -0.000000000000000000, -1.000000000000000000 ) ) ;
#1494 = CLOSED_SHELL ( 'NONE', ( #301, #1390, #371, #2177, #269, #69, #484, #891, #2559, #669, #283, #859, #589, #1145, #2060, #1284, #561, #137, #952, #1260 ) ) ;
#1495 = CARTESIAN_POINT ( 'NONE',  ( 0.000000000000000000, -9.797174393178825657E-16, -2.500000000000001332 ) ) ;
#1496 = AXIS2_PLACEMENT_3D ( 'NONE', #1098, #2152, #286 ) ;
#1497 = VERTEX_POINT ( 'NONE', #523 ) ;
#1498 = TOROIDAL_SURFACE ( 'NONE', #1762, 12.73999999999999844, 0.2600000000000000089 ) ;
#1499 = EDGE_CURVE ( 'NONE', #960, #1374, #1, .T. ) ;
#1500 = ADVANCED_FACE ( 'NONE', ( #110 ), #1155, .T. ) ;
#1501 = CARTESIAN_POINT ( 'NONE',  ( -2.274034118319176123, 10.69848938302601304, 0.000000000000000000 ) ) ;
#1502 = ORIENTED_EDGE ( 'NONE', *, *, #1850, .T. ) ;
#1503 = VECTOR ( 'NONE', #270, 1000.000000000000000 ) ;
#1504 = ORIENTED_EDGE ( 'NONE', *, *, #153, .T. ) ;
#1505 = AXIS2_PLACEMENT_3D ( 'NONE', #2086, #2277, #1802 ) ;
#1506 = CARTESIAN_POINT ( 'NONE',  ( -8.824999999999997513, 1.010333609296562433E-16, -2.500000000000002220 ) ) ;
#1507 = VECTOR ( 'NONE', #1480, 1000.000000000000000 ) ;
#1508 = CARTESIAN_POINT ( 'NONE',  ( -9.624999999999998224, -9.797174393178825657E-16, -2.317999999999997396 ) ) ;
#1509 = FACE_BOUND ( 'NONE', #236, .T. ) ;
#1510 = LINE ( 'NONE', #2313, #360 ) ;
#1511 = EDGE_CURVE ( 'NONE', #2296, #653, #941, .T. ) ;
#1512 = ORIENTED_EDGE ( 'NONE', *, *, #650, .T. ) ;
#1513 = DIRECTION ( 'NONE',  ( 0.000000000000000000, 0.000000000000000000, -1.000000000000000000 ) ) ;
#1514 = ORIENTED_EDGE ( 'NONE', *, *, #779, .T. ) ;
#1515 = EDGE_CURVE ( 'NONE', #2253, #1953, #1549, .T. ) ;
#1516 = CIRCLE ( 'NONE', #58, 9.442999999999996064 ) ;
#1517 = ORIENTED_EDGE ( 'NONE', *, *, #560, .F. ) ;
#1518 = CARTESIAN_POINT ( 'NONE',  ( 8.128146528658911407, -7.318616007050108507, 0.000000000000000000 ) ) ;
#1519 = AXIS2_PLACEMENT_3D ( 'NONE', #719, #2524, #1077 ) ;
#1520 = DIRECTION ( 'NONE',  ( 1.000000000000000000, 0.000000000000000000, 0.000000000000000000 ) ) ;
#1521 = ADVANCED_FACE ( 'NONE', ( #2486 ), #2627, .T. ) ;
#1522 = CARTESIAN_POINT ( 'NONE',  ( -10.40218064697825007, -3.379873375975960048, 0.000000000000000000 ) ) ;
#1523 = AXIS2_PLACEMENT_3D ( 'NONE', #1892, #687, #43 ) ;
#1524 = DIRECTION ( 'NONE',  ( -1.000000000000000000, 0.000000000000000000, 0.000000000000000000 ) ) ;
#1525 = CARTESIAN_POINT ( 'NONE',  ( -11.98924999999999663, -9.797174393178825657E-16, 2.500000000000000888 ) ) ;
#1526 = DIRECTION ( 'NONE',  ( -0.000000000000000000, -0.000000000000000000, -1.000000000000000000 ) ) ;
#1527 = ORIENTED_EDGE ( 'NONE', *, *, #1881, .T. ) ;
#1528 = CARTESIAN_POINT ( 'NONE',  ( 0.000000000000000000, -9.797174393178825657E-16, -2.500000000000001332 ) ) ;
#1529 = EDGE_LOOP ( 'NONE', ( #2418, #2501, #1685, #2315 ) ) ;
#1530 = CYLINDRICAL_SURFACE ( 'NONE', #1600, 9.624999999999998224 ) ;
#1531 = DIRECTION ( 'NONE',  ( -1.000000000000000000, 0.000000000000000000, 0.000000000000000000 ) ) ;
#1532 = ADVANCED_FACE ( 'NONE', ( #249 ), #1487, .T. ) ;
#1533 = CARTESIAN_POINT ( 'NONE',  ( 0.000000000000000000, -9.797174393178825657E-16, 2.318000000000000060 ) ) ;
#1534 = EDGE_CURVE ( 'NONE', #2610, #1023, #1899, .T. ) ;
#1535 = CARTESIAN_POINT ( 'NONE',  ( 0.000000000000000000, -9.797174393178825657E-16, 2.240000000000001101 ) ) ;
#1536 = PLANE ( 'NONE',  #1452 ) ;
#1537 = CARTESIAN_POINT ( 'NONE',  ( 0.000000000000000000, -9.797174393178825657E-16, 2.240000000000001101 ) ) ;
#1538 = ORIENTED_EDGE ( 'NONE', *, *, #1982, .F. ) ;
#1539 = VECTOR ( 'NONE', #2377, 1000.000000000000000 ) ;
#1540 = DIRECTION ( 'NONE',  ( -0.1045284632676436454, 0.9945218953682744001, 0.000000000000000000 ) ) ;
#1541 = ORIENTED_EDGE ( 'NONE', *, *, #1017, .T. ) ;
#1542 = VERTEX_POINT ( 'NONE', #2409 ) ;
#1543 = AXIS2_PLACEMENT_3D ( 'NONE', #2561, #732, #889 ) ;
#1544 = CIRCLE ( 'NONE', #2269, 0.3250000000000006217 ) ;
#1545 = EDGE_CURVE ( 'NONE', #1081, #1665, #171, .T. ) ;
#1546 = CARTESIAN_POINT ( 'NONE',  ( -9.442999999999996064, 1.878608189892036400E-16, -2.500000000000002220 ) ) ;
#1547 = CARTESIAN_POINT ( 'NONE',  ( 0.000000000000000000, -9.797174393178825657E-16, -2.500000000000000000 ) ) ;
#1548 = CARTESIAN_POINT ( 'NONE',  ( -9.472152853892273683, 5.468750000000044409, 0.000000000000000000 ) ) ;
#1549 = CIRCLE ( 'NONE', #2525, 9.624999999999998224 ) ;
#1550 = PERSON_AND_ORGANIZATION ( #35, #533 ) ;
#1551 = CIRCLE ( 'NONE', #390, 12.24999999999999822 ) ;
#1552 = DIRECTION ( 'NONE',  ( 0.000000000000000000, 0.000000000000000000, -1.000000000000000000 ) ) ;
#1553 = EDGE_CURVE ( 'NONE', #2071, #27, #981, .T. ) ;
#1554 = ADVANCED_FACE ( 'NONE', ( #1192 ), #2006, .T. ) ;
#1555 = DIRECTION ( 'NONE',  ( 0.7431448254773862505, -0.6691306063588670083, 0.000000000000000000 ) ) ;
#1556 = EDGE_LOOP ( 'NONE', ( #1295, #2350, #711, #1203 ) ) ;
#1557 = VERTEX_POINT ( 'NONE', #24 ) ;
#1558 = DIRECTION ( 'NONE',  ( 0.000000000000000000, 0.000000000000000000, 1.000000000000000000 ) ) ;
#1559 = CARTESIAN_POINT ( 'NONE',  ( 9.472152853892346513, 5.468749999999912070, 0.000000000000000000 ) ) ;
#1560 = AXIS2_PLACEMENT_3D ( 'NONE', #1495, #1526, #2508 ) ;
#1561 = CARTESIAN_POINT ( 'NONE',  ( 2.601495031357302423, 12.23907185418172183, -9.644093543285401792E-17 ) ) ;
#1562 =( LENGTH_UNIT ( ) NAMED_UNIT ( * ) SI_UNIT ( .MILLI., .METRE. ) );
#1563 = AXIS2_PLACEMENT_3D ( 'NONE', #850, #1662, #2062 ) ;
#1564 = CARTESIAN_POINT ( 'NONE',  ( 10.40218064697820566, -3.379873375976096384, 0.000000000000000000 ) ) ;
#1565 = CONICAL_SURFACE ( 'NONE', #188, 11.98924999999999663, 0.7853981633974435050 ) ;
#1566 = CARTESIAN_POINT ( 'NONE',  ( -9.664374999999999716, -1.734723475976807094E-15, -2.460625000000002061 ) ) ;
#1567 = EDGE_CURVE ( 'NONE', #374, #720, #1326, .T. ) ;
#1568 = CARTESIAN_POINT ( 'NONE',  ( -9.624999999999998224, -9.797174393178825657E-16, 2.317999999999997396 ) ) ;
#1569 = CARTESIAN_POINT ( 'NONE',  ( 0.000000000000000000, -9.797174393178825657E-16, -2.317999999999998284 ) ) ;
#1570 = EDGE_CURVE ( 'NONE', #2406, #1266, #2569, .T. ) ;
#1571 = ORIENTED_EDGE ( 'NONE', *, *, #1170, .T. ) ;
#1572 = DIRECTION ( 'NONE',  ( 0.8090169943749425663, -0.5877852522924797984, 0.000000000000000000 ) ) ;
#1573 = DIRECTION ( 'NONE',  ( -0.7071067811865441310, 8.659560562354892183E-17, 0.7071067811865507924 ) ) ;
#1574 = APPROVAL_STATUS ( 'not_yet_approved' ) ;
#1575 = DIRECTION ( 'NONE',  ( -1.000000000000000000, 0.000000000000000000, 0.000000000000000000 ) ) ;
#1576 = DIRECTION ( 'NONE',  ( -1.000000000000000000, 0.000000000000000000, 0.000000000000000000 ) ) ;
#1577 = CARTESIAN_POINT ( 'NONE',  ( 0.000000000000000000, -9.885750000000006921, -2.500000000000001332 ) ) ;
#1578 = DIRECTION ( 'NONE',  ( -0.000000000000000000, -0.000000000000000000, -1.000000000000000000 ) ) ;
#1579 = ORIENTED_EDGE ( 'NONE', *, *, #1545, .F. ) ;
#1580 = EDGE_CURVE ( 'NONE', #2257, #1044, #774, .T. ) ;
#1581 = AXIS2_PLACEMENT_3D ( 'NONE', #2440, #659, #461 ) ;
#1582 = ORIENTED_EDGE ( 'NONE', *, *, #1194, .T. ) ;
#1583 = ORIENTED_EDGE ( 'NONE', *, *, #2168, .T. ) ;
#1584 = VECTOR ( 'NONE', #1847, 1000.000000000000000 ) ;
#1585 = VERTEX_POINT ( 'NONE', #1695 ) ;
#1586 = AXIS2_PLACEMENT_3D ( 'NONE', #1640, #1615, #997 ) ;
#1587 = CONICAL_SURFACE ( 'NONE', #1105, 12.17124999999999879, 0.7853981633974435050 ) ;
#1588 = DIRECTION ( 'NONE',  ( -1.000000000000000000, 0.000000000000000000, 0.000000000000000000 ) ) ;
#1589 = DIRECTION ( 'NONE',  ( -1.000000000000000000, -1.224646799147354933E-16, 0.000000000000000000 ) ) ;
#1590 = AXIS2_PLACEMENT_3D ( 'NONE', #1763, #925, #740 ) ;
#1591 = CARTESIAN_POINT ( 'NONE',  ( 0.000000000000000000, -1.734723475976807094E-15, 0.000000000000000000 ) ) ;
#1592 = AXIS2_PLACEMENT_3D ( 'NONE', #781, #845, #237 ) ;
#1593 = DIRECTION ( 'NONE',  ( 0.2079116908177665035, 0.9781476007338041345, 0.000000000000000000 ) ) ;
#1594 = AXIS2_PLACEMENT_3D ( 'NONE', #42, #701, #1923 ) ;
#1595 = CARTESIAN_POINT ( 'NONE',  ( 0.000000000000000000, -9.703750000000001208, 2.317999999999997396 ) ) ;
#1596 = EDGE_CURVE ( 'NONE', #2260, #252, #1239, .T. ) ;
#1597 = DIRECTION ( 'NONE',  ( -0.000000000000000000, -0.000000000000000000, -1.000000000000000000 ) ) ;
#1598 = AXIS2_PLACEMENT_3D ( 'NONE', #1739, #2196, #1126 ) ;
#1599 = VERTEX_POINT ( 'NONE', #159 ) ;
#1600 = AXIS2_PLACEMENT_3D ( 'NONE', #1109, #1775, #1352 ) ;
#1601 = ORIENTED_EDGE ( 'NONE', *, *, #813, .T. ) ;
#1602 = EDGE_CURVE ( 'NONE', #1429, #456, #2273, .T. ) ;
#1603 = ORIENTED_EDGE ( 'NONE', *, *, #2079, .F. ) ;
#1604 = CARTESIAN_POINT ( 'NONE',  ( -4.448682033641573774, -9.991903442965943682, 0.000000000000000000 ) ) ;
#1605 = SPHERICAL_SURFACE ( 'NONE', #550, 1.574999999999999067 ) ;
#1606 = DIRECTION ( 'NONE',  ( -0.000000000000000000, -0.000000000000000000, -1.000000000000000000 ) ) ;
#1607 = VECTOR ( 'NONE', #1989, 1000.000000000000000 ) ;
#1608 = CARTESIAN_POINT ( 'NONE',  ( 0.000000000000000000, -9.797174393178825657E-16, -2.317999999999998728 ) ) ;
#1609 = ORIENTED_EDGE ( 'NONE', *, *, #2362, .T. ) ;
#1610 = CYLINDRICAL_SURFACE ( 'NONE', #1797, 12.24999999999999645 ) ;
#1611 = CONICAL_SURFACE ( 'NONE', #2123, 11.98924999999999663, 0.7853981633974435050 ) ;
#1612 = DIRECTION ( 'NONE',  ( -0.7071067811865533459, 0.000000000000000000, -0.7071067811865416886 ) ) ;
#1613 =( GEOMETRIC_REPRESENTATION_CONTEXT ( 3 ) GLOBAL_UNCERTAINTY_ASSIGNED_CONTEXT ( ( #1003 ) ) GLOBAL_UNIT_ASSIGNED_CONTEXT ( ( #1562, #524, #1354 ) ) REPRESENTATION_CONTEXT ( 'NONE', 'WORKASPACE' ) );
#1614 = ORIENTED_EDGE ( 'NONE', *, *, #1411, .T. ) ;
#1615 = DIRECTION ( 'NONE',  ( -0.000000000000000000, -0.000000000000000000, -1.000000000000000000 ) ) ;
#1616 = VERTEX_POINT ( 'NONE', #2208 ) ;
#1617 = DIRECTION ( 'NONE',  ( -0.000000000000000000, -0.000000000000000000, -1.000000000000000000 ) ) ;
#1618 = DIRECTION ( 'NONE',  ( 0.000000000000000000, 0.000000000000000000, -1.000000000000000000 ) ) ;
#1619 = EDGE_CURVE ( 'NONE', #1813, #60, #260, .T. ) ;
#1620 = DIRECTION ( 'NONE',  ( -0.000000000000000000, -0.000000000000000000, -1.000000000000000000 ) ) ;
#1621 = CARTESIAN_POINT ( 'NONE',  ( 0.000000000000000000, -1.734723475976807094E-15, -2.460625000000002061 ) ) ;
#1622 = FACE_OUTER_BOUND ( 'NONE', #457, .T. ) ;
#1623 = EDGE_LOOP ( 'NONE', ( #625, #1217, #388, #680 ) ) ;
#1624 = CYLINDRICAL_SURFACE ( 'NONE', #771, 9.624999999999998224 ) ;
#1625 = ORIENTED_EDGE ( 'NONE', *, *, #184, .T. ) ;
#1626 = CIRCLE ( 'NONE', #1191, 9.624999999999998224 ) ;
#1627 = EDGE_CURVE ( 'NONE', #225, #1859, #1252, .T. ) ;
#1628 = DATE_AND_TIME ( #1169, #876 ) ;
#1629 = DIRECTION ( 'NONE',  ( -0.8660254037844362651, 0.5000000000000039968, 0.000000000000000000 ) ) ;
#1630 = CIRCLE ( 'NONE', #1152, 1.574999999999999289 ) ;
#1631 = DIRECTION ( 'NONE',  ( -0.000000000000000000, -0.000000000000000000, -1.000000000000000000 ) ) ;
#1632 = DIRECTION ( 'NONE',  ( -0.000000000000000000, -0.000000000000000000, -1.000000000000000000 ) ) ;
#1633 = CIRCLE ( 'NONE', #1157, 9.703749999999999432 ) ;
#1634 = EDGE_CURVE ( 'NONE', #1309, #2653, #2436, .T. ) ;
#1635 = EDGE_LOOP ( 'NONE', ( #1759, #1659 ) ) ;
#1636 = DIRECTION ( 'NONE',  ( 0.000000000000000000, 0.000000000000000000, 1.000000000000000000 ) ) ;
#1637 = AXIS2_PLACEMENT_3D ( 'NONE', #2567, #1731, #116 ) ;
#1638 = CARTESIAN_POINT ( 'NONE',  ( -8.904266633813383791, -2.893171609835422320, -9.644093543285401792E-17 ) ) ;
#1639 = ORIENTED_EDGE ( 'NONE', *, *, #115, .T. ) ;
#1640 = CARTESIAN_POINT ( 'NONE',  ( 0.000000000000000000, -9.797174393178825657E-16, -2.500000000000000000 ) ) ;
#1641 = CIRCLE ( 'NONE', #1288, 8.824999999999997513 ) ;
#1642 = ORIENTED_EDGE ( 'NONE', *, *, #2442, .T. ) ;
#1643 = ORIENTED_EDGE ( 'NONE', *, *, #2317, .F. ) ;
#1644 = EDGE_LOOP ( 'NONE', ( #2295, #2002, #1625, #2135 ) ) ;
#1645 = CARTESIAN_POINT ( 'NONE',  ( -11.98924999999999663, 4.996865102220984409E-16, -2.500000000000000888 ) ) ;
#1646 = CARTESIAN_POINT ( 'NONE',  ( -9.442999999999994287, -9.797174393178825657E-16, 2.500000000000001332 ) ) ;
#1647 = DIRECTION ( 'NONE',  ( 0.000000000000000000, 0.000000000000000000, -1.000000000000000000 ) ) ;
#1648 = DIRECTION ( 'NONE',  ( -0.000000000000000000, -0.000000000000000000, -1.000000000000000000 ) ) ;
#1649 = AXIS2_PLACEMENT_3D ( 'NONE', #1960, #906, #1484 ) ;
#1650 = EDGE_CURVE ( 'NONE', #1990, #303, #1285, .T. ) ;
#1651 = DIRECTION ( 'NONE',  ( 0.000000000000000000, 0.000000000000000000, 1.000000000000000000 ) ) ;
#1652 = AXIS2_PLACEMENT_3D ( 'NONE', #1262, #2632, #2226 ) ;
#1653 = ORIENTED_EDGE ( 'NONE', *, *, #874, .F. ) ;
#1654 = CARTESIAN_POINT ( 'NONE',  ( 0.000000000000000000, -9.797174393178825657E-16, -2.500000000000000000 ) ) ;
#1655 = EDGE_CURVE ( 'NONE', #602, #1307, #2182, .T. ) ;
#1656 = CIRCLE ( 'NONE', #1920, 11.98924999999999663 ) ;
#1657 = ORIENTED_EDGE ( 'NONE', *, *, #2397, .F. ) ;
#1658 = ORIENTED_EDGE ( 'NONE', *, *, #2107, .F. ) ;
#1659 = ORIENTED_EDGE ( 'NONE', *, *, #532, .T. ) ;
#1660 = CARTESIAN_POINT ( 'NONE',  ( 9.472152853892346513, 5.468749999999912070, 0.000000000000000000 ) ) ;
#1661 = DIRECTION ( 'NONE',  ( -1.000000000000000000, 0.000000000000000000, 0.000000000000000000 ) ) ;
#1662 = DIRECTION ( 'NONE',  ( -0.000000000000000000, -0.000000000000000000, -1.000000000000000000 ) ) ;
#1663 = DIRECTION ( 'NONE',  ( -1.000000000000000000, 0.000000000000000000, 0.000000000000000000 ) ) ;
#1664 = DIRECTION ( 'NONE',  ( -0.000000000000000000, -0.000000000000000000, -1.000000000000000000 ) ) ;
#1665 = VERTEX_POINT ( 'NONE', #2134 ) ;
#1666 = CARTESIAN_POINT ( 'NONE',  ( 12.73999999999999844, -9.797174393178825657E-16, -2.239999999999999769 ) ) ;
#1667 = ORIENTED_EDGE ( 'NONE', *, *, #2168, .F. ) ;
#1668 = ORIENTED_EDGE ( 'NONE', *, *, #1690, .F. ) ;
#1669 = ADVANCED_FACE ( 'NONE', ( #1927 ), #2109, .T. ) ;
#1670 = VERTEX_POINT ( 'NONE', #279 ) ;
#1671 = CARTESIAN_POINT ( 'NONE',  ( -10.87758323059048493, 1.143280066989999399, 0.000000000000000000 ) ) ;
#1672 = AXIS2_PLACEMENT_3D ( 'NONE', #840, #31, #1663 ) ;
#1673 = CARTESIAN_POINT ( 'NONE',  ( 9.703749999999999432, 2.086491984047302690E-16, 2.317999999999997396 ) ) ;
#1674 = DIRECTION ( 'NONE',  ( -1.000000000000000000, 0.000000000000000000, 0.000000000000000000 ) ) ;
#1675 = AXIS2_PLACEMENT_3D ( 'NONE', #2592, #704, #274 ) ;
#1676 = PLANE ( 'NONE',  #2217 ) ;
#1677 = CIRCLE ( 'NONE', #1848, 1.574999999999999289 ) ;
#1678 = CARTESIAN_POINT ( 'NONE',  ( 0.000000000000000000, -9.797174393178825657E-16, 2.175000000000002043 ) ) ;
#1679 = ORIENTED_EDGE ( 'NONE', *, *, #1072, .T. ) ;
#1680 = EDGE_CURVE ( 'NONE', #255, #577, #130, .T. ) ;
#1681 = DIRECTION ( 'NONE',  ( -1.000000000000000000, 0.000000000000000000, 0.000000000000000000 ) ) ;
#1682 = EDGE_LOOP ( 'NONE', ( #1209, #778 ) ) ;
#1683 = CIRCLE ( 'NONE', #517, 8.499999999999996447 ) ;
#1684 = ORIENTED_EDGE ( 'NONE', *, *, #2265, .F. ) ;
#1685 = ORIENTED_EDGE ( 'NONE', *, *, #1567, .T. ) ;
#1686 = CIRCLE ( 'NONE', #606, 9.624999999999996447 ) ;
#1687 = CARTESIAN_POINT ( 'NONE',  ( 0.000000000000000000, -9.703750000000001208, -2.317999999999997396 ) ) ;
#1688 = DIRECTION ( 'NONE',  ( -1.000000000000000000, -1.224646799147314504E-16, 0.000000000000000000 ) ) ;
#1689 = CARTESIAN_POINT ( 'NONE',  ( 0.000000000000000000, -9.797174393178825657E-16, -2.500000000000000000 ) ) ;
#1690 = EDGE_CURVE ( 'NONE', #444, #225, #473, .T. ) ;
#1691 = CARTESIAN_POINT ( 'NONE',  ( -12.24999999999999645, -9.797174393178825657E-16, -2.500000000000000000 ) ) ;
#1692 = CARTESIAN_POINT ( 'NONE',  ( 9.703749999999999432, -9.797174393178825657E-16, 2.317999999999997396 ) ) ;
#1693 = ORIENTED_EDGE ( 'NONE', *, *, #2200, .T. ) ;
#1694 = AXIS2_PLACEMENT_3D ( 'NONE', #2052, #2456, #1883 ) ;
#1695 = CARTESIAN_POINT ( 'NONE',  ( 9.298599628785794380, -8.372496712065323976, -9.644093543285401792E-17 ) ) ;
#1696 = VECTOR ( 'NONE', #1050, 1000.000000000000000 ) ;
#1697 = ORIENTED_EDGE ( 'NONE', *, *, #53, .F. ) ;
#1698 = ORIENTED_EDGE ( 'NONE', *, *, #2079, .T. ) ;
#1699 = LINE ( 'NONE', #52, #341 ) ;
#1700 = CARTESIAN_POINT ( 'NONE',  ( 9.885750000000005144, -9.797174393178825657E-16, 2.500000000000000888 ) ) ;
#1701 = DIRECTION ( 'NONE',  ( 0.4067366430757887175, -0.9135454576426060846, 0.000000000000000000 ) ) ;
#1702 = EDGE_CURVE ( 'NONE', #1254, #2396, #1159, .T. ) ;
#1703 = CARTESIAN_POINT ( 'NONE',  ( 0.000000000000000000, -9.797174393178825657E-16, -2.500000000000000888 ) ) ;
#1704 = VERTEX_POINT ( 'NONE', #1334 ) ;
#1705 = FACE_OUTER_BOUND ( 'NONE', #2338, .T. ) ;
#1706 = EDGE_LOOP ( 'NONE', ( #754, #206, #266, #1278 ) ) ;
#1707 = ORIENTED_EDGE ( 'NONE', *, *, #2424, .F. ) ;
#1708 = VERTEX_POINT ( 'NONE', #1746 ) ;
#1709 = CARTESIAN_POINT ( 'NONE',  ( -8.499999999999996447, -9.797174393178825657E-16, -2.500000000000000000 ) ) ;
#1710 = ADVANCED_FACE ( 'NONE', ( #289 ), #894, .T. ) ;
#1711 = DIRECTION ( 'NONE',  ( -0.3090169943749449533, 0.9510565162951544194, 0.000000000000000000 ) ) ;
#1712 = CARTESIAN_POINT ( 'NONE',  ( 10.87758323059050092, 1.143280066989852184, 0.000000000000000000 ) ) ;
#1713 = AXIS2_PLACEMENT_3D ( 'NONE', #1221, #2051, #203 ) ;
#1714 = FACE_OUTER_BOUND ( 'NONE', #572, .T. ) ;
#1715 = EDGE_CURVE ( 'NONE', #1080, #2014, #476, .T. ) ;
#1716 = AXIS2_PLACEMENT_3D ( 'NONE', #2385, #783, #160 ) ;
#1717 = ORIENTED_EDGE ( 'NONE', *, *, #186, .T. ) ;
#1718 = AXIS2_PLACEMENT_3D ( 'NONE', #1930, #485, #256 ) ;
#1719 = CARTESIAN_POINT ( 'NONE',  ( 0.000000000000000000, -12.25000000000000000, 1.574999999999999956 ) ) ;
#1720 = AXIS2_PLACEMENT_3D ( 'NONE', #2261, #1028, #2068 ) ;
#1721 = ORIENTED_EDGE ( 'NONE', *, *, #333, .T. ) ;
#1722 = AXIS2_PLACEMENT_3D ( 'NONE', #1020, #394, #1820 ) ;
#1723 = DIRECTION ( 'NONE',  ( 1.000000000000000000, 0.000000000000000000, 0.000000000000000000 ) ) ;
#1724 = PLANE ( 'NONE',  #1718 ) ;
#1725 = DIRECTION ( 'NONE',  ( -0.000000000000000000, -0.000000000000000000, -1.000000000000000000 ) ) ;
#1726 = CIRCLE ( 'NONE', #563, 9.624999999999998224 ) ;
#1727 = APPROVAL ( #1127, 'UNSPECIFIED' ) ;
#1728 = CARTESIAN_POINT ( 'NONE',  ( 8.499999999999996447, 6.123233995736732756E-17, -2.500000000000000000 ) ) ;
#1729 = LINE ( 'NONE', #706, #488 ) ;
#1730 = ORIENTED_EDGE ( 'NONE', *, *, #153, .F. ) ;
#1731 = DIRECTION ( 'NONE',  ( -1.224646799147353207E-16, 1.000000000000000000, 0.000000000000000000 ) ) ;
#1732 = ORIENTED_EDGE ( 'NONE', *, *, #1225, .T. ) ;
#1733 = ORIENTED_EDGE ( 'NONE', *, *, #1829, .F. ) ;
#1734 = EDGE_CURVE ( 'NONE', #959, #432, #2393, .T. ) ;
#1735 = AXIS2_PLACEMENT_3D ( 'NONE', #1470, #1052, #1838 ) ;
#1736 = DIRECTION ( 'NONE',  ( -0.000000000000000000, -0.000000000000000000, -1.000000000000000000 ) ) ;
#1737 = AXIS2_PLACEMENT_3D ( 'NONE', #1006, #2452, #1451 ) ;
#1738 = DIRECTION ( 'NONE',  ( -0.000000000000000000, -0.000000000000000000, -1.000000000000000000 ) ) ;
#1739 = CARTESIAN_POINT ( 'NONE',  ( 0.000000000000000000, -9.797174393178825657E-16, -2.500000000000000000 ) ) ;
#1740 = AXIS2_PLACEMENT_3D ( 'NONE', #620, #1436, #2256 ) ;
#1741 = PLANE ( 'NONE',  #1824 ) ;
#1742 = CARTESIAN_POINT ( 'NONE',  ( -9.703749999999999432, -9.797174393178825657E-16, -2.317999999999997396 ) ) ;
#1743 = DIRECTION ( 'NONE',  ( 1.000000000000000000, 0.000000000000000000, 0.000000000000000000 ) ) ;
#1744 = ORIENTED_EDGE ( 'NONE', *, *, #542, .T. ) ;
#1745 = ADVANCED_FACE ( 'NONE', ( #2352 ), #1587, .T. ) ;
#1746 = CARTESIAN_POINT ( 'NONE',  ( -12.17124999999999879, 5.108307960943395153E-16, -2.317999999999997396 ) ) ;
#1747 = VERTEX_POINT ( 'NONE', #1758 ) ;
#1748 = ORIENTED_EDGE ( 'NONE', *, *, #1515, .F. ) ;
#1749 = EDGE_CURVE ( 'NONE', #1557, #255, #62, .T. ) ;
#1750 = DIRECTION ( 'NONE',  ( -1.000000000000000000, 0.000000000000000000, 0.000000000000000000 ) ) ;
#1751 = DIRECTION ( 'NONE',  ( -0.000000000000000000, -0.000000000000000000, -1.000000000000000000 ) ) ;
#1752 = SPHERICAL_SURFACE ( 'NONE', #2114, 1.574999999999999067 ) ;
#1753 = DATE_TIME_ROLE ( 'creation_date' ) ;
#1754 = LINE ( 'NONE', #1728, #2176 ) ;
#1755 = DIRECTION ( 'NONE',  ( -0.6691306063588671194, -0.7431448254773862505, -1.224646799147353207E-16 ) ) ;
#1756 = ORIENTED_EDGE ( 'NONE', *, *, #1634, .F. ) ;
#1757 = AXIS2_PLACEMENT_3D ( 'NONE', #1577, #965, #372 ) ;
#1758 = CARTESIAN_POINT ( 'NONE',  ( 9.624999999999998224, 1.990051048614446404E-16, -1.574999999999999956 ) ) ;
#1759 = ORIENTED_EDGE ( 'NONE', *, *, #2279, .F. ) ;
#1760 = CIRCLE ( 'NONE', #1279, 12.17124999999999879 ) ;
#1761 = ADVANCED_FACE ( 'NONE', ( #1705 ), #493, .F. ) ;
#1762 = AXIS2_PLACEMENT_3D ( 'NONE', #926, #700, #1520 ) ;
#1763 = CARTESIAN_POINT ( 'NONE',  ( 0.000000000000000000, -9.797174393178825657E-16, 2.500000000000001332 ) ) ;
#1764 = CARTESIAN_POINT ( 'NONE',  ( -12.24999999999999822, -9.797174393178825657E-16, -2.317999999999997396 ) ) ;
#1765 = ADVANCED_FACE ( 'NONE', ( #2318, #481 ), #2155, .F. ) ;
#1766 = DIRECTION ( 'NONE',  ( 0.000000000000000000, 0.000000000000000000, -1.000000000000000000 ) ) ;
#1767 = CIRCLE ( 'NONE', #2111, 1.574999999999998845 ) ;
#1768 = CARTESIAN_POINT ( 'NONE',  ( 1.946573205281338481, 9.157906911870242084, -9.644093543285401792E-17 ) ) ;
#1769 = EDGE_CURVE ( 'NONE', #2396, #1787, #317, .T. ) ;
#1770 = DIRECTION ( 'NONE',  ( 0.000000000000000000, 0.000000000000000000, 1.000000000000000000 ) ) ;
#1771 = FACE_BOUND ( 'NONE', #2330, .T. ) ;
#1772 = DIRECTION ( 'NONE',  ( -0.000000000000000000, -0.000000000000000000, -1.000000000000000000 ) ) ;
#1773 = EDGE_LOOP ( 'NONE', ( #2446, #1800 ) ) ;
#1774 = ORIENTED_EDGE ( 'NONE', *, *, #2375, .F. ) ;
#1775 = DIRECTION ( 'NONE',  ( -0.000000000000000000, -0.000000000000000000, -1.000000000000000000 ) ) ;
#1776 = AXIS2_PLACEMENT_3D ( 'NONE', #2214, #2190, #966 ) ;
#1777 = AXIS2_PLACEMENT_3D ( 'NONE', #2242, #1468, #1647 ) ;
#1778 = DIRECTION ( 'NONE',  ( -1.000000000000000000, -1.224646799147353700E-16, 0.000000000000000000 ) ) ;
#1779 = AXIS2_PLACEMENT_3D ( 'NONE', #702, #1075, #2550 ) ;
#1780 = LINE ( 'NONE', #1172, #1696 ) ;
#1781 = EDGE_CURVE ( 'NONE', #1670, #463, #1319, .T. ) ;
#1782 = ORIENTED_EDGE ( 'NONE', *, *, #1922, .F. ) ;
#1783 = CARTESIAN_POINT ( 'NONE',  ( -9.624999999999998224, -9.797174393178825657E-16, -2.500000000000000000 ) ) ;
#1784 = ORIENTED_EDGE ( 'NONE', *, *, #295, .T. ) ;
#1785 = ORIENTED_EDGE ( 'NONE', *, *, #2316, .T. ) ;
#1786 = EDGE_LOOP ( 'NONE', ( #2276, #181, #157, #2353 ) ) ;
#1787 = VERTEX_POINT ( 'NONE', #721 ) ;
#1788 = SPHERICAL_SURFACE ( 'NONE', #2070, 1.574999999999999067 ) ;
#1789 = COORDINATED_UNIVERSAL_TIME_OFFSET ( 6, 0, .BEHIND. ) ;
#1790 = CARTESIAN_POINT ( 'NONE',  ( -12.24999999999999645, -9.797174393178825657E-16, -2.500000000000000000 ) ) ;
#1791 = ADVANCED_FACE ( 'NONE', ( #1134 ), #1042, .F. ) ;
#1792 = CARTESIAN_POINT ( 'NONE',  ( 0.000000000000000000, -9.797174393178825657E-16, 2.500000000000001332 ) ) ;
#1793 = CARTESIAN_POINT ( 'NONE',  ( 0.000000000000000000, -9.797174393178825657E-16, -2.460625000000002061 ) ) ;
#1794 = EDGE_CURVE ( 'NONE', #1350, #2029, #1818, .T. ) ;
#1795 = CARTESIAN_POINT ( 'NONE',  ( 0.000000000000000000, -9.797174393178825657E-16, -1.574999999999999956 ) ) ;
#1796 = ORIENTED_EDGE ( 'NONE', *, *, #627, .F. ) ;
#1797 = AXIS2_PLACEMENT_3D ( 'NONE', #178, #358, #1384 ) ;
#1798 = ORIENTED_EDGE ( 'NONE', *, *, #6, .F. ) ;
#1799 = AXIS2_PLACEMENT_3D ( 'NONE', #500, #1552, #68 ) ;
#1800 = ORIENTED_EDGE ( 'NONE', *, *, #2332, .T. ) ;
#1801 = CIRCLE ( 'NONE', #731, 8.824999999999997513 ) ;
#1802 = DIRECTION ( 'NONE',  ( -0.2079116908177665035, -0.9781476007338041345, 0.000000000000000000 ) ) ;
#1803 = APPROVAL_STATUS ( 'not_yet_approved' ) ;
#1804 = CIRCLE ( 'NONE', #1590, 12.43199999999999861 ) ;
#1805 = DIRECTION ( 'NONE',  ( -0.9135454576426005335, 0.4067366430758010409, 0.000000000000000000 ) ) ;
#1806 = AXIS2_PLACEMENT_3D ( 'NONE', #2069, #637, #649 ) ;
#1807 = DIRECTION ( 'NONE',  ( 0.000000000000000000, 0.000000000000000000, -1.000000000000000000 ) ) ;
#1808 = EDGE_CURVE ( 'NONE', #225, #2206, #958, .T. ) ;
#1809 = AXIS2_PLACEMENT_3D ( 'NONE', #93, #1336, #2159 ) ;
#1810 = VERTEX_POINT ( 'NONE', #786 ) ;
#1811 = FACE_BOUND ( 'NONE', #2112, .T. ) ;
#1812 = CARTESIAN_POINT ( 'NONE',  ( 6.428901196948998198, 8.848623375975934735, 0.000000000000000000 ) ) ;
#1813 = VERTEX_POINT ( 'NONE', #2203 ) ;
#1814 = CARTESIAN_POINT ( 'NONE',  ( 8.824999999999997513, 1.010333609296562433E-16, 2.500000000000001776 ) ) ;
#1815 = ORIENTED_EDGE ( 'NONE', *, *, #555, .F. ) ;
#1816 = EDGE_CURVE ( 'NONE', #252, #1832, #763, .T. ) ;
#1817 = CARTESIAN_POINT ( 'NONE',  ( 0.000000000000000000, -9.797174393178825657E-16, 2.317999999999997396 ) ) ;
#1818 = CIRCLE ( 'NONE', #2580, 1.574999999999999734 ) ;
#1819 = CARTESIAN_POINT ( 'NONE',  ( 0.000000000000000000, -9.797174393178825657E-16, 2.318000000000000060 ) ) ;
#1820 = DIRECTION ( 'NONE',  ( 0.2079116908177532086, -0.9781476007338069101, 0.000000000000000000 ) ) ;
#1821 = CIRCLE ( 'NONE', #1130, 9.442999999999994287 ) ;
#1822 = DIRECTION ( 'NONE',  ( -0.000000000000000000, -0.000000000000000000, -1.000000000000000000 ) ) ;
#1823 = CARTESIAN_POINT ( 'NONE',  ( 0.000000000000000000, -9.797174393178825657E-16, -2.460625000000002061 ) ) ;
#1824 = AXIS2_PLACEMENT_3D ( 'NONE', #1115, #243, #259 ) ;
#1825 = DIRECTION ( 'NONE',  ( 1.000000000000000000, 0.000000000000000000, 0.000000000000000000 ) ) ;
#1826 = AXIS2_PLACEMENT_3D ( 'NONE', #2504, #67, #1061 ) ;
#1827 = ORIENTED_EDGE ( 'NONE', *, *, #2230, .T. ) ;
#1828 = DIRECTION ( 'NONE',  ( -1.000000000000000000, 0.000000000000000000, 0.000000000000000000 ) ) ;
#1829 = EDGE_CURVE ( 'NONE', #1489, #911, #2081, .T. ) ;
#1830 = EDGE_LOOP ( 'NONE', ( #2530, #1653, #1846, #2046 ) ) ;
#1831 = ORIENTED_EDGE ( 'NONE', *, *, #1280, .F. ) ;
#1832 = VERTEX_POINT ( 'NONE', #1397 ) ;
#1833 = EDGE_CURVE ( 'NONE', #2653, #617, #871, .T. ) ;
#1834 = ADVANCED_BREP_SHAPE_REPRESENTATION ( '4648K23_440C Stainless Steel Ball Bearing for Food and Beverage', ( #979, #72, #1858, #989, #61, #128, #1008, #1013, #969, #943, #956, #1878, #1845, #101, #973, #1890, #1904, #94, #112, #998, #1839, #999 ), #1613 ) ;
#1835 = DIRECTION ( 'NONE',  ( -1.000000000000000000, 0.000000000000000000, 0.000000000000000000 ) ) ;
#1836 = CYLINDRICAL_SURFACE ( 'NONE', #2160, 12.24999999999999822 ) ;
#1837 = CARTESIAN_POINT ( 'NONE',  ( 12.24999999999999822, 5.204748896376249713E-16, -1.574999999999999956 ) ) ;
#1838 = DIRECTION ( 'NONE',  ( 1.000000000000000000, 0.000000000000000000, -0.000000000000000000 ) ) ;
#1839 = MANIFOLD_SOLID_BREP ( 'CirPattern1[14]', #2264 ) ;
#1840 = VERTEX_POINT ( 'NONE', #585 ) ;
#1841 = DIRECTION ( 'NONE',  ( 0.000000000000000000, 0.000000000000000000, -1.000000000000000000 ) ) ;
#1842 = CC_DESIGN_DATE_AND_TIME_ASSIGNMENT ( #1984, #950, ( #2039 ) ) ;
#1843 = VERTEX_POINT ( 'NONE', #945 ) ;
#1844 = CONICAL_SURFACE ( 'NONE', #676, 12.17124999999999879, 0.7853981633974435050 ) ;
#1845 = MANIFOLD_SOLID_BREP ( 'Revolve4[2]', #2430 ) ;
#1846 = ORIENTED_EDGE ( 'NONE', *, *, #1808, .T. ) ;
#1847 = DIRECTION ( 'NONE',  ( -0.000000000000000000, -0.000000000000000000, -1.000000000000000000 ) ) ;
#1848 = AXIS2_PLACEMENT_3D ( 'NONE', #1479, #1946, #873 ) ;
#1849 = ADVANCED_FACE ( 'NONE', ( #329 ), #1868, .F. ) ;
#1850 = EDGE_CURVE ( 'NONE', #145, #1747, #312, .T. ) ;
#1851 = DIRECTION ( 'NONE',  ( -1.000000000000000000, 0.000000000000000000, 0.000000000000000000 ) ) ;
#1852 = FACE_OUTER_BOUND ( 'NONE', #738, .T. ) ;
#1853 = CIRCLE ( 'NONE', #1457, 0.2599999999999997868 ) ;
#1854 = PLANE ( 'NONE',  #1581 ) ;
#1855 = ADVANCED_FACE ( 'NONE', ( #1622 ), #384, .F. ) ;
#1856 = AXIS2_PLACEMENT_3D ( 'NONE', #1604, #1068, #1267 ) ;
#1857 = DIRECTION ( 'NONE',  ( 0.000000000000000000, 0.000000000000000000, 1.000000000000000000 ) ) ;
#1858 = MANIFOLD_SOLID_BREP ( 'Revolve2', #633 ) ;
#1859 = VERTEX_POINT ( 'NONE', #344 ) ;
#1860 = CYLINDRICAL_SURFACE ( 'NONE', #1720, 9.624999999999998224 ) ;
#1861 = AXIS2_PLACEMENT_3D ( 'NONE', #190, #379, #824 ) ;
#1862 = ORIENTED_EDGE ( 'NONE', *, *, #2262, .T. ) ;
#1863 = ORIENTED_EDGE ( 'NONE', *, *, #479, .F. ) ;
#1864 = DIRECTION ( 'NONE',  ( 1.000000000000000000, 0.000000000000000000, 0.000000000000000000 ) ) ;
#1865 = DIRECTION ( 'NONE',  ( -0.000000000000000000, -0.000000000000000000, -1.000000000000000000 ) ) ;
#1866 = FACE_OUTER_BOUND ( 'NONE', #1283, .T. ) ;
#1867 = CARTESIAN_POINT ( 'NONE',  ( 8.824999999999997513, -9.797174393178825657E-16, -2.175000000000002487 ) ) ;
#1868 = CONICAL_SURFACE ( 'NONE', #1776, 12.43199999999999861, 0.7853981633974437271 ) ;
#1869 = CARTESIAN_POINT ( 'NONE',  ( 11.98924999999999663, 4.885422243498574651E-16, 2.500000000000000888 ) ) ;
#1870 = EDGE_CURVE ( 'NONE', #892, #1557, #2626, .T. ) ;
#1871 = EDGE_LOOP ( 'NONE', ( #1668, #1693, #805, #1226 ) ) ;
#1872 = VECTOR ( 'NONE', #2464, 1000.000000000000000 ) ;
#1873 = CARTESIAN_POINT ( 'NONE',  ( 0.000000000000000000, -9.797174393178825657E-16, -2.500000000000000000 ) ) ;
#1874 = ORIENTED_EDGE ( 'NONE', *, *, #6, .T. ) ;
#1875 = ORIENTED_EDGE ( 'NONE', *, *, #1627, .T. ) ;
#1876 = ORIENTED_EDGE ( 'NONE', *, *, #1137, .T. ) ;
#1877 = DIRECTION ( 'NONE',  ( -1.000000000000000000, 0.000000000000000000, 0.000000000000000000 ) ) ;
#1878 = MANIFOLD_SOLID_BREP ( 'Revolve4[1]', #724 ) ;
#1879 = CARTESIAN_POINT ( 'NONE',  ( -9.703750000000001208, -9.797174393178825657E-16, -2.500000000000000000 ) ) ;
#1880 = CARTESIAN_POINT ( 'NONE',  ( 9.703749999999999432, 2.086491984047302690E-16, 2.460625000000001616 ) ) ;
#1881 = EDGE_CURVE ( 'NONE', #653, #2296, #652, .T. ) ;
#1882 = CARTESIAN_POINT ( 'NONE',  ( 0.000000000000000000, -9.797174393178825657E-16, -2.317999999999997396 ) ) ;
#1883 = DIRECTION ( 'NONE',  ( 1.000000000000000000, 0.000000000000000000, 0.000000000000000000 ) ) ;
#1884 = VERTEX_POINT ( 'NONE', #179 ) ;
#1885 = DIRECTION ( 'NONE',  ( 0.000000000000000000, -1.000000000000000000, 0.000000000000000000 ) ) ;
#1886 = ORIENTED_EDGE ( 'NONE', *, *, #2074, .T. ) ;
#1887 = VERTEX_POINT ( 'NONE', #2606 ) ;
#1888 = CARTESIAN_POINT ( 'NONE',  ( 0.000000000000000000, -1.734723475976807094E-15, 0.8706140074682938712 ) ) ;
#1889 = CLOSED_SHELL ( 'NONE', ( #385, #2298 ) ) ;
#1890 = MANIFOLD_SOLID_BREP ( 'CirPattern1[9]', #2562 ) ;
#1891 = CARTESIAN_POINT ( 'NONE',  ( -9.703749999999999432, -9.797174393178825657E-16, 2.460625000000001616 ) ) ;
#1892 = CARTESIAN_POINT ( 'NONE',  ( -6.428901196948878294, 8.848623375976020000, 0.000000000000000000 ) ) ;
#1893 = AXIS2_PLACEMENT_3D ( 'NONE', #1564, #151, #1158 ) ;
#1894 = CARTESIAN_POINT ( 'NONE',  ( 0.000000000000000000, -9.797174393178825657E-16, -2.460625000000002061 ) ) ;
#1895 = AXIS2_PLACEMENT_3D ( 'NONE', #16, #1016, #2 ) ;
#1896 = CARTESIAN_POINT ( 'NONE',  ( 0.000000000000000000, -9.797174393178825657E-16, -2.317999999999997396 ) ) ;
#1897 = VERTEX_POINT ( 'NONE', #2011 ) ;
#1898 = ORIENTED_EDGE ( 'NONE', *, *, #870, .T. ) ;
#1899 = CIRCLE ( 'NONE', #1856, 1.574999999999999512 ) ;
#1900 = DIRECTION ( 'NONE',  ( -1.000000000000000000, 0.000000000000000000, 0.000000000000000000 ) ) ;
#1901 = ORIENTED_EDGE ( 'NONE', *, *, #636, .T. ) ;
#1902 = AXIS2_PLACEMENT_3D ( 'NONE', #1522, #1711, #1289 ) ;
#1903 = EDGE_LOOP ( 'NONE', ( #2648, #1863 ) ) ;
#1904 = MANIFOLD_SOLID_BREP ( 'CirPattern1[10]', #766 ) ;
#1905 = ADVANCED_FACE ( 'NONE', ( #1163 ), #2624, .T. ) ;
#1906 = ORIENTED_EDGE ( 'NONE', *, *, #446, .F. ) ;
#1907 = AXIS2_PLACEMENT_3D ( 'NONE', #1994, #2162, #536 ) ;
#1908 = DIRECTION ( 'NONE',  ( -1.000000000000000000, 0.000000000000000000, 0.000000000000000000 ) ) ;
#1909 = CARTESIAN_POINT ( 'NONE',  ( -11.90009466014311812, -3.866575142116498220, -9.644093543285401792E-17 ) ) ;
#1910 = DIRECTION ( 'NONE',  ( -1.000000000000000000, 0.000000000000000000, 0.000000000000000000 ) ) ;
#1911 = FACE_OUTER_BOUND ( 'NONE', #267, .T. ) ;
#1912 = CARTESIAN_POINT ( 'NONE',  ( 8.824999999999997513, -9.797174393178825657E-16, -2.500000000000002220 ) ) ;
#1913 = ORIENTED_EDGE ( 'NONE', *, *, #1017, .F. ) ;
#1914 = AXIS2_PLACEMENT_3D ( 'NONE', #2094, #598, #1235 ) ;
#1915 = AXIS2_PLACEMENT_3D ( 'NONE', #1566, #2376, #1356 ) ;
#1916 = ORIENTED_EDGE ( 'NONE', *, *, #107, .F. ) ;
#1917 = ORIENTED_EDGE ( 'NONE', *, *, #50, .T. ) ;
#1918 = ORIENTED_EDGE ( 'NONE', *, *, #197, .T. ) ;
#1919 = ADVANCED_FACE ( 'NONE', ( #2403 ), #980, .T. ) ;
#1920 = AXIS2_PLACEMENT_3D ( 'NONE', #1274, #98, #474 ) ;
#1921 = LINE ( 'NONE', #1124, #1503 ) ;
#1922 = EDGE_CURVE ( 'NONE', #1557, #892, #447, .T. ) ;
#1923 = DIRECTION ( 'NONE',  ( -1.000000000000000000, 0.000000000000000000, 0.000000000000000000 ) ) ;
#1924 = DIRECTION ( 'NONE',  ( -1.000000000000000000, 0.000000000000000000, 0.000000000000000000 ) ) ;
#1925 = CARTESIAN_POINT ( 'NONE',  ( -12.43199999999999861, 5.427634613821067257E-16, 2.500000000000000888 ) ) ;
#1926 = ORIENTED_EDGE ( 'NONE', *, *, #1499, .F. ) ;
#1927 = FACE_OUTER_BOUND ( 'NONE', #858, .T. ) ;
#1928 = ORIENTED_EDGE ( 'NONE', *, *, #1379, .F. ) ;
#1929 = EDGE_CURVE ( 'NONE', #2248, #1704, #1296, .T. ) ;
#1930 = CARTESIAN_POINT ( 'NONE',  ( 0.000000000000000000, -12.17125000000000057, -2.317999999999997396 ) ) ;
#1931 = DIRECTION ( 'NONE',  ( -0.8090169943749504489, -0.5877852522924689183, -0.000000000000000000 ) ) ;
#1932 = EDGE_CURVE ( 'NONE', #1391, #2380, #2178, .T. ) ;
#1933 = DIRECTION ( 'NONE',  ( 0.000000000000000000, 0.000000000000000000, -1.000000000000000000 ) ) ;
#1934 = EDGE_CURVE ( 'NONE', #1542, #60, #143, .T. ) ;
#1935 = CARTESIAN_POINT ( 'NONE',  ( 8.904266633813344711, -2.893171609835538671, -9.644093543285401792E-17 ) ) ;
#1936 = DIRECTION ( 'NONE',  ( 0.000000000000000000, 0.000000000000000000, -1.000000000000000000 ) ) ;
#1937 = EDGE_CURVE ( 'NONE', #2296, #1961, #220, .T. ) ;
#1938 = EDGE_LOOP ( 'NONE', ( #2545, #2143 ) ) ;
#1939 = AXIS2_PLACEMENT_3D ( 'NONE', #109, #1272, #308 ) ;
#1940 = CARTESIAN_POINT ( 'NONE',  ( 0.000000000000000000, -9.797174393178825657E-16, -2.500000000000000000 ) ) ;
#1941 = AXIS2_PLACEMENT_3D ( 'NONE', #120, #1558, #136 ) ;
#1942 = ORIENTED_EDGE ( 'NONE', *, *, #1228, .F. ) ;
#1943 = AXIS2_PLACEMENT_3D ( 'NONE', #173, #2294, #1403 ) ;
#1944 = TOROIDAL_SURFACE ( 'NONE', #2274, 12.73999999999999844, 0.2600000000000000089 ) ;
#1945 = DIRECTION ( 'NONE',  ( -1.000000000000000000, 0.000000000000000000, 0.000000000000000000 ) ) ;
#1946 = DIRECTION ( 'NONE',  ( 0.6691306063588569053, -0.7431448254773954654, -0.000000000000000000 ) ) ;
#1947 = CARTESIAN_POINT ( 'NONE',  ( 0.000000000000000000, -1.734723475976807094E-15, 0.8706140074682938712 ) ) ;
#1948 = CARTESIAN_POINT ( 'NONE',  ( -12.43200000000000038, -9.797174393178825657E-16, -2.499999999999999556 ) ) ;
#1949 = FACE_BOUND ( 'NONE', #1400, .T. ) ;
#1950 = ORIENTED_EDGE ( 'NONE', *, *, #2265, .T. ) ;
#1951 = EDGE_CURVE ( 'NONE', #1458, #1840, #703, .T. ) ;
#1952 = CARTESIAN_POINT ( 'NONE',  ( 10.87758323059050092, 1.143280066989852184, 0.000000000000000000 ) ) ;
#1953 = VERTEX_POINT ( 'NONE', #194 ) ;
#1954 = AXIS2_PLACEMENT_3D ( 'NONE', #1812, #2166, #750 ) ;
#1955 = FACE_OUTER_BOUND ( 'NONE', #1786, .T. ) ;
#1956 = AXIS2_PLACEMENT_3D ( 'NONE', #1537, #2153, #1131 ) ;
#1957 = FACE_OUTER_BOUND ( 'NONE', #2133, .T. ) ;
#1958 = CALENDAR_DATE ( 2026, 18, 1 ) ;
#1959 = FACE_OUTER_BOUND ( 'NONE', #516, .T. ) ;
#1960 = CARTESIAN_POINT ( 'NONE',  ( 0.000000000000000000, -9.797174393178825657E-16, 2.500000000000000888 ) ) ;
#1961 = VERTEX_POINT ( 'NONE', #1211 ) ;
#1962 = DIRECTION ( 'NONE',  ( -1.000000000000000000, 0.000000000000000000, 0.000000000000000000 ) ) ;
#1963 = VERTEX_POINT ( 'NONE', #398 ) ;
#1964 = EDGE_CURVE ( 'NONE', #617, #2248, #853, .T. ) ;
#1965 = DIRECTION ( 'NONE',  ( -1.224646799147353207E-16, 1.000000000000000000, 0.000000000000000000 ) ) ;
#1966 = DIRECTION ( 'NONE',  ( -0.000000000000000000, -0.000000000000000000, -1.000000000000000000 ) ) ;
#1967 = DIRECTION ( 'NONE',  ( 0.000000000000000000, 0.000000000000000000, -1.000000000000000000 ) ) ;
#1968 = PERSON_AND_ORGANIZATION ( #35, #533 ) ;
#1969 = DIRECTION ( 'NONE',  ( 0.000000000000000000, 0.000000000000000000, -1.000000000000000000 ) ) ;
#1970 = FACE_OUTER_BOUND ( 'NONE', #2382, .T. ) ;
#1971 = EDGE_LOOP ( 'NONE', ( #1697, #866, #1614, #1733 ) ) ;
#1972 = TOROIDAL_SURFACE ( 'NONE', #381, 8.824999999999997513, 0.3250000000000000111 ) ;
#1973 = DIRECTION ( 'NONE',  ( -1.000000000000000000, 0.000000000000000000, 0.000000000000000000 ) ) ;
#1974 = ORIENTED_EDGE ( 'NONE', *, *, #161, .T. ) ;
#1975 = ORIENTED_EDGE ( 'NONE', *, *, #2474, .F. ) ;
#1976 = TOROIDAL_SURFACE ( 'NONE', #2652, 10.93749999999999822, 1.575000000000000178 ) ;
#1977 = AXIS2_PLACEMENT_3D ( 'NONE', #2511, #1093, #2542 ) ;
#1978 = EDGE_LOOP ( 'NONE', ( #2191, #1950 ) ) ;
#1979 = AXIS2_PLACEMENT_3D ( 'NONE', #2233, #2445, #601 ) ;
#1980 = ORIENTED_EDGE ( 'NONE', *, *, #796, .T. ) ;
#1981 = DIRECTION ( 'NONE',  ( -1.000000000000000000, 0.000000000000000000, 0.000000000000000000 ) ) ;
#1982 = EDGE_CURVE ( 'NONE', #1747, #145, #1423, .T. ) ;
#1983 = CARTESIAN_POINT ( 'NONE',  ( 0.000000000000000000, -9.797174393178825657E-16, -2.500000000000000000 ) ) ;
#1984 = DATE_AND_TIME ( #2185, #1430 ) ;
#1985 = AXIS2_PLACEMENT_3D ( 'NONE', #725, #1572, #2548 ) ;
#1986 = CARTESIAN_POINT ( 'NONE',  ( -12.24999999999999645, -9.797174393178825657E-16, 2.317999999999997396 ) ) ;
#1987 = DIRECTION ( 'NONE',  ( 1.000000000000000000, 0.000000000000000000, 0.000000000000000000 ) ) ;
#1988 = SPHERICAL_SURFACE ( 'NONE', #2472, 1.574999999999999067 ) ;
#1989 = DIRECTION ( 'NONE',  ( -0.000000000000000000, -0.000000000000000000, -1.000000000000000000 ) ) ;
#1990 = VERTEX_POINT ( 'NONE', #646 ) ;
#1991 = EDGE_CURVE ( 'NONE', #1081, #1884, #2368, .T. ) ;
#1992 = DIRECTION ( 'NONE',  ( 0.5877852522924799095, 0.8090169943749425663, 0.000000000000000000 ) ) ;
#1993 = VECTOR ( 'NONE', #478, 1000.000000000000114 ) ;
#1994 = CARTESIAN_POINT ( 'NONE',  ( 10.40218064697820566, -3.379873375976096384, 0.000000000000000000 ) ) ;
#1995 = DIRECTION ( 'NONE',  ( 1.000000000000000000, 0.000000000000000000, 0.000000000000000000 ) ) ;
#1996 = TOROIDAL_SURFACE ( 'NONE', #230, 9.664374999999999716, 0.03937500000000208195 ) ;
#1997 = CARTESIAN_POINT ( 'NONE',  ( 9.624999999999998224, 1.990051048614446404E-16, -2.500000000000000000 ) ) ;
#1998 = EDGE_CURVE ( 'NONE', #2607, #720, #227, .T. ) ;
#1999 = FACE_OUTER_BOUND ( 'NONE', #895, .T. ) ;
#2000 = DIRECTION ( 'NONE',  ( 0.000000000000000000, 0.000000000000000000, 1.000000000000000000 ) ) ;
#2001 = DIRECTION ( 'NONE',  ( 0.7071067811865441310, 0.000000000000000000, 0.7071067811865507924 ) ) ;
#2002 = ORIENTED_EDGE ( 'NONE', *, *, #1031, .F. ) ;
#2003 = EDGE_LOOP ( 'NONE', ( #626, #1918 ) ) ;
#2004 = ORIENTED_EDGE ( 'NONE', *, *, #1347, .T. ) ;
#2005 = ORIENTED_EDGE ( 'NONE', *, *, #1937, .T. ) ;
#2006 = CYLINDRICAL_SURFACE ( 'NONE', #2481, 9.703749999999999432 ) ;
#2007 = PERSON_AND_ORGANIZATION ( #35, #533 ) ;
#2008 = DIRECTION ( 'NONE',  ( -0.000000000000000000, -0.000000000000000000, -1.000000000000000000 ) ) ;
#2009 = CARTESIAN_POINT ( 'NONE',  ( 10.87758323059050092, 1.143280066989852184, 0.000000000000000000 ) ) ;
#2010 = LINE ( 'NONE', #164, #934 ) ;
#2011 = CARTESIAN_POINT ( 'NONE',  ( 11.90009466014306660, -3.866575142116654096, -9.644093543285401792E-17 ) ) ;
#2012 = EDGE_CURVE ( 'NONE', #1884, #1081, #273, .T. ) ;
#2013 = ADVANCED_FACE ( 'NONE', ( #1010, #1038 ), #815, .F. ) ;
#2014 = VERTEX_POINT ( 'NONE', #1026 ) ;
#2015 = CARTESIAN_POINT ( 'NONE',  ( -8.128146528659010883, -7.318616007049996597, 0.000000000000000000 ) ) ;
#2016 = AXIS2_PLACEMENT_3D ( 'NONE', #1867, #2454, #1422 ) ;
#2017 = EDGE_LOOP ( 'NONE', ( #846, #1639, #1046, #1176 ) ) ;
#2018 = CIRCLE ( 'NONE', #430, 1.574999999999999956 ) ;
#2019 = ORIENTED_EDGE ( 'NONE', *, *, #807, .T. ) ;
#2020 = AXIS2_PLACEMENT_3D ( 'NONE', #2558, #1966, #2623 ) ;
#2021 = DIRECTION ( 'NONE',  ( -1.000000000000000000, 0.000000000000000000, 0.000000000000000000 ) ) ;
#2022 = CYLINDRICAL_SURFACE ( 'NONE', #2310, 9.624999999999998224 ) ;
#2023 = DIRECTION ( 'NONE',  ( 1.000000000000000000, 0.000000000000000000, 0.000000000000000000 ) ) ;
#2024 = CARTESIAN_POINT ( 'NONE',  ( 0.000000000000000000, -9.797174393178825657E-16, -2.317999999999997396 ) ) ;
#2025 = VECTOR ( 'NONE', #1606, 1000.000000000000000 ) ;
#2026 = ADVANCED_FACE ( 'NONE', ( #246 ), #46, .T. ) ;
#2027 = ORIENTED_EDGE ( 'NONE', *, *, #2591, .F. ) ;
#2028 = DIRECTION ( 'NONE',  ( -1.000000000000000000, 0.000000000000000000, 0.000000000000000000 ) ) ;
#2029 = VERTEX_POINT ( 'NONE', #1638 ) ;
#2030 = DIRECTION ( 'NONE',  ( -1.000000000000000000, 0.000000000000000000, 0.000000000000000000 ) ) ;
#2031 = EDGE_CURVE ( 'NONE', #1963, #1391, #2288, .T. ) ;
#2032 = ORIENTED_EDGE ( 'NONE', *, *, #1515, .T. ) ;
#2033 = VECTOR ( 'NONE', #2538, 1000.000000000000000 ) ;
#2034 = CARTESIAN_POINT ( 'NONE',  ( 0.000000000000000000, -9.797174393178825657E-16, 2.500000000000001332 ) ) ;
#2035 = CARTESIAN_POINT ( 'NONE',  ( 9.624999999999998224, 1.990051048614444678E-16, -0.8706140074682938712 ) ) ;
#2036 = AXIS2_PLACEMENT_3D ( 'NONE', #1247, #1632, #2037 ) ;
#2037 = DIRECTION ( 'NONE',  ( -1.000000000000000000, 0.000000000000000000, 0.000000000000000000 ) ) ;
#2038 = CARTESIAN_POINT ( 'NONE',  ( -8.128146528659010883, -7.318616007049996597, 0.000000000000000000 ) ) ;
#2039 = SECURITY_CLASSIFICATION ( '', '', #1340 ) ;
#2040 = EDGE_CURVE ( 'NONE', #2014, #1373, #441, .T. ) ;
#2041 = EDGE_LOOP ( 'NONE', ( #2369, #1164 ) ) ;
#2042 = SPHERICAL_SURFACE ( 'NONE', #81, 1.574999999999999067 ) ;
#2043 = ORIENTED_EDGE ( 'NONE', *, *, #332, .F. ) ;
#2044 = EDGE_CURVE ( 'NONE', #1953, #2253, #403, .T. ) ;
#2045 = ORIENTED_EDGE ( 'NONE', *, *, #2420, .F. ) ;
#2046 = ORIENTED_EDGE ( 'NONE', *, *, #197, .F. ) ;
#2047 = EDGE_CURVE ( 'NONE', #145, #1307, #2483, .T. ) ;
#2048 = DIRECTION ( 'NONE',  ( -0.1045284632676570929, -0.9945218953682729568, -0.000000000000000000 ) ) ;
#2049 = CARTESIAN_POINT ( 'NONE',  ( 9.362499999999997158, -5.881479102750979682E-16, 1.928818708657082084E-16 ) ) ;
#2050 = CARTESIAN_POINT ( 'NONE',  ( -12.43199999999999861, 5.427634613821067257E-16, 2.500000000000001332 ) ) ;
#2051 = DIRECTION ( 'NONE',  ( -0.000000000000000000, -0.000000000000000000, -1.000000000000000000 ) ) ;
#2052 = CARTESIAN_POINT ( 'NONE',  ( 0.000000000000000000, -9.797174393178825657E-16, -2.239999999999999769 ) ) ;
#2053 = ORIENTED_EDGE ( 'NONE', *, *, #2207, .F. ) ;
#2054 = DIRECTION ( 'NONE',  ( 0.000000000000000000, 0.000000000000000000, -1.000000000000000000 ) ) ;
#2055 = ORIENTED_EDGE ( 'NONE', *, *, #1596, .T. ) ;
#2056 = TOROIDAL_SURFACE ( 'NONE', #77, 10.93749999999999822, 1.575000000000000178 ) ;
#2057 = ORIENTED_EDGE ( 'NONE', *, *, #779, .F. ) ;
#2058 = CARTESIAN_POINT ( 'NONE',  ( 9.624999999999998224, 1.990051048614446404E-16, -2.317999999999997396 ) ) ;
#2059 = AXIS2_PLACEMENT_3D ( 'NONE', #1085, #683, #2297 ) ;
#2060 = ADVANCED_FACE ( 'NONE', ( #2082, #2289 ), #610, .F. ) ;
#2061 = DIRECTION ( 'NONE',  ( 1.000000000000000000, 0.000000000000000000, 0.000000000000000000 ) ) ;
#2062 = DIRECTION ( 'NONE',  ( -1.000000000000000000, 0.000000000000000000, 0.000000000000000000 ) ) ;
#2063 = AXIS2_PLACEMENT_3D ( 'NONE', #1547, #2161, #323 ) ;
#2064 = DIRECTION ( 'NONE',  ( 1.000000000000000000, 0.000000000000000000, 0.000000000000000000 ) ) ;
#2065 = AXIS2_PLACEMENT_3D ( 'NONE', #2270, #1865, #1661 ) ;
#2066 = DIRECTION ( 'NONE',  ( -1.000000000000000000, 0.000000000000000000, 0.000000000000000000 ) ) ;
#2067 = ORIENTED_EDGE ( 'NONE', *, *, #1570, .F. ) ;
#2068 = DIRECTION ( 'NONE',  ( -1.000000000000000000, 0.000000000000000000, 0.000000000000000000 ) ) ;
#2069 = CARTESIAN_POINT ( 'NONE',  ( 0.000000000000000000, -9.797174393178825657E-16, -2.500000000000000000 ) ) ;
#2070 = AXIS2_PLACEMENT_3D ( 'NONE', #914, #2150, #2399 ) ;
#2071 = VERTEX_POINT ( 'NONE', #828 ) ;
#2072 = EDGE_LOOP ( 'NONE', ( #2471, #1186, #842, #599 ) ) ;
#2073 = AXIS2_PLACEMENT_3D ( 'NONE', #535, #1153, #351 ) ;
#2074 = EDGE_CURVE ( 'NONE', #1787, #1813, #21, .T. ) ;
#2075 = ORIENTED_EDGE ( 'NONE', *, *, #759, .T. ) ;
#2076 = DIRECTION ( 'NONE',  ( -1.000000000000000000, 0.000000000000000000, 0.000000000000000000 ) ) ;
#2077 = DIRECTION ( 'NONE',  ( 0.000000000000000000, 0.000000000000000000, 1.000000000000000000 ) ) ;
#2078 = FACE_OUTER_BOUND ( 'NONE', #2097, .T. ) ;
#2079 = EDGE_CURVE ( 'NONE', #1044, #2607, #2467, .T. ) ;
#2080 = LINE ( 'NONE', #1691, #1277 ) ;
#2081 = CIRCLE ( 'NONE', #916, 12.24999999999999822 ) ;
#2082 = FACE_OUTER_BOUND ( 'NONE', #1236, .T. ) ;
#2083 = AXIS2_PLACEMENT_3D ( 'NONE', #1703, #1091, #890 ) ;
#2084 = ORIENTED_EDGE ( 'NONE', *, *, #1749, .F. ) ;
#2085 = ORIENTED_EDGE ( 'NONE', *, *, #2474, .T. ) ;
#2086 = CARTESIAN_POINT ( 'NONE',  ( 2.274034118319320452, 10.69848938302598285, 0.000000000000000000 ) ) ;
#2087 = ORIENTED_EDGE ( 'NONE', *, *, #2641, .F. ) ;
#2088 = EDGE_LOOP ( 'NONE', ( #1512, #1268 ) ) ;
#2089 = CARTESIAN_POINT ( 'NONE',  ( 0.000000000000000000, -9.797174393178825657E-16, 2.317999999999997396 ) ) ;
#2090 = APPROVAL ( #1803, 'UNSPECIFIED' ) ;
#2091 = CARTESIAN_POINT ( 'NONE',  ( 10.93749999999999822, -3.952660394093897845E-16, 0.000000000000000000 ) ) ;
#2092 = DIRECTION ( 'NONE',  ( 0.5000000000000041078, 0.8660254037844363761, 0.000000000000000000 ) ) ;
#2093 = FACE_BOUND ( 'NONE', #180, .T. ) ;
#2094 = CARTESIAN_POINT ( 'NONE',  ( 0.000000000000000000, -10.93750000000000000, 0.000000000000000000 ) ) ;
#2095 = ORIENTED_EDGE ( 'NONE', *, *, #2212, .T. ) ;
#2096 = EDGE_CURVE ( 'NONE', #1832, #1810, #144, .T. ) ;
#2097 = EDGE_LOOP ( 'NONE', ( #13, #1204, #1609, #924 ) ) ;
#2098 = EDGE_LOOP ( 'NONE', ( #2157, #2193, #1974, #1471 ) ) ;
#2099 = CARTESIAN_POINT ( 'NONE',  ( 12.99999999999999822, 6.123233995736764310E-16, -2.239999999999999769 ) ) ;
#2100 = CLOSED_SHELL ( 'NONE', ( #1745, #2392, #844, #1500, #712, #1065, #140, #437, #118, #1791, #99, #213 ) ) ;
#2101 = FACE_OUTER_BOUND ( 'NONE', #2468, .T. ) ;
#2102 = FACE_OUTER_BOUND ( 'NONE', #466, .T. ) ;
#2103 = TOROIDAL_SURFACE ( 'NONE', #39, 9.664374999999997939, 0.03937500000000208195 ) ;
#2104 = DIRECTION ( 'NONE',  ( -0.000000000000000000, -0.000000000000000000, -1.000000000000000000 ) ) ;
#2105 = AXIS2_PLACEMENT_3D ( 'NONE', #2322, #2533, #2127 ) ;
#2106 = DIRECTION ( 'NONE',  ( -0.6691306063588569053, 0.7431448254773954654, -1.224646799147353454E-16 ) ) ;
#2107 = EDGE_CURVE ( 'NONE', #88, #2598, #745, .T. ) ;
#2108 = VERTEX_POINT ( 'NONE', #2337 ) ;
#2109 = SPHERICAL_SURFACE ( 'NONE', #1459, 1.574999999999999067 ) ;
#2110 = EDGE_LOOP ( 'NONE', ( #1827, #330 ) ) ;
#2111 = AXIS2_PLACEMENT_3D ( 'NONE', #670, #1931, #472 ) ;
#2112 = EDGE_LOOP ( 'NONE', ( #576, #921 ) ) ;
#2113 = EDGE_CURVE ( 'NONE', #1374, #1431, #1729, .T. ) ;
#2114 = AXIS2_PLACEMENT_3D ( 'NONE', #937, #1140, #1967 ) ;
#2115 = DIRECTION ( 'NONE',  ( -0.000000000000000000, -0.000000000000000000, -1.000000000000000000 ) ) ;
#2116 = CARTESIAN_POINT ( 'NONE',  ( 10.40218064697820566, -3.379873375976096384, 0.000000000000000000 ) ) ;
#2117 = CARTESIAN_POINT ( 'NONE',  ( -9.472152853892273683, 5.468750000000044409, 0.000000000000000000 ) ) ;
#2118 = CARTESIAN_POINT ( 'NONE',  ( 0.000000000000000000, -1.734723475976807094E-15, 2.460625000000002061 ) ) ;
#2119 = DIRECTION ( 'NONE',  ( -0.6691306063588670083, -0.7431448254773862505, -0.000000000000000000 ) ) ;
#2120 = ORIENTED_EDGE ( 'NONE', *, *, #244, .T. ) ;
#2121 = VECTOR ( 'NONE', #1250, 1000.000000000000000 ) ;
#2122 = CARTESIAN_POINT ( 'NONE',  ( 0.000000000000000000, -9.797174393178825657E-16, 2.317999999999997396 ) ) ;
#2123 = AXIS2_PLACEMENT_3D ( 'NONE', #85, #1383, #2590 ) ;
#2124 = ORIENTED_EDGE ( 'NONE', *, *, #2207, .T. ) ;
#2125 = CIRCLE ( 'NONE', #1826, 12.17124999999999879 ) ;
#2126 = EDGE_CURVE ( 'NONE', #1389, #2598, #2348, .T. ) ;
#2127 = DIRECTION ( 'NONE',  ( -1.000000000000000000, 0.000000000000000000, 0.000000000000000000 ) ) ;
#2128 = ADVANCED_FACE ( 'NONE', ( #501, #1949 ), #1276, .F. ) ;
#2129 = CARTESIAN_POINT ( 'NONE',  ( -12.24999999999999645, -1.734723475976807094E-15, 0.8706140074682938712 ) ) ;
#2130 = FACE_BOUND ( 'NONE', #2003, .T. ) ;
#2131 = DIRECTION ( 'NONE',  ( -0.9135454576426058626, -0.4067366430757887730, -0.000000000000000000 ) ) ;
#2132 = DIRECTION ( 'NONE',  ( -0.000000000000000000, -0.000000000000000000, -1.000000000000000000 ) ) ;
#2133 = EDGE_LOOP ( 'NONE', ( #1527, #2005, #2622, #1798 ) ) ;
#2134 = CARTESIAN_POINT ( 'NONE',  ( -8.824999999999997513, -9.797174393178825657E-16, 2.500000000000001776 ) ) ;
#2135 = ORIENTED_EDGE ( 'NONE', *, *, #1137, .F. ) ;
#2136 = CARTESIAN_POINT ( 'NONE',  ( 0.000000000000000000, -1.734723475976807094E-15, 1.928818708657081591E-16 ) ) ;
#2137 = CARTESIAN_POINT ( 'NONE',  ( 0.000000000000000000, -9.797174393178825657E-16, 1.575000000000000400 ) ) ;
#2138 = DIRECTION ( 'NONE',  ( 0.000000000000000000, 0.000000000000000000, -1.000000000000000000 ) ) ;
#2139 = DIRECTION ( 'NONE',  ( 0.8090169943749504489, 0.5877852522924689183, -1.224646799147352961E-16 ) ) ;
#2140 = EDGE_CURVE ( 'NONE', #349, #2421, #1171, .T. ) ;
#2141 = DIRECTION ( 'NONE',  ( -0.000000000000000000, 0.000000000000000000, -1.000000000000000000 ) ) ;
#2142 = AXIS2_PLACEMENT_3D ( 'NONE', #1894, #1648, #440 ) ;
#2143 = ORIENTED_EDGE ( 'NONE', *, *, #1280, .T. ) ;
#2144 = CIRCLE ( 'NONE', #2566, 1.574999999999999067 ) ;
#2145 = CARTESIAN_POINT ( 'NONE',  ( 12.17124999999999879, -9.797174393178825657E-16, -2.317999999999997396 ) ) ;
#2146 = ORIENTED_EDGE ( 'NONE', *, *, #2408, .T. ) ;
#2147 = CARTESIAN_POINT ( 'NONE',  ( 6.428901196948998198, 8.848623375975934735, 0.000000000000000000 ) ) ;
#2148 = DIRECTION ( 'NONE',  ( -0.000000000000000000, -0.000000000000000000, -1.000000000000000000 ) ) ;
#2149 = EDGE_CURVE ( 'NONE', #2260, #1810, #1510, .T. ) ;
#2150 = DIRECTION ( 'NONE',  ( -0.6691306063588670083, -0.7431448254773862505, -0.000000000000000000 ) ) ;
#2151 = COORDINATED_UNIVERSAL_TIME_OFFSET ( 6, 0, .BEHIND. ) ;
#2152 = DIRECTION ( 'NONE',  ( 0.000000000000000000, 0.000000000000000000, 1.000000000000000000 ) ) ;
#2153 = DIRECTION ( 'NONE',  ( -0.000000000000000000, -0.000000000000000000, -1.000000000000000000 ) ) ;
#2154 = EDGE_LOOP ( 'NONE', ( #752, #2278 ) ) ;
#2155 = PLANE ( 'NONE',  #268 ) ;
#2156 = AXIS2_PLACEMENT_3D ( 'NONE', #2417, #556, #1825 ) ;
#2157 = ORIENTED_EDGE ( 'NONE', *, *, #1596, .F. ) ;
#2158 = AXIS2_PLACEMENT_3D ( 'NONE', #1292, #2119, #1936 ) ;
#2159 = DIRECTION ( 'NONE',  ( 0.9510565162951545304, 0.3090169943749448977, 0.000000000000000000 ) ) ;
#2160 = AXIS2_PLACEMENT_3D ( 'NONE', #2644, #810, #2438 ) ;
#2161 = DIRECTION ( 'NONE',  ( -0.000000000000000000, -0.000000000000000000, -1.000000000000000000 ) ) ;
#2162 = DIRECTION ( 'NONE',  ( -0.3090169943749574433, -0.9510565162951504226, -0.000000000000000000 ) ) ;
#2163 = DIRECTION ( 'NONE',  ( -0.5877852522924689183, 0.8090169943749504489, 0.000000000000000000 ) ) ;
#2164 = DIRECTION ( 'NONE',  ( -0.000000000000000000, -0.000000000000000000, -1.000000000000000000 ) ) ;
#2165 = VERTEX_POINT ( 'NONE', #1316 ) ;
#2166 = DIRECTION ( 'NONE',  ( 0.8090169943749425663, -0.5877852522924797984, 0.000000000000000000 ) ) ;
#2167 = ORIENTED_EDGE ( 'NONE', *, *, #1934, .F. ) ;
#2168 = EDGE_CURVE ( 'NONE', #1374, #960, #1516, .T. ) ;
#2169 = SPHERICAL_SURFACE ( 'NONE', #1985, 1.574999999999999067 ) ;
#2170 = FACE_OUTER_BOUND ( 'NONE', #1623, .T. ) ;
#2171 = PERSON_AND_ORGANIZATION_ROLE ( 'classification_officer' ) ;
#2172 = DIRECTION ( 'NONE',  ( -0.000000000000000000, -0.000000000000000000, -1.000000000000000000 ) ) ;
#2173 = CARTESIAN_POINT ( 'NONE',  ( -10.87758323059048493, 1.143280066989999399, 0.000000000000000000 ) ) ;
#2174 = CIRCLE ( 'NONE', #2308, 9.703750000000001208 ) ;
#2175 = FACE_OUTER_BOUND ( 'NONE', #1478, .T. ) ;
#2176 = VECTOR ( 'NONE', #475, 1000.000000000000000 ) ;
#2177 = ADVANCED_FACE ( 'NONE', ( #2497 ), #2411, .T. ) ;
#2178 = LINE ( 'NONE', #1358, #1607 ) ;
#2179 = ORIENTED_EDGE ( 'NONE', *, *, #2332, .F. ) ;
#2180 = EDGE_CURVE ( 'NONE', #2071, #1433, #2552, .T. ) ;
#2181 = CARTESIAN_POINT ( 'NONE',  ( 0.000000000000000000, -9.797174393178825657E-16, -2.500000000000000000 ) ) ;
#2182 = CIRCLE ( 'NONE', #2613, 9.624999999999998224 ) ;
#2183 = CIRCLE ( 'NONE', #89, 12.24999999999999822 ) ;
#2184 = DIRECTION ( 'NONE',  ( -0.000000000000000000, -0.000000000000000000, -1.000000000000000000 ) ) ;
#2185 = CALENDAR_DATE ( 2026, 18, 1 ) ;
#2186 = CONICAL_SURFACE ( 'NONE', #1162, 9.624999999999998224, 0.7853981633974554954 ) ;
#2187 = DIRECTION ( 'NONE',  ( -0.000000000000000000, -0.000000000000000000, -1.000000000000000000 ) ) ;
#2188 = CARTESIAN_POINT ( 'NONE',  ( -4.448682033641573774, -9.991903442965943682, 0.000000000000000000 ) ) ;
#2189 = ORIENTED_EDGE ( 'NONE', *, *, #792, .T. ) ;
#2190 = DIRECTION ( 'NONE',  ( -0.000000000000000000, -0.000000000000000000, 1.000000000000000000 ) ) ;
#2191 = ORIENTED_EDGE ( 'NONE', *, *, #1602, .F. ) ;
#2192 = CC_DESIGN_PERSON_AND_ORGANIZATION_ASSIGNMENT ( #743, #2171, ( #2039 ) ) ;
#2193 = ORIENTED_EDGE ( 'NONE', *, *, #2149, .T. ) ;
#2194 = ORIENTED_EDGE ( 'NONE', *, *, #2040, .F. ) ;
#2195 = AXIS2_PLACEMENT_3D ( 'NONE', #414, #1455, #2231 ) ;
#2196 = DIRECTION ( 'NONE',  ( -0.000000000000000000, -0.000000000000000000, -1.000000000000000000 ) ) ;
#2197 = CALENDAR_DATE ( 2026, 18, 1 ) ;
#2198 = CIRCLE ( 'NONE', #957, 9.624999999999998224 ) ;
#2199 = CARTESIAN_POINT ( 'NONE',  ( 10.93749999999999822, -3.952660394093897845E-16, 0.000000000000000000 ) ) ;
#2200 = EDGE_CURVE ( 'NONE', #444, #2485, #102, .T. ) ;
#2201 = SPHERICAL_SURFACE ( 'NONE', #791, 1.574999999999999067 ) ;
#2202 = DIRECTION ( 'NONE',  ( -0.000000000000000000, -0.000000000000000000, -1.000000000000000000 ) ) ;
#2203 = CARTESIAN_POINT ( 'NONE',  ( 9.624999999999998224, 1.990051048614444678E-16, 0.8706140074682938712 ) ) ;
#2204 = ORIENTED_EDGE ( 'NONE', *, *, #1702, .F. ) ;
#2205 = FACE_OUTER_BOUND ( 'NONE', #2447, .T. ) ;
#2206 = VERTEX_POINT ( 'NONE', #313 ) ;
#2207 = EDGE_CURVE ( 'NONE', #238, #1433, #18, .T. ) ;
#2208 = CARTESIAN_POINT ( 'NONE',  ( -12.73999999999999844, 5.964029911847608499E-16, -2.499999999999999556 ) ) ;
#2209 = FACE_OUTER_BOUND ( 'NONE', #1359, .T. ) ;
#2210 = CARTESIAN_POINT ( 'NONE',  ( 0.000000000000000000, -9.797174393178825657E-16, 2.500000000000000888 ) ) ;
#2211 = SPHERICAL_SURFACE ( 'NONE', #315, 1.574999999999999067 ) ;
#2212 = EDGE_CURVE ( 'NONE', #1044, #1071, #705, .T. ) ;
#2213 = DIRECTION ( 'NONE',  ( -1.000000000000000000, 0.000000000000000000, 0.000000000000000000 ) ) ;
#2214 = CARTESIAN_POINT ( 'NONE',  ( 0.000000000000000000, -9.797174393178825657E-16, 2.500000000000000888 ) ) ;
#2215 = ORIENTED_EDGE ( 'NONE', *, *, #1655, .T. ) ;
#2216 = DIRECTION ( 'NONE',  ( -1.000000000000000000, 0.000000000000000000, 0.000000000000000000 ) ) ;
#2217 = AXIS2_PLACEMENT_3D ( 'NONE', #1275, #2301, #425 ) ;
#2218 = EDGE_LOOP ( 'NONE', ( #2234, #1030, #1732, #1189 ) ) ;
#2219 = VECTOR ( 'NONE', #378, 1000.000000000000000 ) ;
#2220 = ORIENTED_EDGE ( 'NONE', *, *, #1545, .T. ) ;
#2221 = AXIS2_PLACEMENT_3D ( 'NONE', #836, #823, #200 ) ;
#2222 = CARTESIAN_POINT ( 'NONE',  ( 0.000000000000000000, -9.797174393178825657E-16, -2.499999999999999556 ) ) ;
#2223 = DIRECTION ( 'NONE',  ( -0.000000000000000000, 0.000000000000000000, -1.000000000000000000 ) ) ;
#2224 = AXIS2_PLACEMENT_3D ( 'NONE', #223, #1041, #665 ) ;
#2225 = CARTESIAN_POINT ( 'NONE',  ( 0.000000000000000000, -9.797174393178825657E-16, -2.500000000000002220 ) ) ;
#2226 = DIRECTION ( 'NONE',  ( 0.000000000000000000, 0.000000000000000000, -1.000000000000000000 ) ) ;
#2227 = CIRCLE ( 'NONE', #2527, 9.703749999999999432 ) ;
#2228 = VERTEX_POINT ( 'NONE', #113 ) ;
#2229 = DIRECTION ( 'NONE',  ( -0.000000000000000000, -0.000000000000000000, -1.000000000000000000 ) ) ;
#2230 = EDGE_CURVE ( 'NONE', #1398, #1961, #405, .T. ) ;
#2231 = DIRECTION ( 'NONE',  ( -0.5877852522924799095, -0.8090169943749425663, 0.000000000000000000 ) ) ;
#2232 = VERTEX_POINT ( 'NONE', #1912 ) ;
#2233 = CARTESIAN_POINT ( 'NONE',  ( 0.000000000000000000, -10.93750000000000000, 0.000000000000000000 ) ) ;
#2234 = ORIENTED_EDGE ( 'NONE', *, *, #1553, .F. ) ;
#2235 = ADVANCED_FACE ( 'NONE', ( #287 ), #1101, .T. ) ;
#2236 = ORIENTED_EDGE ( 'NONE', *, *, #2126, .F. ) ;
#2237 = ORIENTED_EDGE ( 'NONE', *, *, #1929, .T. ) ;
#2238 = AXIS2_PLACEMENT_3D ( 'NONE', #1896, #865, #2427 ) ;
#2239 = PLANE ( 'NONE',  #1454 ) ;
#2240 = CYLINDRICAL_SURFACE ( 'NONE', #1029, 8.499999999999996447 ) ;
#2241 = CIRCLE ( 'NONE', #749, 9.703749999999999432 ) ;
#2242 = CARTESIAN_POINT ( 'NONE',  ( -10.93749999999999822, -1.734723475976807094E-15, 0.000000000000000000 ) ) ;
#2243 = ORIENTED_EDGE ( 'NONE', *, *, #2250, .F. ) ;
#2244 = APPROVAL_PERSON_ORGANIZATION ( #1968, #1727, #1380 ) ;
#2245 = DIRECTION ( 'NONE',  ( -0.000000000000000000, -0.000000000000000000, -1.000000000000000000 ) ) ;
#2246 = EDGE_LOOP ( 'NONE', ( #1774, #1032, #881, #2146 ) ) ;
#2247 = DIRECTION ( 'NONE',  ( -0.000000000000000000, -0.000000000000000000, 1.000000000000000000 ) ) ;
#2248 = VERTEX_POINT ( 'NONE', #276 ) ;
#2249 = ORIENTED_EDGE ( 'NONE', *, *, #1881, .F. ) ;
#2250 = EDGE_CURVE ( 'NONE', #1670, #634, #995, .T. ) ;
#2251 = ADVANCED_FACE ( 'NONE', ( #1714 ), #1611, .T. ) ;
#2252 = ORIENTED_EDGE ( 'NONE', *, *, #636, .F. ) ;
#2253 = VERTEX_POINT ( 'NONE', #2386 ) ;
#2254 = FACE_OUTER_BOUND ( 'NONE', #739, .T. ) ;
#2255 = CARTESIAN_POINT ( 'NONE',  ( 12.99999999999999822, 6.123233995736764310E-16, -2.500000000000000000 ) ) ;
#2256 = DIRECTION ( 'NONE',  ( 1.000000000000000000, 0.000000000000000000, 0.000000000000000000 ) ) ;
#2257 = VERTEX_POINT ( 'NONE', #2602 ) ;
#2258 = CARTESIAN_POINT ( 'NONE',  ( -9.624999999999996447, -9.797174393178825657E-16, -2.460625000000002061 ) ) ;
#2259 = DIRECTION ( 'NONE',  ( -0.000000000000000000, -0.000000000000000000, -1.000000000000000000 ) ) ;
#2260 = VERTEX_POINT ( 'NONE', #1370 ) ;
#2261 = CARTESIAN_POINT ( 'NONE',  ( 0.000000000000000000, -9.797174393178825657E-16, -2.500000000000000000 ) ) ;
#2262 = EDGE_CURVE ( 'NONE', #1963, #1375, #1345, .T. ) ;
#2263 = EDGE_LOOP ( 'NONE', ( #2194, #557, #14, #1238 ) ) ;
#2264 = CLOSED_SHELL ( 'NONE', ( #1308, #316 ) ) ;
#2265 = EDGE_CURVE ( 'NONE', #1429, #456, #2496, .T. ) ;
#2266 = CIRCLE ( 'NONE', #469, 9.624999999999998224 ) ;
#2267 = EDGE_CURVE ( 'NONE', #463, #1708, #654, .T. ) ;
#2268 = FACE_OUTER_BOUND ( 'NONE', #1644, .T. ) ;
#2269 = AXIS2_PLACEMENT_3D ( 'NONE', #1139, #741, #387 ) ;
#2270 = CARTESIAN_POINT ( 'NONE',  ( 0.000000000000000000, -9.797174393178825657E-16, -2.317999999999997396 ) ) ;
#2271 = DIRECTION ( 'NONE',  ( -1.000000000000000000, 0.000000000000000000, 0.000000000000000000 ) ) ;
#2272 = CARTESIAN_POINT ( 'NONE',  ( 12.24999999999999645, 5.204748896376247741E-16, 2.317999999999997396 ) ) ;
#2273 = CIRCLE ( 'NONE', #1505, 1.574999999999998401 ) ;
#2274 = AXIS2_PLACEMENT_3D ( 'NONE', #1195, #2077, #29 ) ;
#2275 = CARTESIAN_POINT ( 'NONE',  ( 0.000000000000000000, -9.797174393178825657E-16, 2.175000000000002043 ) ) ;
#2276 = ORIENTED_EDGE ( 'NONE', *, *, #33, .F. ) ;
#2277 = DIRECTION ( 'NONE',  ( -0.9781476007338041345, 0.2079116908177664480, 0.000000000000000000 ) ) ;
#2278 = ORIENTED_EDGE ( 'NONE', *, *, #2279, .T. ) ;
#2279 = EDGE_CURVE ( 'NONE', #348, #2108, #1425, .T. ) ;
#2280 = ORIENTED_EDGE ( 'NONE', *, *, #2040, .T. ) ;
#2281 = VERTEX_POINT ( 'NONE', #527 ) ;
#2282 = ORIENTED_EDGE ( 'NONE', *, *, #1428, .F. ) ;
#2283 = CARTESIAN_POINT ( 'NONE',  ( 0.000000000000000000, -9.797174393178825657E-16, 2.317999999999997396 ) ) ;
#2284 = CARTESIAN_POINT ( 'NONE',  ( 4.448682033641441436, -9.991903442966004079, 0.000000000000000000 ) ) ;
#2285 = SPHERICAL_SURFACE ( 'NONE', #1652, 1.574999999999999067 ) ;
#2286 = DIRECTION ( 'NONE',  ( -1.000000000000000000, 0.000000000000000000, 0.000000000000000000 ) ) ;
#2287 = ADVANCED_FACE ( 'NONE', ( #582 ), #1143, .T. ) ;
#2288 = CIRCLE ( 'NONE', #571, 9.624999999999996447 ) ;
#2289 = FACE_BOUND ( 'NONE', #306, .T. ) ;
#2290 = CIRCLE ( 'NONE', #2582, 1.574999999999998845 ) ;
#2291 = ORIENTED_EDGE ( 'NONE', *, *, #2047, .F. ) ;
#2292 = ORIENTED_EDGE ( 'NONE', *, *, #874, .T. ) ;
#2293 = APPROVAL_PERSON_ORGANIZATION ( #757, #852, #1366 ) ;
#2294 = DIRECTION ( 'NONE',  ( -0.000000000000000000, -0.000000000000000000, -1.000000000000000000 ) ) ;
#2295 = ORIENTED_EDGE ( 'NONE', *, *, #870, .F. ) ;
#2296 = VERTEX_POINT ( 'NONE', #784 ) ;
#2297 = DIRECTION ( 'NONE',  ( -0.4067366430758008189, -0.9135454576426006446, 0.000000000000000000 ) ) ;
#2298 = ADVANCED_FACE ( 'NONE', ( #1999 ), #2211, .T. ) ;
#2299 = CARTESIAN_POINT ( 'NONE',  ( -9.624999999999998224, -9.797174393178825657E-16, 2.317999999999997396 ) ) ;
#2300 = DIRECTION ( 'NONE',  ( 0.1045284632676436454, -0.9945218953682744001, -1.224646799147353454E-16 ) ) ;
#2301 = DIRECTION ( 'NONE',  ( -0.000000000000000000, 0.000000000000000000, -1.000000000000000000 ) ) ;
#2302 = CARTESIAN_POINT ( 'NONE',  ( 9.624999999999998224, 1.990051048614446404E-16, -2.500000000000000000 ) ) ;
#2303 = ADVANCED_FACE ( 'NONE', ( #1970 ), #2201, .T. ) ;
#2304 = ORIENTED_EDGE ( 'NONE', *, *, #119, .T. ) ;
#2305 = DIRECTION ( 'NONE',  ( 0.000000000000000000, -1.000000000000000000, 0.000000000000000000 ) ) ;
#2306 = VERTEX_POINT ( 'NONE', #940 ) ;
#2307 = CIRCLE ( 'NONE', #1148, 12.43199999999999861 ) ;
#2308 = AXIS2_PLACEMENT_3D ( 'NONE', #1793, #2202, #1184 ) ;
#2309 = CARTESIAN_POINT ( 'NONE',  ( -5.089292246485960014, -11.43073753875303922, -9.644093543285401792E-17 ) ) ;
#2310 = AXIS2_PLACEMENT_3D ( 'NONE', #579, #567, #963 ) ;
#2311 = LINE ( 'NONE', #1525, #896 ) ;
#2312 = CIRCLE ( 'NONE', #168, 1.574999999999998845 ) ;
#2313 = CARTESIAN_POINT ( 'NONE',  ( 9.885750000000005144, 2.309377701492128615E-16, -2.500000000000001332 ) ) ;
#2314 = AXIS2_PLACEMENT_3D ( 'NONE', #2122, #305, #1281 ) ;
#2315 = ORIENTED_EDGE ( 'NONE', *, *, #1998, .F. ) ;
#2316 = EDGE_CURVE ( 'NONE', #1431, #648, #2198, .T. ) ;
#2317 = EDGE_CURVE ( 'NONE', #2232, #708, #872, .T. ) ;
#2318 = FACE_BOUND ( 'NONE', #1432, .T. ) ;
#2319 = CIRCLE ( 'NONE', #172, 9.362499999999997158 ) ;
#2320 = EDGE_LOOP ( 'NONE', ( #753, #543, #1293, #639 ) ) ;
#2321 = ADVANCED_FACE ( 'NONE', ( #568 ), #733, .T. ) ;
#2322 = CARTESIAN_POINT ( 'NONE',  ( 0.000000000000000000, -9.797174393178825657E-16, -2.500000000000000000 ) ) ;
#2323 = CARTESIAN_POINT ( 'NONE',  ( 0.000000000000000000, -9.797174393178825657E-16, 2.460625000000001616 ) ) ;
#2324 = DIRECTION ( 'NONE',  ( 0.1045284632676570929, 0.9945218953682729568, 0.000000000000000000 ) ) ;
#2325 = CARTESIAN_POINT ( 'NONE',  ( -9.298599628785908067, -8.372496712065194302, -9.644093543285401792E-17 ) ) ;
#2326 = DIRECTION ( 'NONE',  ( -0.7071067811865441310, 8.659560562354892183E-17, 0.7071067811865507924 ) ) ;
#2327 = ORIENTED_EDGE ( 'NONE', *, *, #947, .T. ) ;
#2328 = AXIS2_PLACEMENT_3D ( 'NONE', #70, #2141, #515 ) ;
#2329 = DIRECTION ( 'NONE',  ( -1.000000000000000000, 0.000000000000000000, 0.000000000000000000 ) ) ;
#2330 = EDGE_LOOP ( 'NONE', ( #442, #2553 ) ) ;
#2331 = AXIS2_PLACEMENT_3D ( 'NONE', #1689, #1725, #499 ) ;
#2332 = EDGE_CURVE ( 'NONE', #1585, #331, #2290, .T. ) ;
#2333 = FACE_OUTER_BOUND ( 'NONE', #1971, .T. ) ;
#2334 = CARTESIAN_POINT ( 'NONE',  ( 9.664374999999997939, -5.511788850258372835E-16, 2.460625000000002061 ) ) ;
#2335 = CARTESIAN_POINT ( 'NONE',  ( 0.000000000000000000, -9.797174393178825657E-16, 2.500000000000000888 ) ) ;
#2336 = DIRECTION ( 'NONE',  ( -1.000000000000000000, 0.000000000000000000, 0.000000000000000000 ) ) ;
#2337 = CARTESIAN_POINT ( 'NONE',  ( -9.311211245385456081, 0.9786477373434395721, -9.644093543285401792E-17 ) ) ;
#2338 = EDGE_LOOP ( 'NONE', ( #1271, #1190, #2237, #1906 ) ) ;
#2339 = CARTESIAN_POINT ( 'NONE',  ( 0.000000000000000000, -9.797174393178825657E-16, 2.500000000000001332 ) ) ;
#2340 = ORIENTED_EDGE ( 'NONE', *, *, #401, .T. ) ;
#2341 = EDGE_CURVE ( 'NONE', #2396, #1254, #1821, .T. ) ;
#2342 = CARTESIAN_POINT ( 'NONE',  ( 0.000000000000000000, -9.797174393178825657E-16, -2.499999999999999556 ) ) ;
#2343 = FACE_OUTER_BOUND ( 'NONE', #290, .T. ) ;
#2344 = DIRECTION ( 'NONE',  ( -1.000000000000000000, 0.000000000000000000, 0.000000000000000000 ) ) ;
#2345 = FACE_OUTER_BOUND ( 'NONE', #195, .T. ) ;
#2346 = FACE_OUTER_BOUND ( 'NONE', #2320, .T. ) ;
#2347 = AXIS2_PLACEMENT_3D ( 'NONE', #217, #826, #2286 ) ;
#2348 = LINE ( 'NONE', #1692, #1993 ) ;
#2349 = CIRCLE ( 'NONE', #2605, 9.624999999999998224 ) ;
#2350 = ORIENTED_EDGE ( 'NONE', *, *, #839, .F. ) ;
#2351 = AXIS2_PLACEMENT_3D ( 'NONE', #1337, #818, #2054 ) ;
#2352 = FACE_OUTER_BOUND ( 'NONE', #2526, .T. ) ;
#2353 = ORIENTED_EDGE ( 'NONE', *, *, #507, .F. ) ;
#2354 = ORIENTED_EDGE ( 'NONE', *, *, #759, .F. ) ;
#2355 = PRODUCT_RELATED_PRODUCT_CATEGORY ( 'detail', '', ( #156 ) ) ;
#2356 = CONICAL_SURFACE ( 'NONE', #2570, 9.703749999999999432, 0.7853981633974578269 ) ;
#2357 = ORIENTED_EDGE ( 'NONE', *, *, #1000, .F. ) ;
#2358 = CARTESIAN_POINT ( 'NONE',  ( 0.000000000000000000, -9.797174393178825657E-16, -2.500000000000000000 ) ) ;
#2359 = CYLINDRICAL_SURFACE ( 'NONE', #2063, 8.499999999999996447 ) ;
#2360 = DIRECTION ( 'NONE',  ( 0.5000000000000041078, 0.8660254037844363761, 0.000000000000000000 ) ) ;
#2361 = APPROVAL_DATE_TIME ( #1180, #1727 ) ;
#2362 = EDGE_CURVE ( 'NONE', #1497, #174, #489, .T. ) ;
#2363 = FACE_OUTER_BOUND ( 'NONE', #868, .T. ) ;
#2364 = DIRECTION ( 'NONE',  ( 0.000000000000000000, 0.000000000000000000, 1.000000000000000000 ) ) ;
#2365 = EDGE_CURVE ( 'NONE', #402, #406, #187, .T. ) ;
#2366 = ORIENTED_EDGE ( 'NONE', *, *, #2107, .T. ) ;
#2367 = DIRECTION ( 'NONE',  ( 0.1045284632676570929, 0.9945218953682729568, 0.000000000000000000 ) ) ;
#2368 = CIRCLE ( 'NONE', #182, 8.499999999999996447 ) ;
#2369 = ORIENTED_EDGE ( 'NONE', *, *, #1534, .F. ) ;
#2370 = CIRCLE ( 'NONE', #1045, 9.624999999999998224 ) ;
#2371 = CARTESIAN_POINT ( 'NONE',  ( 0.000000000000000000, -9.797174393178825657E-16, 2.318000000000000060 ) ) ;
#2372 = CC_DESIGN_SECURITY_CLASSIFICATION ( #2039, ( #1344 ) ) ;
#2373 = FACE_OUTER_BOUND ( 'NONE', #1773, .T. ) ;
#2374 = DIRECTION ( 'NONE',  ( -1.000000000000000000, 0.000000000000000000, 0.000000000000000000 ) ) ;
#2375 = EDGE_CURVE ( 'NONE', #1747, #602, #1780, .T. ) ;
#2376 = DIRECTION ( 'NONE',  ( 0.000000000000000000, -1.000000000000000000, 0.000000000000000000 ) ) ;
#2377 = DIRECTION ( 'NONE',  ( -0.000000000000000000, -0.000000000000000000, -1.000000000000000000 ) ) ;
#2378 = ADVANCED_FACE ( 'NONE', ( #2078 ), #530, .T. ) ;
#2379 = DIRECTION ( 'NONE',  ( 0.000000000000000000, 0.000000000000000000, -1.000000000000000000 ) ) ;
#2380 = VERTEX_POINT ( 'NONE', #4 ) ;
#2381 = EDGE_LOOP ( 'NONE', ( #1831, #2625 ) ) ;
#2382 = EDGE_LOOP ( 'NONE', ( #879, #1679 ) ) ;
#2383 = DIRECTION ( 'NONE',  ( 0.6691306063588671194, 0.7431448254773862505, 0.000000000000000000 ) ) ;
#2384 = DIRECTION ( 'NONE',  ( -0.000000000000000000, -0.000000000000000000, -1.000000000000000000 ) ) ;
#2385 = CARTESIAN_POINT ( 'NONE',  ( 0.000000000000000000, -9.797174393178825657E-16, -2.239999999999999769 ) ) ;
#2386 = CARTESIAN_POINT ( 'NONE',  ( -9.624999999999998224, -9.797174393178825657E-16, -2.317999999999997396 ) ) ;
#2387 = VECTOR ( 'NONE', #1161, 1000.000000000000000 ) ;
#2388 = DIRECTION ( 'NONE',  ( -0.6691306063588569053, 0.7431448254773953543, 0.000000000000000000 ) ) ;
#2389 = CIRCLE ( 'NONE', #1893, 1.574999999999999067 ) ;
#2390 = DIRECTION ( 'NONE',  ( -1.000000000000000000, 0.000000000000000000, 0.000000000000000000 ) ) ;
#2391 = ORIENTED_EDGE ( 'NONE', *, *, #1031, .T. ) ;
#2392 = ADVANCED_FACE ( 'NONE', ( #231 ), #1212, .F. ) ;
#2393 = CIRCLE ( 'NONE', #83, 1.574999999999998623 ) ;
#2394 = AXIS2_PLACEMENT_3D ( 'NONE', #1224, #2405, #2030 ) ;
#2395 = ORIENTED_EDGE ( 'NONE', *, *, #1083, .T. ) ;
#2396 = VERTEX_POINT ( 'NONE', #1407 ) ;
#2397 = EDGE_CURVE ( 'NONE', #1215, #2257, #2543, .T. ) ;
#2398 = CIRCLE ( 'NONE', #134, 9.624999999999998224 ) ;
#2399 = DIRECTION ( 'NONE',  ( 0.000000000000000000, 0.000000000000000000, -1.000000000000000000 ) ) ;
#2400 = CARTESIAN_POINT ( 'NONE',  ( 0.000000000000000000, -10.93750000000000000, 0.000000000000000000 ) ) ;
#2401 = DIRECTION ( 'NONE',  ( 0.000000000000000000, 0.000000000000000000, -1.000000000000000000 ) ) ;
#2402 = AXIS2_PLACEMENT_3D ( 'NONE', #2371, #1324, #1750 ) ;
#2403 = FACE_OUTER_BOUND ( 'NONE', #611, .T. ) ;
#2404 = ORIENTED_EDGE ( 'NONE', *, *, #396, .F. ) ;
#2405 = DIRECTION ( 'NONE',  ( 0.000000000000000000, 0.000000000000000000, -1.000000000000000000 ) ) ;
#2406 = VERTEX_POINT ( 'NONE', #1880 ) ;
#2407 = AXIS2_PLACEMENT_3D ( 'NONE', #1199, #155, #2028 ) ;
#2408 = EDGE_CURVE ( 'NONE', #1307, #602, #2370, .T. ) ;
#2409 = CARTESIAN_POINT ( 'NONE',  ( -9.624999999999998224, -9.797174393178825657E-16, 2.318000000000000060 ) ) ;
#2410 = APPROVAL_DATE_TIME ( #782, #2090 ) ;
#2411 = CONICAL_SURFACE ( 'NONE', #918, 9.442999999999996064, 0.7853981633974437271 ) ;
#2412 = CARTESIAN_POINT ( 'NONE',  ( 10.83614286485284417, 6.256249999999899281, -9.644093543285401792E-17 ) ) ;
#2413 = AXIS2_PLACEMENT_3D ( 'NONE', #2117, #2092, #1933 ) ;
#2414 = DIRECTION ( 'NONE',  ( -0.000000000000000000, -0.000000000000000000, -1.000000000000000000 ) ) ;
#2415 = DIRECTION ( 'NONE',  ( -0.9135454576426005335, 0.4067366430758010409, 0.000000000000000000 ) ) ;
#2416 = CARTESIAN_POINT ( 'NONE',  ( 8.499999999999996447, 6.123233995736732756E-17, -2.175000000000002487 ) ) ;
#2417 = CARTESIAN_POINT ( 'NONE',  ( 0.000000000000000000, -1.734723475976807094E-15, -0.8706140074682938712 ) ) ;
#2418 = ORIENTED_EDGE ( 'NONE', *, *, #947, .F. ) ;
#2419 = ORIENTED_EDGE ( 'NONE', *, *, #792, .F. ) ;
#2420 = EDGE_CURVE ( 'NONE', #1389, #74, #2241, .T. ) ;
#2421 = VERTEX_POINT ( 'NONE', #30 ) ;
#2422 = CARTESIAN_POINT ( 'NONE',  ( -10.93749999999999822, -1.734723475976807094E-15, 0.000000000000000000 ) ) ;
#2423 = FACE_OUTER_BOUND ( 'NONE', #534, .T. ) ;
#2424 = EDGE_CURVE ( 'NONE', #198, #2306, #275, .T. ) ;
#2425 = DIRECTION ( 'NONE',  ( -1.000000000000000000, 0.000000000000000000, 0.000000000000000000 ) ) ;
#2426 = CARTESIAN_POINT ( 'NONE',  ( -9.703749999999999432, 2.197934842769714666E-16, 2.317999999999997396 ) ) ;
#2427 = DIRECTION ( 'NONE',  ( -1.000000000000000000, 0.000000000000000000, 0.000000000000000000 ) ) ;
#2428 = ORIENTED_EDGE ( 'NONE', *, *, #1619, .T. ) ;
#2429 = CARTESIAN_POINT ( 'NONE',  ( 0.000000000000000000, -9.797174393178825657E-16, -2.317999999999998284 ) ) ;
#2430 = CLOSED_SHELL ( 'NONE', ( #2571, #920, #2459, #2378, #1532, #580, #185 ) ) ;
#2431 = TOROIDAL_SURFACE ( 'NONE', #975, 8.824999999999997513, 0.3250000000000000111 ) ;
#2432 = ORIENTED_EDGE ( 'NONE', *, *, #1048, .T. ) ;
#2433 = CIRCLE ( 'NONE', #2059, 1.574999999999999289 ) ;
#2434 = AXIS2_PLACEMENT_3D ( 'NONE', #455, #2305, #465 ) ;
#2435 = DIRECTION ( 'NONE',  ( 0.9945218953682728458, -0.1045284632676571207, 0.000000000000000000 ) ) ;
#2436 = CIRCLE ( 'NONE', #1286, 1.575000000000000178 ) ;
#2437 = DIRECTION ( 'NONE',  ( 0.000000000000000000, 0.000000000000000000, 1.000000000000000000 ) ) ;
#2438 = DIRECTION ( 'NONE',  ( -1.000000000000000000, 0.000000000000000000, 0.000000000000000000 ) ) ;
#2439 = CIRCLE ( 'NONE', #304, 9.885750000000005144 ) ;
#2440 = CARTESIAN_POINT ( 'NONE',  ( 0.000000000000000000, -9.703750000000001208, -2.317999999999997396 ) ) ;
#2441 = DIRECTION ( 'NONE',  ( 0.7071067811865441310, 8.659560562354890950E-17, -0.7071067811865507924 ) ) ;
#2442 = EDGE_CURVE ( 'NONE', #2306, #60, #1385, .T. ) ;
#2443 = AXIS2_PLACEMENT_3D ( 'NONE', #511, #1325, #716 ) ;
#2444 = EDGE_LOOP ( 'NONE', ( #1456, #1255 ) ) ;
#2445 = DIRECTION ( 'NONE',  ( -1.000000000000000000, -0.000000000000000000, -1.224646799147353207E-16 ) ) ;
#2446 = ORIENTED_EDGE ( 'NONE', *, *, #1054, .F. ) ;
#2447 = EDGE_LOOP ( 'NONE', ( #882, #666 ) ) ;
#2448 = EDGE_LOOP ( 'NONE', ( #454, #1541 ) ) ;
#2449 = DIRECTION ( 'NONE',  ( 1.000000000000000000, 0.000000000000000000, 0.000000000000000000 ) ) ;
#2450 = FACE_OUTER_BOUND ( 'NONE', #2457, .T. ) ;
#2451 = AXIS2_PLACEMENT_3D ( 'NONE', #340, #1160, #954 ) ;
#2452 = DIRECTION ( 'NONE',  ( -1.224646799147353207E-16, 1.000000000000000000, 0.000000000000000000 ) ) ;
#2453 = ADVANCED_FACE ( 'NONE', ( #644 ), #2285, .T. ) ;
#2454 = DIRECTION ( 'NONE',  ( 0.000000000000000000, -1.000000000000000000, 0.000000000000000000 ) ) ;
#2455 = CIRCLE ( 'NONE', #1088, 12.99999999999999822 ) ;
#2456 = DIRECTION ( 'NONE',  ( 0.000000000000000000, 0.000000000000000000, 1.000000000000000000 ) ) ;
#2457 = EDGE_LOOP ( 'NONE', ( #146, #2204, #583, #346 ) ) ;
#2458 = CARTESIAN_POINT ( 'NONE',  ( -12.73999999999999844, 5.804825827958451702E-16, -2.239999999999999769 ) ) ;
#2459 = ADVANCED_FACE ( 'NONE', ( #593 ), #1996, .T. ) ;
#2460 = ORIENTED_EDGE ( 'NONE', *, *, #1128, .T. ) ;
#2461 = EDGE_LOOP ( 'NONE', ( #1475, #793, #1001, #986 ) ) ;
#2462 = DIRECTION ( 'NONE',  ( 0.4999999999999919509, -0.8660254037844432595, -1.224646799147353207E-16 ) ) ;
#2463 = FACE_OUTER_BOUND ( 'NONE', #63, .T. ) ;
#2464 = DIRECTION ( 'NONE',  ( -0.7071067811865517916, 0.000000000000000000, -0.7071067811865433539 ) ) ;
#2465 = DIRECTION ( 'NONE',  ( 0.000000000000000000, 0.000000000000000000, -1.000000000000000000 ) ) ;
#2466 = CC_DESIGN_PERSON_AND_ORGANIZATION_ASSIGNMENT ( #1550, #548, ( #1344 ) ) ;
#2467 = LINE ( 'NONE', #632, #2033 ) ;
#2468 = EDGE_LOOP ( 'NONE', ( #126, #2340 ) ) ;
#2469 = ORIENTED_EDGE ( 'NONE', *, *, #2044, .T. ) ;
#2470 = DIRECTION ( 'NONE',  ( -0.000000000000000000, -0.000000000000000000, -1.000000000000000000 ) ) ;
#2471 = ORIENTED_EDGE ( 'NONE', *, *, #1412, .F. ) ;
#2472 = AXIS2_PLACEMENT_3D ( 'NONE', #2038, #2388, #2401 ) ;
#2473 = AXIS2_PLACEMENT_3D ( 'NONE', #951, #2576, #1181 ) ;
#2474 = EDGE_CURVE ( 'NONE', #1859, #617, #834, .T. ) ;
#2475 = ORIENTED_EDGE ( 'NONE', *, *, #1934, .T. ) ;
#2476 = DIRECTION ( 'NONE',  ( -1.000000000000000000, 0.000000000000000000, 0.000000000000000000 ) ) ;
#2477 = TOROIDAL_SURFACE ( 'NONE', #1895, 10.93749999999999822, 1.575000000000000178 ) ;
#2478 = CARTESIAN_POINT ( 'NONE',  ( 10.40218064697820566, -3.379873375976096384, 0.000000000000000000 ) ) ;
#2479 = DIRECTION ( 'NONE',  ( -1.000000000000000000, 0.000000000000000000, 0.000000000000000000 ) ) ;
#2480 = DIRECTION ( 'NONE',  ( -0.000000000000000000, -0.000000000000000000, -1.000000000000000000 ) ) ;
#2481 = AXIS2_PLACEMENT_3D ( 'NONE', #1873, #1460, #1473 ) ;
#2482 = CIRCLE ( 'NONE', #1328, 12.73999999999999844 ) ;
#2483 = LINE ( 'NONE', #9, #2121 ) ;
#2484 = ORIENTED_EDGE ( 'NONE', *, *, #53, .T. ) ;
#2485 = VERTEX_POINT ( 'NONE', #2050 ) ;
#2486 = FACE_OUTER_BOUND ( 'NONE', #692, .T. ) ;
#2487 = VERTEX_POINT ( 'NONE', #799 ) ;
#2488 = ADVANCED_FACE ( 'NONE', ( #1852 ), #1836, .T. ) ;
#2489 = EDGE_LOOP ( 'NONE', ( #816, #1387, #2531, #1102 ) ) ;
#2490 = CYLINDRICAL_SURFACE ( 'NONE', #2105, 9.624999999999998224 ) ;
#2491 = EDGE_CURVE ( 'NONE', #2257, #1215, #1174, .T. ) ;
#2492 = CARTESIAN_POINT ( 'NONE',  ( 0.000000000000000000, -9.797174393178825657E-16, 2.318000000000000060 ) ) ;
#2493 = SPHERICAL_SURFACE ( 'NONE', #1523, 1.574999999999999067 ) ;
#2494 = AXIS2_PLACEMENT_3D ( 'NONE', #204, #426, #1410 ) ;
#2495 = DIRECTION ( 'NONE',  ( 0.000000000000000000, -1.000000000000000000, 0.000000000000000000 ) ) ;
#2496 = CIRCLE ( 'NONE', #1298, 1.574999999999998401 ) ;
#2497 = FACE_OUTER_BOUND ( 'NONE', #2510, .T. ) ;
#2498 = CC_DESIGN_APPROVAL ( #1727, ( #573 ) ) ;
#2499 = ORIENTED_EDGE ( 'NONE', *, *, #1009, .T. ) ;
#2500 = DIRECTION ( 'NONE',  ( -0.000000000000000000, -0.000000000000000000, -1.000000000000000000 ) ) ;
#2501 = ORIENTED_EDGE ( 'NONE', *, *, #723, .F. ) ;
#2502 = CARTESIAN_POINT ( 'NONE',  ( -2.274034118319176123, 10.69848938302601304, 0.000000000000000000 ) ) ;
#2503 = FACE_OUTER_BOUND ( 'NONE', #222, .T. ) ;
#2504 = CARTESIAN_POINT ( 'NONE',  ( 0.000000000000000000, -9.797174393178825657E-16, 2.317999999999997396 ) ) ;
#2505 = EDGE_CURVE ( 'NONE', #1135, #198, #147, .T. ) ;
#2506 = ADVANCED_FACE ( 'NONE', ( #1866 ), #424, .F. ) ;
#2507 = DIRECTION ( 'NONE',  ( 0.000000000000000000, 0.000000000000000000, -1.000000000000000000 ) ) ;
#2508 = DIRECTION ( 'NONE',  ( -1.000000000000000000, 0.000000000000000000, 0.000000000000000000 ) ) ;
#2509 = EDGE_CURVE ( 'NONE', #1704, #303, #1035, .T. ) ;
#2510 = EDGE_LOOP ( 'NONE', ( #1926, #697, #647, #1349 ) ) ;
#2511 = CARTESIAN_POINT ( 'NONE',  ( 0.000000000000000000, -9.797174393178825657E-16, 2.500000000000000888 ) ) ;
#2512 = VERTEX_POINT ( 'NONE', #1290 ) ;
#2513 = EDGE_LOOP ( 'NONE', ( #1149, #1980 ) ) ;
#2514 = ORIENTED_EDGE ( 'NONE', *, *, #1323, .F. ) ;
#2515 = CIRCLE ( 'NONE', #468, 9.885750000000005144 ) ;
#2516 = CARTESIAN_POINT ( 'NONE',  ( 0.000000000000000000, -1.734723475976807094E-15, 0.000000000000000000 ) ) ;
#2517 = AXIS2_PLACEMENT_3D ( 'NONE', #82, #2131, #2507 ) ;
#2518 = DIRECTION ( 'NONE',  ( 0.8660254037844362651, -0.5000000000000039968, 0.000000000000000000 ) ) ;
#2519 = FACE_OUTER_BOUND ( 'NONE', #2263, .T. ) ;
#2520 = CIRCLE ( 'NONE', #2020, 12.17124999999999879 ) ;
#2521 = CARTESIAN_POINT ( 'NONE',  ( 0.000000000000000000, -9.885750000000006921, 2.500000000000001332 ) ) ;
#2522 = EDGE_CURVE ( 'NONE', #1373, #1887, #2125, .T. ) ;
#2523 = CIRCLE ( 'NONE', #1941, 12.24999999999999645 ) ;
#2524 = DIRECTION ( 'NONE',  ( -0.000000000000000000, -0.000000000000000000, -1.000000000000000000 ) ) ;
#2525 = AXIS2_PLACEMENT_3D ( 'NONE', #856, #2470, #1681 ) ;
#2526 = EDGE_LOOP ( 'NONE', ( #1242, #1133, #1744, #320 ) ) ;
#2527 = AXIS2_PLACEMENT_3D ( 'NONE', #798, #438, #629 ) ;
#2528 = EDGE_CURVE ( 'NONE', #1254, #1542, #902, .T. ) ;
#2529 = DIRECTION ( 'NONE',  ( -0.000000000000000000, -0.000000000000000000, -1.000000000000000000 ) ) ;
#2530 = ORIENTED_EDGE ( 'NONE', *, *, #2200, .F. ) ;
#2531 = ORIENTED_EDGE ( 'NONE', *, *, #235, .F. ) ;
#2532 = FACE_OUTER_BOUND ( 'NONE', #2638, .T. ) ;
#2533 = DIRECTION ( 'NONE',  ( -0.000000000000000000, -0.000000000000000000, -1.000000000000000000 ) ) ;
#2534 = APPLICATION_CONTEXT ( 'configuration controlled 3d designs of mechanical parts and assemblies' ) ;
#2535 = SPHERICAL_SURFACE ( 'NONE', #261, 1.574999999999999067 ) ;
#2536 = SPHERICAL_SURFACE ( 'NONE', #321, 1.574999999999999067 ) ;
#2537 = DIRECTION ( 'NONE',  ( -0.000000000000000000, -0.000000000000000000, -1.000000000000000000 ) ) ;
#2538 = DIRECTION ( 'NONE',  ( -0.000000000000000000, -0.000000000000000000, -1.000000000000000000 ) ) ;
#2539 = ADVANCED_FACE ( 'NONE', ( #272 ), #2493, .T. ) ;
#2540 = ORIENTED_EDGE ( 'NONE', *, *, #1511, .T. ) ;
#2541 = AXIS2_PLACEMENT_3D ( 'NONE', #1528, #1121, #1962 ) ;
#2542 = DIRECTION ( 'NONE',  ( -1.000000000000000000, 0.000000000000000000, 0.000000000000000000 ) ) ;
#2543 = CIRCLE ( 'NONE', #575, 12.73999999999999844 ) ;
#2544 = EDGE_LOOP ( 'NONE', ( #150, #1875, #1517, #25 ) ) ;
#2545 = ORIENTED_EDGE ( 'NONE', *, *, #609, .F. ) ;
#2546 = ADVANCED_FACE ( 'NONE', ( #2519 ), #1565, .T. ) ;
#2547 = LOCAL_TIME ( 16, 2, 5.000000000000000000, #149 ) ;
#2548 = DIRECTION ( 'NONE',  ( 0.000000000000000000, 0.000000000000000000, -1.000000000000000000 ) ) ;
#2549 = DIRECTION ( 'NONE',  ( -1.000000000000000000, 0.000000000000000000, 0.000000000000000000 ) ) ;
#2550 = DIRECTION ( 'NONE',  ( -1.000000000000000000, 0.000000000000000000, 0.000000000000000000 ) ) ;
#2551 = FACE_OUTER_BOUND ( 'NONE', #504, .T. ) ;
#2552 = LINE ( 'NONE', #2302, #1477 ) ;
#2553 = ORIENTED_EDGE ( 'NONE', *, *, #161, .F. ) ;
#2554 = CC_DESIGN_DATE_AND_TIME_ASSIGNMENT ( #325, #1753, ( #573 ) ) ;
#2555 = DIRECTION ( 'NONE',  ( 1.000000000000000000, 0.000000000000000000, 0.000000000000000000 ) ) ;
#2556 = VERTEX_POINT ( 'NONE', #1097 ) ;
#2557 = CYLINDRICAL_SURFACE ( 'NONE', #604, 9.703749999999999432 ) ;
#2558 = CARTESIAN_POINT ( 'NONE',  ( 0.000000000000000000, -9.797174393178825657E-16, 2.317999999999997396 ) ) ;
#2559 = ADVANCED_FACE ( 'NONE', ( #1089 ), #863, .T. ) ;
#2560 = FACE_OUTER_BOUND ( 'NONE', #710, .T. ) ;
#2561 = CARTESIAN_POINT ( 'NONE',  ( 0.000000000000000000, -1.734723475976807094E-15, 2.460625000000002061 ) ) ;
#2562 = CLOSED_SHELL ( 'NONE', ( #1919, #1036 ) ) ;
#2563 = DIRECTION ( 'NONE',  ( -0.3090169943749449533, 0.9510565162951544194, 0.000000000000000000 ) ) ;
#2564 = AXIS2_PLACEMENT_3D ( 'NONE', #1819, #2617, #1342 ) ;
#2565 = ORIENTED_EDGE ( 'NONE', *, *, #1702, .T. ) ;
#2566 = AXIS2_PLACEMENT_3D ( 'NONE', #2502, #655, #1110 ) ;
#2567 = CARTESIAN_POINT ( 'NONE',  ( 9.664374999999999716, -5.511788850258368891E-16, -2.460625000000002061 ) ) ;
#2568 = ORIENTED_EDGE ( 'NONE', *, *, #199, .T. ) ;
#2569 = CIRCLE ( 'NONE', #1592, 9.703749999999999432 ) ;
#2570 = AXIS2_PLACEMENT_3D ( 'NONE', #1231, #809, #2023 ) ;
#2571 = ADVANCED_FACE ( 'NONE', ( #2345 ), #671, .F. ) ;
#2572 = DIRECTION ( 'NONE',  ( -1.000000000000000000, 1.224646799147354933E-16, 0.000000000000000000 ) ) ;
#2573 = CARTESIAN_POINT ( 'NONE',  ( 0.000000000000000000, -12.51249999999999929, -9.644093543285401792E-17 ) ) ;
#2574 = DIRECTION ( 'NONE',  ( 1.000000000000000000, 0.000000000000000000, 0.000000000000000000 ) ) ;
#2575 = PERSON_AND_ORGANIZATION_ROLE ( 'creator' ) ;
#2576 = DIRECTION ( 'NONE',  ( -0.000000000000000000, -0.000000000000000000, -1.000000000000000000 ) ) ;
#2577 = ADVANCED_FACE ( 'NONE', ( #1481 ), #2536, .T. ) ;
#2578 = DIRECTION ( 'NONE',  ( 0.000000000000000000, 0.000000000000000000, 1.000000000000000000 ) ) ;
#2579 = DIRECTION ( 'NONE',  ( -1.000000000000000000, 0.000000000000000000, 0.000000000000000000 ) ) ;
#2580 = AXIS2_PLACEMENT_3D ( 'NONE', #1185, #801, #2634 ) ;
#2581 = VERTEX_POINT ( 'NONE', #1314 ) ;
#2582 = AXIS2_PLACEMENT_3D ( 'NONE', #141, #1755, #1555 ) ;
#2583 = FACE_OUTER_BOUND ( 'NONE', #2218, .T. ) ;
#2584 = CIRCLE ( 'NONE', #2630, 1.574999999999998623 ) ;
#2585 = CC_DESIGN_PERSON_AND_ORGANIZATION_ASSIGNMENT ( #565, #928, ( #156 ) ) ;
#2586 = CARTESIAN_POINT ( 'NONE',  ( 9.624999999999998224, 1.990051048614446404E-16, -2.317999999999998728 ) ) ;
#2587 = CARTESIAN_POINT ( 'NONE',  ( 0.000000000000000000, 0.000000000000000000, 0.000000000000000000 ) ) ;
#2588 = ORIENTED_EDGE ( 'NONE', *, *, #1364, .F. ) ;
#2589 = CARTESIAN_POINT ( 'NONE',  ( 10.87758323059050092, 1.143280066989852184, 0.000000000000000000 ) ) ;
#2590 = DIRECTION ( 'NONE',  ( -1.000000000000000000, 0.000000000000000000, 0.000000000000000000 ) ) ;
#2591 = EDGE_CURVE ( 'NONE', #959, #432, #2584, .T. ) ;
#2592 = CARTESIAN_POINT ( 'NONE',  ( 0.000000000000000000, -9.797174393178825657E-16, -2.460625000000002061 ) ) ;
#2593 = CARTESIAN_POINT ( 'NONE',  ( 12.43199999999999861, -9.797174393178825657E-16, 2.500000000000000888 ) ) ;
#2594 = EDGE_CURVE ( 'NONE', #2014, #1080, #1656, .T. ) ;
#2595 = ORIENTED_EDGE ( 'NONE', *, *, #747, .T. ) ;
#2596 = ORIENTED_EDGE ( 'NONE', *, *, #674, .T. ) ;
#2597 = EDGE_LOOP ( 'NONE', ( #1601, #1346 ) ) ;
#2598 = VERTEX_POINT ( 'NONE', #1700 ) ;
#2599 = CARTESIAN_POINT ( 'NONE',  ( -12.24999999999999822, -9.797174393178825657E-16, 1.575000000000000400 ) ) ;
#2600 = PERSON_AND_ORGANIZATION ( #35, #533 ) ;
#2601 = CARTESIAN_POINT ( 'NONE',  ( 0.000000000000000000, -9.797174393178825657E-16, 2.317999999999997396 ) ) ;
#2602 = CARTESIAN_POINT ( 'NONE',  ( -12.73999999999999844, -9.797174393178825657E-16, 2.500000000000001332 ) ) ;
#2603 = CLOSED_SHELL ( 'NONE', ( #2321, #420 ) ) ;
#2604 = CARTESIAN_POINT ( 'NONE',  ( 9.703749999999999432, 2.086491984047302690E-16, -2.500000000000000000 ) ) ;
#2605 = AXIS2_PLACEMENT_3D ( 'NONE', #2283, #1448, #618 ) ;
#2606 = CARTESIAN_POINT ( 'NONE',  ( -12.17124999999999879, -9.797174393178825657E-16, 2.317999999999997396 ) ) ;
#2607 = VERTEX_POINT ( 'NONE', #1302 ) ;
#2608 = AXIS2_PLACEMENT_3D ( 'NONE', #1201, #2247, #726 ) ;
#2609 = ADVANCED_FACE ( 'NONE', ( #2130, #2102 ), #1741, .F. ) ;
#2610 = VERTEX_POINT ( 'NONE', #2309 ) ;
#2611 = AXIS2_PLACEMENT_3D ( 'NONE', #2147, #307, #1992 ) ;
#2612 = EDGE_LOOP ( 'NONE', ( #923, #931 ) ) ;
#2613 = AXIS2_PLACEMENT_3D ( 'NONE', #518, #677, #922 ) ;
#2614 = VECTOR ( 'NONE', #619, 1000.000000000000000 ) ;
#2615 = DIRECTION ( 'NONE',  ( -1.000000000000000000, 0.000000000000000000, 0.000000000000000000 ) ) ;
#2616 = APPROVAL_ROLE ( '' ) ;
#2617 = DIRECTION ( 'NONE',  ( -0.000000000000000000, -0.000000000000000000, -1.000000000000000000 ) ) ;
#2618 = CARTESIAN_POINT ( 'NONE',  ( -10.40218064697825007, -3.379873375975960048, 0.000000000000000000 ) ) ;
#2619 = CARTESIAN_POINT ( 'NONE',  ( -12.24999999999999822, -9.797174393178825657E-16, -2.500000000000000000 ) ) ;
#2620 = ADVANCED_FACE ( 'NONE', ( #285 ), #915, .T. ) ;
#2621 = DIRECTION ( 'NONE',  ( -0.000000000000000000, -0.000000000000000000, -1.000000000000000000 ) ) ;
#2622 = ORIENTED_EDGE ( 'NONE', *, *, #2230, .F. ) ;
#2623 = DIRECTION ( 'NONE',  ( -1.000000000000000000, 0.000000000000000000, 0.000000000000000000 ) ) ;
#2624 = TOROIDAL_SURFACE ( 'NONE', #104, 12.73999999999999844, 0.2600000000000000089 ) ;
#2625 = ORIENTED_EDGE ( 'NONE', *, *, #609, .T. ) ;
#2626 = CIRCLE ( 'NONE', #2407, 9.703749999999999432 ) ;
#2627 = SPHERICAL_SURFACE ( 'NONE', #2224, 1.574999999999999067 ) ;
#2628 = AXIS2_PLACEMENT_3D ( 'NONE', #2009, #964, #551 ) ;
#2629 = DIRECTION ( 'NONE',  ( -1.000000000000000000, 0.000000000000000000, 0.000000000000000000 ) ) ;
#2630 = AXIS2_PLACEMENT_3D ( 'NONE', #1712, #2300, #296 ) ;
#2631 = CARTESIAN_POINT ( 'NONE',  ( 0.000000000000000000, -1.734723475976807094E-15, 1.928818708657081591E-16 ) ) ;
#2632 = DIRECTION ( 'NONE',  ( 0.4999999999999919509, -0.8660254037844431485, 0.000000000000000000 ) ) ;
#2633 = DIRECTION ( 'NONE',  ( -0.000000000000000000, -0.000000000000000000, -1.000000000000000000 ) ) ;
#2634 = DIRECTION ( 'NONE',  ( -0.9510565162951545304, -0.3090169943749448977, 0.000000000000000000 ) ) ;
#2635 = ORIENTED_EDGE ( 'NONE', *, *, #522, .T. ) ;
#2636 = DIRECTION ( 'NONE',  ( -0.7071067811865541231, 8.659560562355014209E-17, 0.7071067811865408004 ) ) ;
#2637 = ORIENTED_EDGE ( 'NONE', *, *, #888, .T. ) ;
#2638 = EDGE_LOOP ( 'NONE', ( #1106, #1040 ) ) ;
#2639 = ORIENTED_EDGE ( 'NONE', *, *, #627, .T. ) ;
#2640 = CARTESIAN_POINT ( 'NONE',  ( 0.000000000000000000, -9.797174393178825657E-16, 2.317999999999997396 ) ) ;
#2641 = EDGE_CURVE ( 'NONE', #2581, #132, #751, .T. ) ;
#2642 = EDGE_CURVE ( 'NONE', #1071, #1044, #2455, .T. ) ;
#2643 = DIRECTION ( 'NONE',  ( -0.000000000000000000, 0.000000000000000000, -1.000000000000000000 ) ) ;
#2644 = CARTESIAN_POINT ( 'NONE',  ( 0.000000000000000000, -9.797174393178825657E-16, -2.500000000000000000 ) ) ;
#2645 = CARTESIAN_POINT ( 'NONE',  ( -9.624999999999998224, -9.797174393178825657E-16, -0.8706140074682938712 ) ) ;
#2646 = DIRECTION ( 'NONE',  ( -0.000000000000000000, -0.000000000000000000, -1.000000000000000000 ) ) ;
#2647 = CLOSED_SHELL ( 'NONE', ( #1421, #829 ) ) ;
#2648 = ORIENTED_EDGE ( 'NONE', *, *, #522, .F. ) ;
#2649 = FACE_OUTER_BOUND ( 'NONE', #820, .T. ) ;
#2650 = CIRCLE ( 'NONE', #1496, 12.43200000000000038 ) ;
#2651 = ORIENTED_EDGE ( 'NONE', *, *, #1249, .F. ) ;
#2652 = AXIS2_PLACEMENT_3D ( 'NONE', #310, #57, #298 ) ;
#2653 = VERTEX_POINT ( 'NONE', #55 ) ;
#2654 = EDGE_LOOP ( 'NONE', ( #1928, #1667, #1240, #1730 ) ) ;
#2655 = AXIS2_PLACEMENT_3D ( 'NONE', #2136, #2148, #2549 ) ;
#2656 = EDGE_CURVE ( 'NONE', #1215, #1071, #661, .T. ) ;
#2657 = SHAPE_DEFINITION_REPRESENTATION ( #1117, #1834 ) ;
ENDSEC;
END-ISO-10303-21;
